#
# A fatal error has been detected by the Java Runtime Environment:
#
#  SIGSEGV (0xb) at pc=0x0000000159a45530, pid=55832, tid=6147
#
# JRE version: OpenJDK Runtime Environment Corretto-17.0.13.11.1 (17.0.13+11) (build 17.0.13+11-LTS)
# Java VM: OpenJDK 64-Bit Server VM Corretto-17.0.13.11.1 (17.0.13+11-LTS, mixed mode, sharing, tiered, compressed oops, compressed class ptrs, g1 gc, bsd-aarch64)
# Problematic frame:
# C  [librocksdbjni9413210769578954114.jnilib+0x13d530]  rocksdb::DBImpl::DropColumnFamilyImpl(rocksdb::ColumnFamilyHandle*)+0xb0
#
# No core dump will be written. Core dumps have been disabled. To enable core dumping, try "ulimit -c unlimited" before starting Java again
#
# If you would like to submit a bug report, please visit:
#   https://github.com/corretto/corretto-17/issues/
# The crash happened outside the Java Virtual Machine in native code.
# See problematic frame for where to report the bug.
#

---------------  S U M M A R Y ------------

Command Line: -ea -Didea.test.cyclic.buffer.size=1048576 -javaagent:/Applications/IntelliJ IDEA.app/Contents/lib/idea_rt.jar=62736:/Applications/IntelliJ IDEA.app/Contents/bin -Dfile.encoding=UTF-8 com.intellij.rt.junit.JUnitStarter -ideVersion5 -junit5 org.apache.kafka.streams.state.internals.RocksDBTimestampedStoreWithHeadersTest,shouldMigrateFromTimestampedToHeadersAwareColumnFamily

Host: "Mac15,7" arm64, 12 cores, 36G, Darwin 24.6.0, macOS 15.7.3 (24G419)
Time: Thu Feb 12 21:32:06 2026 CET elapsed time: 1.590140 seconds (0d 0h 0m 1s)

---------------  T H R E A D  ---------------

Current thread (0x0000000132008e00):  JavaThread "main" [_thread_in_native, id=6147, stack(0x000000016d68c000,0x000000016d88f000)]

Stack: [0x000000016d68c000,0x000000016d88f000],  sp=0x000000016d88ad50,  free space=2043k
Native frames: (J=compiled Java code, j=interpreted, Vv=VM code, C=native code)
C  [librocksdbjni9413210769578954114.jnilib+0x13d530]  rocksdb::DBImpl::DropColumnFamilyImpl(rocksdb::ColumnFamilyHandle*)+0xb0
C  [librocksdbjni9413210769578954114.jnilib+0x13d3ac]  rocksdb::DBImpl::DropColumnFamily(rocksdb::ColumnFamilyHandle*)+0x3c
C  [librocksdbjni9413210769578954114.jnilib+0x21580]  Java_org_rocksdb_RocksDB_dropColumnFamily+0x2c
j  org.rocksdb.RocksDB.dropColumnFamily(JJ)V+0
j  org.rocksdb.RocksDB.dropColumnFamily(Lorg/rocksdb/ColumnFamilyHandle;)V+8
j  org.apache.kafka.streams.state.internals.RocksDBTimestampedStoreWithHeaders.openInUpgradeMode(Lorg/rocksdb/DBOptions;Lorg/rocksdb/ColumnFamilyOptions;)V+188
j  org.apache.kafka.streams.state.internals.RocksDBTimestampedStoreWithHeaders.openRocksDB(Lorg/rocksdb/DBOptions;Lorg/rocksdb/ColumnFamilyOptions;)V+110
j  org.apache.kafka.streams.state.internals.RocksDBStore.openDB(Ljava/util/Map;Ljava/io/File;)V+379
j  org.apache.kafka.streams.state.internals.RocksDBStore.init(Lorg/apache/kafka/streams/processor/StateStoreContext;Lorg/apache/kafka/streams/processor/StateStore;)V+30
j  org.apache.kafka.streams.state.internals.RocksDBTimestampedStoreWithHeadersTest.verifyInHeadersAwareMode()V+18
j  org.apache.kafka.streams.state.internals.RocksDBTimestampedStoreWithHeadersTest.verifyOldAndNewColumnFamily()V+96
j  org.apache.kafka.streams.state.internals.RocksDBTimestampedStoreWithHeadersTest.shouldMigrateFromTimestampedToHeadersAwareColumnFamily()V+533
v  ~StubRoutines::call_stub
V  [libjvm.dylib+0x48f108]  JavaCalls::call_helper(JavaValue*, methodHandle const&, JavaCallArguments*, JavaThread*)+0x38c
V  [libjvm.dylib+0x870260]  invoke(InstanceKlass*, methodHandle const&, Handle, bool, objArrayHandle, BasicType, objArrayHandle, bool, JavaThread*)+0x91c
V  [libjvm.dylib+0x86f8e4]  Reflection::invoke_method(oopDesc*, Handle, objArrayHandle, JavaThread*)+0x160
V  [libjvm.dylib+0x54d480]  JVM_InvokeMethod+0x31c
j  jdk.internal.reflect.NativeMethodAccessorImpl.invoke0(Ljava/lang/reflect/Method;Ljava/lang/Object;[Ljava/lang/Object;)Ljava/lang/Object;+0 java.base@17.0.13
j  jdk.internal.reflect.NativeMethodAccessorImpl.invoke(Ljava/lang/Object;[Ljava/lang/Object;)Ljava/lang/Object;+133 java.base@17.0.13
j  jdk.internal.reflect.DelegatingMethodAccessorImpl.invoke(Ljava/lang/Object;[Ljava/lang/Object;)Ljava/lang/Object;+6 java.base@17.0.13
j  java.lang.reflect.Method.invoke(Ljava/lang/Object;[Ljava/lang/Object;)Ljava/lang/Object;+59 java.base@17.0.13
j  org.junit.platform.commons.util.ReflectionUtils.invokeMethod(Ljava/lang/reflect/Method;Ljava/lang/Object;[Ljava/lang/Object;)Ljava/lang/Object;+42
j  org.junit.platform.commons.support.ReflectionSupport.invokeMethod(Ljava/lang/reflect/Method;Ljava/lang/Object;[Ljava/lang/Object;)Ljava/lang/Object;+3
j  org.junit.jupiter.engine.execution.MethodInvocation.proceed()Ljava/lang/Object;+16
j  org.junit.jupiter.engine.execution.InvocationInterceptorChain$ValidatingInvocation.proceed()Ljava/lang/Object;+8
j  org.junit.jupiter.engine.extension.TimeoutExtension.intercept(Lorg/junit/jupiter/api/extension/InvocationInterceptor$Invocation;Lorg/junit/jupiter/api/extension/ReflectiveInvocationContext;Lorg/junit/jupiter/api/extension/ExtensionContext;Lorg/junit/jupiter/engine/extension/TimeoutDuration;Lorg/junit/jupiter/engine/extension/TimeoutExtension$TimeoutProvider;)Ljava/lang/Object;+28
j  org.junit.jupiter.engine.extension.TimeoutExtension.interceptTestableMethod(Lorg/junit/jupiter/api/extension/InvocationInterceptor$Invocation;Lorg/junit/jupiter/api/extension/ReflectiveInvocationContext;Lorg/junit/jupiter/api/extension/ExtensionContext;Lorg/junit/jupiter/engine/extension/TimeoutExtension$TimeoutProvider;)Ljava/lang/Object;+31
j  org.junit.jupiter.engine.extension.TimeoutExtension.interceptTestMethod(Lorg/junit/jupiter/api/extension/InvocationInterceptor$Invocation;Lorg/junit/jupiter/api/extension/ReflectiveInvocationContext;Lorg/junit/jupiter/api/extension/ExtensionContext;)V+9
j  org.junit.jupiter.engine.descriptor.TestMethodTestDescriptor$$Lambda$371+0x00000070011cca70.apply(Lorg/junit/jupiter/api/extension/InvocationInterceptor;Lorg/junit/jupiter/api/extension/InvocationInterceptor$Invocation;Lorg/junit/jupiter/api/extension/ReflectiveInvocationContext;Lorg/junit/jupiter/api/extension/ExtensionContext;)V+5
j  org.junit.jupiter.engine.execution.InterceptingExecutableInvoker$ReflectiveInterceptorCall.lambda$ofVoidMethod$0(Lorg/junit/jupiter/engine/execution/InterceptingExecutableInvoker$ReflectiveInterceptorCall$VoidMethodInterceptorCall;Lorg/junit/jupiter/api/extension/InvocationInterceptor;Lorg/junit/jupiter/api/extension/InvocationInterceptor$Invocation;Lorg/junit/jupiter/api/extension/ReflectiveInvocationContext;Lorg/junit/jupiter/api/extension/ExtensionContext;)Ljava/lang/Void;+6
j  org.junit.jupiter.engine.execution.InterceptingExecutableInvoker$ReflectiveInterceptorCall$$Lambda$372+0x00000070011cce90.apply(Lorg/junit/jupiter/api/extension/InvocationInterceptor;Lorg/junit/jupiter/api/extension/InvocationInterceptor$Invocation;Lorg/junit/jupiter/api/extension/ReflectiveInvocationContext;Lorg/junit/jupiter/api/extension/ExtensionContext;)Ljava/lang/Object;+9
j  org.junit.jupiter.engine.execution.InterceptingExecutableInvoker.lambda$invoke$0(Lorg/junit/jupiter/engine/execution/InterceptingExecutableInvoker$ReflectiveInterceptorCall;Lorg/junit/jupiter/api/extension/ReflectiveInvocationContext;Lorg/junit/jupiter/api/extension/ExtensionContext;Lorg/junit/jupiter/api/extension/InvocationInterceptor;Lorg/junit/jupiter/api/extension/InvocationInterceptor$Invocation;)Ljava/lang/Object;+6
j  org.junit.jupiter.engine.execution.InterceptingExecutableInvoker$$Lambda$631+0x000000700131ed40.apply(Lorg/junit/jupiter/api/extension/InvocationInterceptor;Lorg/junit/jupiter/api/extension/InvocationInterceptor$Invocation;)Ljava/lang/Object;+14
j  org.junit.jupiter.engine.execution.InvocationInterceptorChain$InterceptedInvocation.proceed()Ljava/lang/Object;+12
j  org.junit.jupiter.engine.execution.InvocationInterceptorChain.proceed(Lorg/junit/jupiter/api/extension/InvocationInterceptor$Invocation;)Ljava/lang/Object;+1
j  org.junit.jupiter.engine.execution.InvocationInterceptorChain.chainAndInvoke(Lorg/junit/jupiter/api/extension/InvocationInterceptor$Invocation;Lorg/junit/jupiter/engine/execution/InvocationInterceptorChain$InterceptorCall;Ljava/util/List;)Ljava/lang/Object;+24
j  org.junit.jupiter.engine.execution.InvocationInterceptorChain.invoke(Lorg/junit/jupiter/api/extension/InvocationInterceptor$Invocation;Lorg/junit/jupiter/engine/extension/ExtensionRegistry;Lorg/junit/jupiter/engine/execution/InvocationInterceptorChain$InterceptorCall;)Ljava/lang/Object;+31
j  org.junit.jupiter.engine.execution.InterceptingExecutableInvoker.invoke(Lorg/junit/jupiter/api/extension/InvocationInterceptor$Invocation;Lorg/junit/jupiter/api/extension/ReflectiveInvocationContext;Lorg/junit/jupiter/api/extension/ExtensionContext;Lorg/junit/jupiter/engine/extension/ExtensionRegistry;Lorg/junit/jupiter/engine/execution/InterceptingExecutableInvoker$ReflectiveInterceptorCall;)Ljava/lang/Object;+15
j  org.junit.jupiter.engine.execution.InterceptingExecutableInvoker.invoke(Ljava/lang/reflect/Method;Ljava/lang/Object;Lorg/junit/jupiter/api/extension/ExtensionContext;Lorg/junit/jupiter/engine/extension/ExtensionRegistry;Lorg/junit/jupiter/engine/execution/InterceptingExecutableInvoker$ReflectiveInterceptorCall;)Ljava/lang/Object;+55
j  org.junit.jupiter.engine.descriptor.TestMethodTestDescriptor.lambda$invokeTestMethod$4(Lorg/junit/jupiter/api/extension/ExtensionContext;Lorg/junit/jupiter/engine/execution/JupiterEngineExecutionContext;)V+28
j  org.junit.jupiter.engine.descriptor.TestMethodTestDescriptor$$Lambda$700+0x00000070013a2240.execute()V+12
j  org.junit.platform.engine.support.hierarchical.ThrowableCollector.execute(Lorg/junit/platform/engine/support/hierarchical/ThrowableCollector$Executable;)V+1
j  org.junit.jupiter.engine.descriptor.TestMethodTestDescriptor.invokeTestMethod(Lorg/junit/jupiter/engine/execution/JupiterEngineExecutionContext;Lorg/junit/platform/engine/support/hierarchical/Node$DynamicTestExecutor;)V+21
j  org.junit.jupiter.engine.descriptor.TestMethodTestDescriptor.execute(Lorg/junit/jupiter/engine/execution/JupiterEngineExecutionContext;Lorg/junit/platform/engine/support/hierarchical/Node$DynamicTestExecutor;)Lorg/junit/jupiter/engine/execution/JupiterEngineExecutionContext;+44
j  org.junit.jupiter.engine.descriptor.TestMethodTestDescriptor.execute(Lorg/junit/platform/engine/support/hierarchical/EngineExecutionContext;Lorg/junit/platform/engine/support/hierarchical/Node$DynamicTestExecutor;)Lorg/junit/platform/engine/support/hierarchical/EngineExecutionContext;+6
j  org.junit.platform.engine.support.hierarchical.NodeTestTask.lambda$executeRecursively$6()V+79
j  org.junit.platform.engine.support.hierarchical.NodeTestTask$$Lambda$525+0x00000070011efba0.execute()V+4
j  org.junit.platform.engine.support.hierarchical.ThrowableCollector.execute(Lorg/junit/platform/engine/support/hierarchical/ThrowableCollector$Executable;)V+1
j  org.junit.platform.engine.support.hierarchical.NodeTestTask.lambda$executeRecursively$8(Lorg/junit/platform/engine/support/hierarchical/EngineExecutionContext;)V+15
j  org.junit.platform.engine.support.hierarchical.NodeTestTask$$Lambda$524+0x00000070011ef978.invoke(Lorg/junit/platform/engine/support/hierarchical/EngineExecutionContext;)V+5
j  org.junit.platform.engine.support.hierarchical.Node.around(Lorg/junit/platform/engine/support/hierarchical/EngineExecutionContext;Lorg/junit/platform/engine/support/hierarchical/Node$Invocation;)V+2
j  org.junit.platform.engine.support.hierarchical.NodeTestTask.lambda$executeRecursively$9()V+14
j  org.junit.platform.engine.support.hierarchical.NodeTestTask$$Lambda$523+0x00000070011ef550.execute()V+4
j  org.junit.platform.engine.support.hierarchical.ThrowableCollector.execute(Lorg/junit/platform/engine/support/hierarchical/ThrowableCollector$Executable;)V+1
j  org.junit.platform.engine.support.hierarchical.NodeTestTask.executeRecursively()V+31
j  org.junit.platform.engine.support.hierarchical.NodeTestTask.execute()V+55
j  org.junit.platform.engine.support.hierarchical.SameThreadHierarchicalTestExecutorService$$Lambda$529+0x00000070011f06d0.accept(Ljava/lang/Object;)V+4
j  java.util.ArrayList.forEach(Ljava/util/function/Consumer;)V+46 java.base@17.0.13
j  org.junit.platform.engine.support.hierarchical.SameThreadHierarchicalTestExecutorService.invokeAll(Ljava/util/List;)V+6
j  org.junit.platform.engine.support.hierarchical.NodeTestTask.lambda$executeRecursively$6()V+116
j  org.junit.platform.engine.support.hierarchical.NodeTestTask$$Lambda$525+0x00000070011efba0.execute()V+4
j  org.junit.platform.engine.support.hierarchical.ThrowableCollector.execute(Lorg/junit/platform/engine/support/hierarchical/ThrowableCollector$Executable;)V+1
j  org.junit.platform.engine.support.hierarchical.NodeTestTask.lambda$executeRecursively$8(Lorg/junit/platform/engine/support/hierarchical/EngineExecutionContext;)V+15
j  org.junit.platform.engine.support.hierarchical.NodeTestTask$$Lambda$524+0x00000070011ef978.invoke(Lorg/junit/platform/engine/support/hierarchical/EngineExecutionContext;)V+5
j  org.junit.platform.engine.support.hierarchical.Node.around(Lorg/junit/platform/engine/support/hierarchical/EngineExecutionContext;Lorg/junit/platform/engine/support/hierarchical/Node$Invocation;)V+2
j  org.junit.platform.engine.support.hierarchical.NodeTestTask.lambda$executeRecursively$9()V+14
j  org.junit.platform.engine.support.hierarchical.NodeTestTask$$Lambda$523+0x00000070011ef550.execute()V+4
j  org.junit.platform.engine.support.hierarchical.ThrowableCollector.execute(Lorg/junit/platform/engine/support/hierarchical/ThrowableCollector$Executable;)V+1
j  org.junit.platform.engine.support.hierarchical.NodeTestTask.executeRecursively()V+31
j  org.junit.platform.engine.support.hierarchical.NodeTestTask.execute()V+55
j  org.junit.platform.engine.support.hierarchical.SameThreadHierarchicalTestExecutorService$$Lambda$529+0x00000070011f06d0.accept(Ljava/lang/Object;)V+4
j  java.util.ArrayList.forEach(Ljava/util/function/Consumer;)V+46 java.base@17.0.13
j  org.junit.platform.engine.support.hierarchical.SameThreadHierarchicalTestExecutorService.invokeAll(Ljava/util/List;)V+6
j  org.junit.platform.engine.support.hierarchical.NodeTestTask.lambda$executeRecursively$6()V+116
j  org.junit.platform.engine.support.hierarchical.NodeTestTask$$Lambda$525+0x00000070011efba0.execute()V+4
j  org.junit.platform.engine.support.hierarchical.ThrowableCollector.execute(Lorg/junit/platform/engine/support/hierarchical/ThrowableCollector$Executable;)V+1
j  org.junit.platform.engine.support.hierarchical.NodeTestTask.lambda$executeRecursively$8(Lorg/junit/platform/engine/support/hierarchical/EngineExecutionContext;)V+15
j  org.junit.platform.engine.support.hierarchical.NodeTestTask$$Lambda$524+0x00000070011ef978.invoke(Lorg/junit/platform/engine/support/hierarchical/EngineExecutionContext;)V+5
j  org.junit.platform.engine.support.hierarchical.Node.around(Lorg/junit/platform/engine/support/hierarchical/EngineExecutionContext;Lorg/junit/platform/engine/support/hierarchical/Node$Invocation;)V+2
j  org.junit.platform.engine.support.hierarchical.NodeTestTask.lambda$executeRecursively$9()V+14
j  org.junit.platform.engine.support.hierarchical.NodeTestTask$$Lambda$523+0x00000070011ef550.execute()V+4
j  org.junit.platform.engine.support.hierarchical.ThrowableCollector.execute(Lorg/junit/platform/engine/support/hierarchical/ThrowableCollector$Executable;)V+1
j  org.junit.platform.engine.support.hierarchical.NodeTestTask.executeRecursively()V+31
j  org.junit.platform.engine.support.hierarchical.NodeTestTask.execute()V+55
j  org.junit.platform.engine.support.hierarchical.SameThreadHierarchicalTestExecutorService.submit(Lorg/junit/platform/engine/support/hierarchical/HierarchicalTestExecutorService$TestTask;)Ljava/util/concurrent/Future;+1
j  org.junit.platform.engine.support.hierarchical.HierarchicalTestExecutor.execute()Ljava/util/concurrent/Future;+74
j  org.junit.platform.engine.support.hierarchical.HierarchicalTestEngine.execute(Lorg/junit/platform/engine/ExecutionRequest;)V+31
j  org.junit.platform.launcher.core.EngineExecutionOrchestrator.executeEngine(Lorg/junit/platform/engine/TestDescriptor;Lorg/junit/platform/engine/EngineExecutionListener;Lorg/junit/platform/engine/ConfigurationParameters;Lorg/junit/platform/engine/TestEngine;Lorg/junit/platform/engine/reporting/OutputDirectoryProvider;Lorg/junit/platform/launcher/core/DiscoveryIssueNotifier;Lorg/junit/platform/engine/support/store/NamespacedHierarchicalStore;)V+24
j  org.junit.platform.launcher.core.EngineExecutionOrchestrator.failOrExecuteEngine(Lorg/junit/platform/launcher/core/LauncherDiscoveryResult;Lorg/junit/platform/engine/EngineExecutionListener;Lorg/junit/platform/engine/TestEngine;Lorg/junit/platform/engine/support/store/NamespacedHierarchicalStore;)V+124
j  org.junit.platform.launcher.core.EngineExecutionOrchestrator.execute(Lorg/junit/platform/launcher/core/LauncherDiscoveryResult;Lorg/junit/platform/engine/EngineExecutionListener;Lorg/junit/platform/engine/support/store/NamespacedHierarchicalStore;)V+68
j  org.junit.platform.launcher.core.EngineExecutionOrchestrator.execute(Lorg/junit/platform/launcher/core/InternalTestPlan;Lorg/junit/platform/engine/EngineExecutionListener;Lorg/junit/platform/launcher/TestExecutionListener;Lorg/junit/platform/engine/support/store/NamespacedHierarchicalStore;)V+57
j  org.junit.platform.launcher.core.EngineExecutionOrchestrator.lambda$execute$0(Lorg/junit/platform/launcher/core/InternalTestPlan;Lorg/junit/platform/engine/support/store/NamespacedHierarchicalStore;Lorg/junit/platform/launcher/TestExecutionListener;)V+7
j  org.junit.platform.launcher.core.EngineExecutionOrchestrator$$Lambda$439+0x00000070011d7430.accept(Ljava/lang/Object;)V+16
j  org.junit.platform.launcher.core.EngineExecutionOrchestrator.withInterceptedStreams(Lorg/junit/platform/engine/ConfigurationParameters;Lorg/junit/platform/launcher/core/ListenerRegistry;Ljava/util/function/Consumer;)V+51
j  org.junit.platform.launcher.core.EngineExecutionOrchestrator.execute(Lorg/junit/platform/launcher/core/InternalTestPlan;Lorg/junit/platform/engine/support/store/NamespacedHierarchicalStore;[Lorg/junit/platform/launcher/TestExecutionListener;)V+26
j  org.junit.platform.launcher.core.DefaultLauncher.execute(Lorg/junit/platform/launcher/core/InternalTestPlan;[Lorg/junit/platform/launcher/TestExecutionListener;)V+12
j  org.junit.platform.launcher.core.DefaultLauncher.execute(Lorg/junit/platform/launcher/LauncherDiscoveryRequest;[Lorg/junit/platform/launcher/TestExecutionListener;)V+34
j  org.junit.platform.launcher.core.DelegatingLauncher.execute(Lorg/junit/platform/launcher/LauncherDiscoveryRequest;[Lorg/junit/platform/launcher/TestExecutionListener;)V+6
j  org.junit.platform.launcher.core.InterceptingLauncher.lambda$execute$1(Lorg/junit/platform/launcher/LauncherDiscoveryRequest;[Lorg/junit/platform/launcher/TestExecutionListener;)Ljava/lang/Object;+3
j  org.junit.platform.launcher.core.InterceptingLauncher$$Lambda$201+0x000000700118f5f8.proceed()Ljava/lang/Object;+12
...<more frames>...

Java frames: (J=compiled Java code, j=interpreted, Vv=VM code)
j  org.rocksdb.RocksDB.dropColumnFamily(JJ)V+0
j  org.rocksdb.RocksDB.dropColumnFamily(Lorg/rocksdb/ColumnFamilyHandle;)V+8
j  org.apache.kafka.streams.state.internals.RocksDBTimestampedStoreWithHeaders.openInUpgradeMode(Lorg/rocksdb/DBOptions;Lorg/rocksdb/ColumnFamilyOptions;)V+188
j  org.apache.kafka.streams.state.internals.RocksDBTimestampedStoreWithHeaders.openRocksDB(Lorg/rocksdb/DBOptions;Lorg/rocksdb/ColumnFamilyOptions;)V+110
j  org.apache.kafka.streams.state.internals.RocksDBStore.openDB(Ljava/util/Map;Ljava/io/File;)V+379
j  org.apache.kafka.streams.state.internals.RocksDBStore.init(Lorg/apache/kafka/streams/processor/StateStoreContext;Lorg/apache/kafka/streams/processor/StateStore;)V+30
j  org.apache.kafka.streams.state.internals.RocksDBTimestampedStoreWithHeadersTest.verifyInHeadersAwareMode()V+18
j  org.apache.kafka.streams.state.internals.RocksDBTimestampedStoreWithHeadersTest.verifyOldAndNewColumnFamily()V+96
j  org.apache.kafka.streams.state.internals.RocksDBTimestampedStoreWithHeadersTest.shouldMigrateFromTimestampedToHeadersAwareColumnFamily()V+533
v  ~StubRoutines::call_stub
j  jdk.internal.reflect.NativeMethodAccessorImpl.invoke0(Ljava/lang/reflect/Method;Ljava/lang/Object;[Ljava/lang/Object;)Ljava/lang/Object;+0 java.base@17.0.13
j  jdk.internal.reflect.NativeMethodAccessorImpl.invoke(Ljava/lang/Object;[Ljava/lang/Object;)Ljava/lang/Object;+133 java.base@17.0.13
j  jdk.internal.reflect.DelegatingMethodAccessorImpl.invoke(Ljava/lang/Object;[Ljava/lang/Object;)Ljava/lang/Object;+6 java.base@17.0.13
j  java.lang.reflect.Method.invoke(Ljava/lang/Object;[Ljava/lang/Object;)Ljava/lang/Object;+59 java.base@17.0.13
j  org.junit.platform.commons.util.ReflectionUtils.invokeMethod(Ljava/lang/reflect/Method;Ljava/lang/Object;[Ljava/lang/Object;)Ljava/lang/Object;+42
j  org.junit.platform.commons.support.ReflectionSupport.invokeMethod(Ljava/lang/reflect/Method;Ljava/lang/Object;[Ljava/lang/Object;)Ljava/lang/Object;+3
j  org.junit.jupiter.engine.execution.MethodInvocation.proceed()Ljava/lang/Object;+16
j  org.junit.jupiter.engine.execution.InvocationInterceptorChain$ValidatingInvocation.proceed()Ljava/lang/Object;+8
j  org.junit.jupiter.engine.extension.TimeoutExtension.intercept(Lorg/junit/jupiter/api/extension/InvocationInterceptor$Invocation;Lorg/junit/jupiter/api/extension/ReflectiveInvocationContext;Lorg/junit/jupiter/api/extension/ExtensionContext;Lorg/junit/jupiter/engine/extension/TimeoutDuration;Lorg/junit/jupiter/engine/extension/TimeoutExtension$TimeoutProvider;)Ljava/lang/Object;+28
j  org.junit.jupiter.engine.extension.TimeoutExtension.interceptTestableMethod(Lorg/junit/jupiter/api/extension/InvocationInterceptor$Invocation;Lorg/junit/jupiter/api/extension/ReflectiveInvocationContext;Lorg/junit/jupiter/api/extension/ExtensionContext;Lorg/junit/jupiter/engine/extension/TimeoutExtension$TimeoutProvider;)Ljava/lang/Object;+31
j  org.junit.jupiter.engine.extension.TimeoutExtension.interceptTestMethod(Lorg/junit/jupiter/api/extension/InvocationInterceptor$Invocation;Lorg/junit/jupiter/api/extension/ReflectiveInvocationContext;Lorg/junit/jupiter/api/extension/ExtensionContext;)V+9
j  org.junit.jupiter.engine.descriptor.TestMethodTestDescriptor$$Lambda$371+0x00000070011cca70.apply(Lorg/junit/jupiter/api/extension/InvocationInterceptor;Lorg/junit/jupiter/api/extension/InvocationInterceptor$Invocation;Lorg/junit/jupiter/api/extension/ReflectiveInvocationContext;Lorg/junit/jupiter/api/extension/ExtensionContext;)V+5
j  org.junit.jupiter.engine.execution.InterceptingExecutableInvoker$ReflectiveInterceptorCall.lambda$ofVoidMethod$0(Lorg/junit/jupiter/engine/execution/InterceptingExecutableInvoker$ReflectiveInterceptorCall$VoidMethodInterceptorCall;Lorg/junit/jupiter/api/extension/InvocationInterceptor;Lorg/junit/jupiter/api/extension/InvocationInterceptor$Invocation;Lorg/junit/jupiter/api/extension/ReflectiveInvocationContext;Lorg/junit/jupiter/api/extension/ExtensionContext;)Ljava/lang/Void;+6
j  org.junit.jupiter.engine.execution.InterceptingExecutableInvoker$ReflectiveInterceptorCall$$Lambda$372+0x00000070011cce90.apply(Lorg/junit/jupiter/api/extension/InvocationInterceptor;Lorg/junit/jupiter/api/extension/InvocationInterceptor$Invocation;Lorg/junit/jupiter/api/extension/ReflectiveInvocationContext;Lorg/junit/jupiter/api/extension/ExtensionContext;)Ljava/lang/Object;+9
j  org.junit.jupiter.engine.execution.InterceptingExecutableInvoker.lambda$invoke$0(Lorg/junit/jupiter/engine/execution/InterceptingExecutableInvoker$ReflectiveInterceptorCall;Lorg/junit/jupiter/api/extension/ReflectiveInvocationContext;Lorg/junit/jupiter/api/extension/ExtensionContext;Lorg/junit/jupiter/api/extension/InvocationInterceptor;Lorg/junit/jupiter/api/extension/InvocationInterceptor$Invocation;)Ljava/lang/Object;+6
j  org.junit.jupiter.engine.execution.InterceptingExecutableInvoker$$Lambda$631+0x000000700131ed40.apply(Lorg/junit/jupiter/api/extension/InvocationInterceptor;Lorg/junit/jupiter/api/extension/InvocationInterceptor$Invocation;)Ljava/lang/Object;+14
j  org.junit.jupiter.engine.execution.InvocationInterceptorChain$InterceptedInvocation.proceed()Ljava/lang/Object;+12
j  org.junit.jupiter.engine.execution.InvocationInterceptorChain.proceed(Lorg/junit/jupiter/api/extension/InvocationInterceptor$Invocation;)Ljava/lang/Object;+1
j  org.junit.jupiter.engine.execution.InvocationInterceptorChain.chainAndInvoke(Lorg/junit/jupiter/api/extension/InvocationInterceptor$Invocation;Lorg/junit/jupiter/engine/execution/InvocationInterceptorChain$InterceptorCall;Ljava/util/List;)Ljava/lang/Object;+24
j  org.junit.jupiter.engine.execution.InvocationInterceptorChain.invoke(Lorg/junit/jupiter/api/extension/InvocationInterceptor$Invocation;Lorg/junit/jupiter/engine/extension/ExtensionRegistry;Lorg/junit/jupiter/engine/execution/InvocationInterceptorChain$InterceptorCall;)Ljava/lang/Object;+31
j  org.junit.jupiter.engine.execution.InterceptingExecutableInvoker.invoke(Lorg/junit/jupiter/api/extension/InvocationInterceptor$Invocation;Lorg/junit/jupiter/api/extension/ReflectiveInvocationContext;Lorg/junit/jupiter/api/extension/ExtensionContext;Lorg/junit/jupiter/engine/extension/ExtensionRegistry;Lorg/junit/jupiter/engine/execution/InterceptingExecutableInvoker$ReflectiveInterceptorCall;)Ljava/lang/Object;+15
j  org.junit.jupiter.engine.execution.InterceptingExecutableInvoker.invoke(Ljava/lang/reflect/Method;Ljava/lang/Object;Lorg/junit/jupiter/api/extension/ExtensionContext;Lorg/junit/jupiter/engine/extension/ExtensionRegistry;Lorg/junit/jupiter/engine/execution/InterceptingExecutableInvoker$ReflectiveInterceptorCall;)Ljava/lang/Object;+55
j  org.junit.jupiter.engine.descriptor.TestMethodTestDescriptor.lambda$invokeTestMethod$4(Lorg/junit/jupiter/api/extension/ExtensionContext;Lorg/junit/jupiter/engine/execution/JupiterEngineExecutionContext;)V+28
j  org.junit.jupiter.engine.descriptor.TestMethodTestDescriptor$$Lambda$700+0x00000070013a2240.execute()V+12
j  org.junit.platform.engine.support.hierarchical.ThrowableCollector.execute(Lorg/junit/platform/engine/support/hierarchical/ThrowableCollector$Executable;)V+1
j  org.junit.jupiter.engine.descriptor.TestMethodTestDescriptor.invokeTestMethod(Lorg/junit/jupiter/engine/execution/JupiterEngineExecutionContext;Lorg/junit/platform/engine/support/hierarchical/Node$DynamicTestExecutor;)V+21
j  org.junit.jupiter.engine.descriptor.TestMethodTestDescriptor.execute(Lorg/junit/jupiter/engine/execution/JupiterEngineExecutionContext;Lorg/junit/platform/engine/support/hierarchical/Node$DynamicTestExecutor;)Lorg/junit/jupiter/engine/execution/JupiterEngineExecutionContext;+44
j  org.junit.jupiter.engine.descriptor.TestMethodTestDescriptor.execute(Lorg/junit/platform/engine/support/hierarchical/EngineExecutionContext;Lorg/junit/platform/engine/support/hierarchical/Node$DynamicTestExecutor;)Lorg/junit/platform/engine/support/hierarchical/EngineExecutionContext;+6
j  org.junit.platform.engine.support.hierarchical.NodeTestTask.lambda$executeRecursively$6()V+79
j  org.junit.platform.engine.support.hierarchical.NodeTestTask$$Lambda$525+0x00000070011efba0.execute()V+4
j  org.junit.platform.engine.support.hierarchical.ThrowableCollector.execute(Lorg/junit/platform/engine/support/hierarchical/ThrowableCollector$Executable;)V+1
j  org.junit.platform.engine.support.hierarchical.NodeTestTask.lambda$executeRecursively$8(Lorg/junit/platform/engine/support/hierarchical/EngineExecutionContext;)V+15
j  org.junit.platform.engine.support.hierarchical.NodeTestTask$$Lambda$524+0x00000070011ef978.invoke(Lorg/junit/platform/engine/support/hierarchical/EngineExecutionContext;)V+5
j  org.junit.platform.engine.support.hierarchical.Node.around(Lorg/junit/platform/engine/support/hierarchical/EngineExecutionContext;Lorg/junit/platform/engine/support/hierarchical/Node$Invocation;)V+2
j  org.junit.platform.engine.support.hierarchical.NodeTestTask.lambda$executeRecursively$9()V+14
j  org.junit.platform.engine.support.hierarchical.NodeTestTask$$Lambda$523+0x00000070011ef550.execute()V+4
j  org.junit.platform.engine.support.hierarchical.ThrowableCollector.execute(Lorg/junit/platform/engine/support/hierarchical/ThrowableCollector$Executable;)V+1
j  org.junit.platform.engine.support.hierarchical.NodeTestTask.executeRecursively()V+31
j  org.junit.platform.engine.support.hierarchical.NodeTestTask.execute()V+55
j  org.junit.platform.engine.support.hierarchical.SameThreadHierarchicalTestExecutorService$$Lambda$529+0x00000070011f06d0.accept(Ljava/lang/Object;)V+4
j  java.util.ArrayList.forEach(Ljava/util/function/Consumer;)V+46 java.base@17.0.13
j  org.junit.platform.engine.support.hierarchical.SameThreadHierarchicalTestExecutorService.invokeAll(Ljava/util/List;)V+6
j  org.junit.platform.engine.support.hierarchical.NodeTestTask.lambda$executeRecursively$6()V+116
j  org.junit.platform.engine.support.hierarchical.NodeTestTask$$Lambda$525+0x00000070011efba0.execute()V+4
j  org.junit.platform.engine.support.hierarchical.ThrowableCollector.execute(Lorg/junit/platform/engine/support/hierarchical/ThrowableCollector$Executable;)V+1
j  org.junit.platform.engine.support.hierarchical.NodeTestTask.lambda$executeRecursively$8(Lorg/junit/platform/engine/support/hierarchical/EngineExecutionContext;)V+15
j  org.junit.platform.engine.support.hierarchical.NodeTestTask$$Lambda$524+0x00000070011ef978.invoke(Lorg/junit/platform/engine/support/hierarchical/EngineExecutionContext;)V+5
j  org.junit.platform.engine.support.hierarchical.Node.around(Lorg/junit/platform/engine/support/hierarchical/EngineExecutionContext;Lorg/junit/platform/engine/support/hierarchical/Node$Invocation;)V+2
j  org.junit.platform.engine.support.hierarchical.NodeTestTask.lambda$executeRecursively$9()V+14
j  org.junit.platform.engine.support.hierarchical.NodeTestTask$$Lambda$523+0x00000070011ef550.execute()V+4
j  org.junit.platform.engine.support.hierarchical.ThrowableCollector.execute(Lorg/junit/platform/engine/support/hierarchical/ThrowableCollector$Executable;)V+1
j  org.junit.platform.engine.support.hierarchical.NodeTestTask.executeRecursively()V+31
j  org.junit.platform.engine.support.hierarchical.NodeTestTask.execute()V+55
j  org.junit.platform.engine.support.hierarchical.SameThreadHierarchicalTestExecutorService$$Lambda$529+0x00000070011f06d0.accept(Ljava/lang/Object;)V+4
j  java.util.ArrayList.forEach(Ljava/util/function/Consumer;)V+46 java.base@17.0.13
j  org.junit.platform.engine.support.hierarchical.SameThreadHierarchicalTestExecutorService.invokeAll(Ljava/util/List;)V+6
j  org.junit.platform.engine.support.hierarchical.NodeTestTask.lambda$executeRecursively$6()V+116
j  org.junit.platform.engine.support.hierarchical.NodeTestTask$$Lambda$525+0x00000070011efba0.execute()V+4
j  org.junit.platform.engine.support.hierarchical.ThrowableCollector.execute(Lorg/junit/platform/engine/support/hierarchical/ThrowableCollector$Executable;)V+1
j  org.junit.platform.engine.support.hierarchical.NodeTestTask.lambda$executeRecursively$8(Lorg/junit/platform/engine/support/hierarchical/EngineExecutionContext;)V+15
j  org.junit.platform.engine.support.hierarchical.NodeTestTask$$Lambda$524+0x00000070011ef978.invoke(Lorg/junit/platform/engine/support/hierarchical/EngineExecutionContext;)V+5
j  org.junit.platform.engine.support.hierarchical.Node.around(Lorg/junit/platform/engine/support/hierarchical/EngineExecutionContext;Lorg/junit/platform/engine/support/hierarchical/Node$Invocation;)V+2
j  org.junit.platform.engine.support.hierarchical.NodeTestTask.lambda$executeRecursively$9()V+14
j  org.junit.platform.engine.support.hierarchical.NodeTestTask$$Lambda$523+0x00000070011ef550.execute()V+4
j  org.junit.platform.engine.support.hierarchical.ThrowableCollector.execute(Lorg/junit/platform/engine/support/hierarchical/ThrowableCollector$Executable;)V+1
j  org.junit.platform.engine.support.hierarchical.NodeTestTask.executeRecursively()V+31
j  org.junit.platform.engine.support.hierarchical.NodeTestTask.execute()V+55
j  org.junit.platform.engine.support.hierarchical.SameThreadHierarchicalTestExecutorService.submit(Lorg/junit/platform/engine/support/hierarchical/HierarchicalTestExecutorService$TestTask;)Ljava/util/concurrent/Future;+1
j  org.junit.platform.engine.support.hierarchical.HierarchicalTestExecutor.execute()Ljava/util/concurrent/Future;+74
j  org.junit.platform.engine.support.hierarchical.HierarchicalTestEngine.execute(Lorg/junit/platform/engine/ExecutionRequest;)V+31
j  org.junit.platform.launcher.core.EngineExecutionOrchestrator.executeEngine(Lorg/junit/platform/engine/TestDescriptor;Lorg/junit/platform/engine/EngineExecutionListener;Lorg/junit/platform/engine/ConfigurationParameters;Lorg/junit/platform/engine/TestEngine;Lorg/junit/platform/engine/reporting/OutputDirectoryProvider;Lorg/junit/platform/launcher/core/DiscoveryIssueNotifier;Lorg/junit/platform/engine/support/store/NamespacedHierarchicalStore;)V+24
j  org.junit.platform.launcher.core.EngineExecutionOrchestrator.failOrExecuteEngine(Lorg/junit/platform/launcher/core/LauncherDiscoveryResult;Lorg/junit/platform/engine/EngineExecutionListener;Lorg/junit/platform/engine/TestEngine;Lorg/junit/platform/engine/support/store/NamespacedHierarchicalStore;)V+124
j  org.junit.platform.launcher.core.EngineExecutionOrchestrator.execute(Lorg/junit/platform/launcher/core/LauncherDiscoveryResult;Lorg/junit/platform/engine/EngineExecutionListener;Lorg/junit/platform/engine/support/store/NamespacedHierarchicalStore;)V+68
j  org.junit.platform.launcher.core.EngineExecutionOrchestrator.execute(Lorg/junit/platform/launcher/core/InternalTestPlan;Lorg/junit/platform/engine/EngineExecutionListener;Lorg/junit/platform/launcher/TestExecutionListener;Lorg/junit/platform/engine/support/store/NamespacedHierarchicalStore;)V+57
j  org.junit.platform.launcher.core.EngineExecutionOrchestrator.lambda$execute$0(Lorg/junit/platform/launcher/core/InternalTestPlan;Lorg/junit/platform/engine/support/store/NamespacedHierarchicalStore;Lorg/junit/platform/launcher/TestExecutionListener;)V+7
j  org.junit.platform.launcher.core.EngineExecutionOrchestrator$$Lambda$439+0x00000070011d7430.accept(Ljava/lang/Object;)V+16
j  org.junit.platform.launcher.core.EngineExecutionOrchestrator.withInterceptedStreams(Lorg/junit/platform/engine/ConfigurationParameters;Lorg/junit/platform/launcher/core/ListenerRegistry;Ljava/util/function/Consumer;)V+51
j  org.junit.platform.launcher.core.EngineExecutionOrchestrator.execute(Lorg/junit/platform/launcher/core/InternalTestPlan;Lorg/junit/platform/engine/support/store/NamespacedHierarchicalStore;[Lorg/junit/platform/launcher/TestExecutionListener;)V+26
j  org.junit.platform.launcher.core.DefaultLauncher.execute(Lorg/junit/platform/launcher/core/InternalTestPlan;[Lorg/junit/platform/launcher/TestExecutionListener;)V+12
j  org.junit.platform.launcher.core.DefaultLauncher.execute(Lorg/junit/platform/launcher/LauncherDiscoveryRequest;[Lorg/junit/platform/launcher/TestExecutionListener;)V+34
j  org.junit.platform.launcher.core.DelegatingLauncher.execute(Lorg/junit/platform/launcher/LauncherDiscoveryRequest;[Lorg/junit/platform/launcher/TestExecutionListener;)V+6
j  org.junit.platform.launcher.core.InterceptingLauncher.lambda$execute$1(Lorg/junit/platform/launcher/LauncherDiscoveryRequest;[Lorg/junit/platform/launcher/TestExecutionListener;)Ljava/lang/Object;+3
j  org.junit.platform.launcher.core.InterceptingLauncher$$Lambda$201+0x000000700118f5f8.proceed()Ljava/lang/Object;+12
j  org.junit.platform.launcher.core.ClasspathAlignmentCheckingLauncherInterceptor.intercept(Lorg/junit/platform/launcher/LauncherInterceptor$Invocation;)Ljava/lang/Object;+1
j  org.junit.platform.launcher.core.InterceptingLauncher.execute(Lorg/junit/platform/launcher/LauncherDiscoveryRequest;[Lorg/junit/platform/launcher/TestExecutionListener;)V+12
j  org.junit.platform.launcher.core.DelegatingLauncher.execute(Lorg/junit/platform/launcher/LauncherDiscoveryRequest;[Lorg/junit/platform/launcher/TestExecutionListener;)V+6
j  org.junit.platform.launcher.core.SessionPerRequestLauncher.execute(Lorg/junit/platform/launcher/LauncherDiscoveryRequest;[Lorg/junit/platform/launcher/TestExecutionListener;)V+13
j  com.intellij.junit5.JUnit5IdeaTestRunner.startRunnerWithArgs([Ljava/lang/String;Ljava/lang/String;IZ)I+203
j  com.intellij.rt.junit.IdeaTestRunner$Repeater$1.execute(Z)I+17
j  com.intellij.rt.execution.junit.TestsRepeater.repeat(IZLcom/intellij/rt/execution/junit/TestsRepeater$TestRun;)I+7
j  com.intellij.rt.junit.IdeaTestRunner$Repeater.startRunnerWithArgs(Lcom/intellij/rt/junit/IdeaTestRunner;[Ljava/lang/String;Ljava/util/ArrayList;Ljava/lang/String;IZ)I+25
j  com.intellij.rt.junit.JUnitStarter.prepareStreamsAndStart([Ljava/lang/String;Ljava/lang/String;Ljava/util/ArrayList;Ljava/lang/String;)I+117
j  com.intellij.rt.junit.JUnitStarter.main([Ljava/lang/String;)V+97
v  ~StubRoutines::call_stub

siginfo: si_signo: 11 (SIGSEGV), si_code: 2 (SEGV_ACCERR), si_addr: 0x0000242f7f935950

Registers:
 x0=0x000000013048e870  x1=0x0000600002615920  x2=0x000000013048de00  x3=0x0000600002615920
 x4=0x0000000113db07c0  x5=0x000000016d88afb0  x6=0x0000000100000002  x7=0x0000000132008e00
 x8=0x0000242f7f935920  x9=0x000000000b000001 x10=0x000000013048e888 x11=0x00000000000d80b6
x12=0x0000000000000000 x13=0x0000000000000000 x14=0x000000009169a835 x15=0x00000005c5ca3098
x16=0x000000019d9f2358 x17=0x0000000141874c00 x18=0x0000000000000000 x19=0x000000016d88b230
x20=0x000000013048de00 x21=0x0000600002615920 x22=0x000000016d88b0c0 x23=0x00000005c5ca3098
x24=0x000000016d88b308 x25=0x00000005e006ab60 x26=0x00000001444e35f8 x27=0x0000000000000000
x28=0x0000000132008e00  fp=0x000000016d88b1c0  lr=0x0000000159a454c8  sp=0x000000016d88ad50
pc=0x0000000159a45530 cpsr=0x0000000000001000

Register to memory mapping:

 x0=0x000000013048e870 points into unknown readable memory: 0x000000004d55545a | 5a 54 55 4d 00 00 00 00
 x1=0x0000600002615920 points into unknown readable memory: 0x0000242f7f935920 | 20 59 93 7f 2f 24 00 00
 x2=0x000000013048de00 points into unknown readable memory: 0x000000015a059e08 | 08 9e 05 5a 01 00 00 00
 x3=0x0000600002615920 points into unknown readable memory: 0x0000242f7f935920 | 20 59 93 7f 2f 24 00 00
 x4=0x0000000113db07c0 is at code_begin+0 in an Interpreter codelet
method entry point (kind = zerolocals)  [0x0000000113db07c0, 0x0000000113db0ac0]  768 bytes
 x5=0x000000016d88afb0 is pointing into the stack for thread: 0x0000000132008e00
 x6=0x0000000100000002 is an unknown value
 x7=0x0000000132008e00 is a thread
 x8=0x0000242f7f935920 is an unknown value
 x9=0x000000000b000001 is an unknown value
x10=0x000000013048e888 points into unknown readable memory: 0x00000000000d80b6 | b6 80 0d 00 00 00 00 00
x11=0x00000000000d80b6 is an unknown value
x12=0x0 is NULL
x13=0x0 is NULL
x14=0x000000009169a835 is an unknown value
x15=0x00000005c5ca3098 is an oop: [B 
{0x00000005c5ca3098} - klass: {type array byte}
 - length: 91
x16=0x000000019d9f2358: pthread_mutex_lock+0 in /usr/lib/system/libsystem_pthread.dylib at 0x000000019d9f1000
x17=0x0000000141874c00 points into unknown readable memory: 0x0000000000000002 | 02 00 00 00 00 00 00 00
x18=0x0 is NULL
x19=0x000000016d88b230 is pointing into the stack for thread: 0x0000000132008e00
x20=0x000000013048de00 points into unknown readable memory: 0x000000015a059e08 | 08 9e 05 5a 01 00 00 00
x21=0x0000600002615920 points into unknown readable memory: 0x0000242f7f935920 | 20 59 93 7f 2f 24 00 00
x22=0x000000016d88b0c0 is pointing into the stack for thread: 0x0000000132008e00
x23=0x00000005c5ca3098 is an oop: [B 
{0x00000005c5ca3098} - klass: {type array byte}
 - length: 91
x24=0x000000016d88b308 is pointing into the stack for thread: 0x0000000132008e00
x25=0x00000005e006ab60 is an oop: java.util.concurrent.ConcurrentHashMap 
{0x00000005e006ab60} - klass: 'java/util/concurrent/ConcurrentHashMap'
 - ---- fields (total size 8 words):
 - transient 'keySet' 'Ljava/util/Set;' @12  NULL (0)
 - transient 'values' 'Ljava/util/Collection;' @16  NULL (0)
 - private volatile transient 'sizeCtl' 'I' @20  6
 - private volatile transient 'baseCount' 'J' @24  4 (4 0)
 - private volatile transient 'transferIndex' 'I' @32  0
 - private volatile transient 'cellsBusy' 'I' @36  0
 - volatile transient 'table' '[Ljava/util/concurrent/ConcurrentHashMap$Node;' @40  a 'java/util/concurrent/ConcurrentHashMap$Node'[8] {0x00000005c5c89e30} (b8b913c6)
 - private volatile transient 'nextTable' '[Ljava/util/concurrent/ConcurrentHashMap$Node;' @44  NULL (0)
 - private volatile transient 'counterCells' '[Ljava/util/concurrent/ConcurrentHashMap$CounterCell;' @48  NULL (0)
 - private transient 'keySet' 'Ljava/util/concurrent/ConcurrentHashMap$KeySetView;' @52  NULL (0)
 - private transient 'values' 'Ljava/util/concurrent/ConcurrentHashMap$ValuesView;' @56  a 'java/util/concurrent/ConcurrentHashMap$ValuesView'{0x00000005e006abd8} (bc00d57b)
 - private transient 'entrySet' 'Ljava/util/concurrent/ConcurrentHashMap$EntrySetView;' @60  NULL (0)
x26=0x00000001444e35f8 is pointing into metadata
x27=0x0 is NULL
x28=0x0000000132008e00 is a thread


Top of Stack: (sp=0x000000016d88ad50)
0x000000016d88ad50:   000000016d88afb0 0000000000000001
0x000000016d88ad60:   000000000000000b 0000000113db07c0
0x000000016d88ad70:   000000016d88afa8 000000016d88aec8
0x000000016d88ad80:   000000016d88b040 0000000000000000
0x000000016d88ad90:   0000000100000004 0000000000000000
0x000000016d88ada0:   000000000000000b 0000000113db07c0
0x000000016d88adb0:   000000016d88afa8 0000000000000000
0x000000016d88adc0:   000000016d88b040 0000000132008e00
0x000000016d88add0:   000000016d88aeb0 00000001041d6f78
0x000000016d88ade0:   000000016d88b048 0000000132008e00
0x000000016d88adf0:   00006000033f8200 00006000019f0000
0x000000016d88ae00:   00006000019f0040 00006000019f00e8
0x000000016d88ae10:   00000000000000d8 000000016d88b868
0x000000016d88ae20:   0000000132008e00 000000014160aa70
0x000000016d88ae30:   00000070000108a8 0000000000000000
0x000000016d88ae40:   000000016d88b260 0000000113db17a0
0x000000016d88ae50:   000000016d88b2d0 000000016d88b040
0x000000016d88ae60:   0000000132008e00 0000000000000000
0x000000016d88ae70:   00000070000108a8 000000016d88aed8
0x000000016d88ae80:   000000016d88af10 00006000026e4120
0x000000016d88ae90:   000000016d88b040 000000016d88afa8
0x000000016d88aea0:   0000000132008e00 000000016d88af18
0x000000016d88aeb0:   000000016d88af90 00000001041d6694
0x000000016d88aec0:   000000016d88b010 00000070000108a8
0x000000016d88aed0:   0000000132008e00 0000007000457e48
0x000000016d88aee0:   000000700045a770 00000070000091e8
0x000000016d88aef0:   0000000000000000 0000000000000000
0x000000016d88af00:   0000000000000000 000000016d000000
0x000000016d88af10:   00000070000091e8 00000070000108a8
0x000000016d88af20:   0000000132008e00 00000070000108a8
0x000000016d88af30:   0000000132008e00 fffffffe00000000
0x000000016d88af40:   00006000026e4120 00000001434e57b8 

Instructions: (pc=0x0000000159a45530)
0x0000000159a45430:   e0 03 13 aa 43 fe 09 94 fd 7b 45 a9 f4 4f 44 a9
0x0000000159a45440:   f6 57 43 a9 ff 83 01 91 c0 03 5f d6 f5 03 00 aa
0x0000000159a45450:   80 06 40 f9 9f 06 00 f9 a0 00 00 b4 53 cd 15 94
0x0000000159a45460:   03 00 00 14 91 16 fb 97 f5 03 00 aa e0 03 13 aa
0x0000000159a45470:   34 fe 09 94 e0 03 15 aa 1c ca 15 94 8b 16 fb 97
0x0000000159a45480:   fc 6f ba a9 fa 67 01 a9 f8 5f 02 a9 f6 57 03 a9
0x0000000159a45490:   f4 4f 04 a9 fd 7b 05 a9 fd 43 01 91 ff 83 10 d1
0x0000000159a454a0:   f5 03 01 aa f4 03 00 aa f3 03 08 aa b6 03 04 d1
0x0000000159a454b0:   68 30 00 90 08 f5 44 f9 08 01 40 f9 a8 83 1a f8
0x0000000159a454c0:   00 c0 29 91 41 fe 09 94 00 e4 00 6f c0 c2 81 3c
0x0000000159a454d0:   c0 02 00 ad 88 00 80 52 a8 c3 12 b8 09 00 80 92
0x0000000159a454e0:   a9 03 13 f8 bf 83 13 38 bf 03 14 38 29 20 80 52
0x0000000159a454f0:   a9 83 14 b8 29 00 80 52 a9 c3 14 38 c0 82 02 ad
0x0000000159a45500:   bf 03 19 f8 bf 03 17 f8 29 00 80 52 09 60 a1 72
0x0000000159a45510:   a9 83 19 b8 ff 7b 00 79 ff 3b 00 b9 e8 43 00 b9
0x0000000159a45520:   ff 27 00 f9 68 01 80 52 e8 43 01 39 a8 02 40 f9
0x0000000159a45530:   08 19 40 f9 e0 03 15 aa 00 01 3f d6 f5 03 00 aa
0x0000000159a45540:   08 00 40 b9 88 01 00 34 b6 be 44 f9 c0 f6 45 f9
0x0000000159a45550:   08 00 40 f9 08 59 40 f9 00 01 3f d6 e8 c3 06 91
0x0000000159a45560:   80 02 00 34 c9 a6 48 39 3f 01 00 71 fa 17 9f 1a
0x0000000159a45570:   11 00 00 14 28 2e 00 f0 08 11 29 91 09 04 80 52
0x0000000159a45580:   e8 27 1b a9 a8 2d 00 b0 08 99 2e 91 e8 ff 09 a9
0x0000000159a45590:   e3 c3 06 91 e4 63 02 91 e0 03 13 aa 81 00 80 52
0x0000000159a455a0:   02 00 80 52 05 00 80 52 4d a6 0d 94 27 01 00 14
0x0000000159a455b0:   1a 00 80 52 ff b3 01 b9 ff 17 01 f9 ff 1b 01 f9
0x0000000159a455c0:   e9 c3 06 91 2a 61 02 91 ff 2b 01 f9 ff 27 01 f9
0x0000000159a455d0:   00 e4 00 6f 00 81 80 3c 00 81 81 3c 00 81 82 3c
0x0000000159a455e0:   00 81 83 3c 00 41 84 3c ff 0f 01 f9 ff 07 01 f9
0x0000000159a455f0:   ff 0b 01 f9 ff 83 08 39 ff 1f 01 f9 ea 23 01 f9
0x0000000159a45600:   2a a1 02 91 2b 61 04 91 ff 7b 01 f9 ff 7f 01 f9
0x0000000159a45610:   40 e1 85 3c 00 81 8f 3c 00 81 8e 3c 00 81 8d 3c
0x0000000159a45620:   00 81 8c 3c 00 81 8b 3c 00 81 8a 3c 7f 61 01 f8 


Stack slot to memory mapping:
stack at sp + 0 slots: 0x000000016d88afb0 is pointing into the stack for thread: 0x0000000132008e00
stack at sp + 1 slots: 0x0000000000000001 is an unknown value
stack at sp + 2 slots: 0x000000000000000b is an unknown value
stack at sp + 3 slots: 0x0000000113db07c0 is at code_begin+0 in an Interpreter codelet
method entry point (kind = zerolocals)  [0x0000000113db07c0, 0x0000000113db0ac0]  768 bytes
stack at sp + 4 slots: 0x000000016d88afa8 is pointing into the stack for thread: 0x0000000132008e00
stack at sp + 5 slots: 0x000000016d88aec8 is pointing into the stack for thread: 0x0000000132008e00
stack at sp + 6 slots: 0x000000016d88b040 is pointing into the stack for thread: 0x0000000132008e00
stack at sp + 7 slots: 0x0 is NULL


---------------  P R O C E S S  ---------------

Threads class SMR info:
_java_thread_list=0x0000600002612e60, length=14, elements={
0x0000000132008e00, 0x000000014183ec00, 0x0000000132008600, 0x000000013080d600,
0x000000014183fc00, 0x0000000141840200, 0x0000000141843a00, 0x0000000141844000,
0x000000014184c600, 0x0000000132030400, 0x0000000141813600, 0x0000000141812e00,
0x0000000141a19600, 0x0000000141878000
}

Java Threads: ( => current thread )
=>0x0000000132008e00 JavaThread "main" [_thread_in_native, id=6147, stack(0x000000016d68c000,0x000000016d88f000)]
  0x000000014183ec00 JavaThread "Reference Handler" daemon [_thread_blocked, id=31747, stack(0x000000016e4e0000,0x000000016e6e3000)]
  0x0000000132008600 JavaThread "Finalizer" daemon [_thread_blocked, id=23811, stack(0x000000016e6ec000,0x000000016e8ef000)]
  0x000000013080d600 JavaThread "Signal Dispatcher" daemon [_thread_blocked, id=30467, stack(0x000000016ea10000,0x000000016ec13000)]
  0x000000014183fc00 JavaThread "Service Thread" daemon [_thread_blocked, id=30211, stack(0x000000016ec1c000,0x000000016ee1f000)]
  0x0000000141840200 JavaThread "Monitor Deflation Thread" daemon [_thread_blocked, id=26371, stack(0x000000016ee28000,0x000000016f02b000)]
  0x0000000141843a00 JavaThread "C2 CompilerThread0" daemon [_thread_blocked, id=29699, stack(0x000000016f034000,0x000000016f237000)]
  0x0000000141844000 JavaThread "C1 CompilerThread0" daemon [_thread_blocked, id=29443, stack(0x000000016f240000,0x000000016f443000)]
  0x000000014184c600 JavaThread "Sweeper thread" daemon [_thread_blocked, id=27139, stack(0x000000016f44c000,0x000000016f64f000)]
  0x0000000132030400 JavaThread "Common-Cleaner" daemon [_thread_blocked, id=28675, stack(0x000000016f658000,0x000000016f85b000)]
  0x0000000141813600 JavaThread "Monitor Ctrl-Break" daemon [_thread_in_native, id=27395, stack(0x000000016f864000,0x000000016fa67000)]
  0x0000000141812e00 JavaThread "Notification Thread" daemon [_thread_blocked, id=27907, stack(0x000000016fa70000,0x000000016fc73000)]
  0x0000000141a19600 JavaThread "process reaper" daemon [_thread_blocked, id=34819, stack(0x000000017150c000,0x0000000171543000)]
  0x0000000141878000 JavaThread "Attach Listener" daemon [_thread_blocked, id=39171, stack(0x000000017154c000,0x000000017174f000)]

Other Threads:
  0x000000014160a230 VMThread "VM Thread" [stack: 0x000000016e2d4000,0x000000016e4d7000] [id=19715]
  0x00000001416115c0 WatcherThread [stack: 0x000000016fc7c000,0x000000016fe7f000] [id=32771]
  0x0000000131806920 GCTaskThread "GC Thread#0" [stack: 0x000000016d898000,0x000000016da9b000] [id=13827]
  0x0000000127f0a420 GCTaskThread "GC Thread#1" [stack: 0x0000000170094000,0x0000000170297000] [id=42499]
  0x0000000127f0a8a0 GCTaskThread "GC Thread#2" [stack: 0x00000001702a0000,0x00000001704a3000] [id=41987]
  0x0000000131717c10 GCTaskThread "GC Thread#3" [stack: 0x00000001704ac000,0x00000001706af000] [id=33027]
  0x0000000127f0ad20 GCTaskThread "GC Thread#4" [stack: 0x00000001706b8000,0x00000001708bb000] [id=41475]
  0x0000000127f0b590 GCTaskThread "GC Thread#5" [stack: 0x00000001708c4000,0x0000000170ac7000] [id=33539]
  0x0000000127f0be00 GCTaskThread "GC Thread#6" [stack: 0x0000000170ad0000,0x0000000170cd3000] [id=40963]
  0x0000000127f0c670 GCTaskThread "GC Thread#7" [stack: 0x0000000170cdc000,0x0000000170edf000] [id=40451]
  0x0000000127f0cee0 GCTaskThread "GC Thread#8" [stack: 0x0000000170ee8000,0x00000001710eb000] [id=40195]
  0x0000000127f0d750 GCTaskThread "GC Thread#9" [stack: 0x00000001710f4000,0x00000001712f7000] [id=39683]
  0x0000000127f042b0 ConcurrentGCThread "G1 Main Marker" [stack: 0x000000016daa4000,0x000000016dca7000] [id=15619]
  0x0000000141606bc0 ConcurrentGCThread "G1 Conc#0" [stack: 0x000000016dcb0000,0x000000016deb3000] [id=14851]
  0x0000000103904f00 ConcurrentGCThread "G1 Conc#1" [stack: 0x0000000171300000,0x0000000171503000] [id=34311]
  0x0000000127f1a0a0 ConcurrentGCThread "G1 Conc#2" [stack: 0x0000000171758000,0x000000017195b000] [id=38659]
  0x0000000127f066c0 ConcurrentGCThread "G1 Refine#0" [stack: 0x000000016debc000,0x000000016e0bf000] [id=21507]
  0x0000000131806ee0 ConcurrentGCThread "G1 Service" [stack: 0x000000016e0c8000,0x000000016e2cb000] [id=16643]

Threads with active compile tasks:

VM state: not at safepoint (normal execution)

VM Mutex/Monitor currently owned by a thread: None

Heap address: 0x00000005c0000000, size: 9216 MB, Compressed Oops mode: Zero based, Oop shift amount: 3

CDS archive(s) mapped at: [0x0000007000000000-0x0000007000bc0000-0x0000007000bc0000), size 12320768, SharedBaseAddress: 0x0000007000000000, ArchiveRelocationMode: 1.
Compressed class space mapped at: 0x0000007001000000-0x0000007041000000, reserved size: 1073741824
Narrow klass base: 0x0000007000000000, Narrow klass shift: 0, Narrow klass range: 0x100000000

GC Precious Log:
 CPUs: 12 total, 12 available
 Memory: 36864M
 Large Page Support: Disabled
 NUMA Support: Disabled
 Compressed Oops: Enabled (Zero based)
 Heap Region Size: 8M
 Heap Min Capacity: 8M
 Heap Initial Capacity: 576M
 Heap Max Capacity: 9G
 Pre-touch: Disabled
 Parallel Workers: 10
 Concurrent Workers: 3
 Concurrent Refinement Workers: 10
 Periodic GC: Disabled

Heap:
 garbage-first heap   total 139264K, used 33907K [0x00000005c0000000, 0x0000000800000000)
  region size 8192K, 4 young (32768K), 1 survivors (8192K)
 Metaspace       used 24559K, committed 24832K, reserved 1114112K
  class space    used 3454K, committed 3584K, reserved 1048576K

Heap Regions: E=young(eden), S=young(survivor), O=old, HS=humongous(starts), HC=humongous(continues), CS=collection set, F=free, OA=open archive, CA=closed archive, TAMS=top-at-mark-start (previous, next)
|   0|0x00000005c0000000, 0x00000005c04c6000, 0x00000005c0800000| 59%| O|  |TAMS 0x00000005c04c6000, 0x00000005c0000000| Complete 
|   1|0x00000005c0800000, 0x00000005c0800000, 0x00000005c1000000|  0%| F|  |TAMS 0x00000005c0800000, 0x00000005c0800000| Untracked 
|   2|0x00000005c1000000, 0x00000005c1000000, 0x00000005c1800000|  0%| F|  |TAMS 0x00000005c1000000, 0x00000005c1000000| Untracked 
|   3|0x00000005c1800000, 0x00000005c1800000, 0x00000005c2000000|  0%| F|  |TAMS 0x00000005c1800000, 0x00000005c1800000| Untracked 
|   4|0x00000005c2000000, 0x00000005c2000000, 0x00000005c2800000|  0%| F|  |TAMS 0x00000005c2000000, 0x00000005c2000000| Untracked 
|   5|0x00000005c2800000, 0x00000005c2800000, 0x00000005c3000000|  0%| F|  |TAMS 0x00000005c2800000, 0x00000005c2800000| Untracked 
|   6|0x00000005c3000000, 0x00000005c3000000, 0x00000005c3800000|  0%| F|  |TAMS 0x00000005c3000000, 0x00000005c3000000| Untracked 
|   7|0x00000005c3800000, 0x00000005c3800000, 0x00000005c4000000|  0%| F|  |TAMS 0x00000005c3800000, 0x00000005c3800000| Untracked 
|   8|0x00000005c4000000, 0x00000005c4000000, 0x00000005c4800000|  0%| F|  |TAMS 0x00000005c4000000, 0x00000005c4000000| Untracked 
|   9|0x00000005c4800000, 0x00000005c4800000, 0x00000005c5000000|  0%| F|  |TAMS 0x00000005c4800000, 0x00000005c4800000| Untracked 
|  10|0x00000005c5000000, 0x00000005c5000000, 0x00000005c5800000|  0%| F|  |TAMS 0x00000005c5000000, 0x00000005c5000000| Untracked 
|  11|0x00000005c5800000, 0x00000005c6000000, 0x00000005c6000000|100%| E|  |TAMS 0x00000005c5800000, 0x00000005c5800000| Complete 
|  12|0x00000005c6000000, 0x00000005c6800000, 0x00000005c6800000|100%| E|CS|TAMS 0x00000005c6000000, 0x00000005c6000000| Complete 
|  64|0x00000005e0000000, 0x00000005e046efa8, 0x00000005e0800000| 55%| S|CS|TAMS 0x00000005e0000000, 0x00000005e0000000| Complete 
|  71|0x00000005e3800000, 0x00000005e4000000, 0x00000005e4000000|100%| E|CS|TAMS 0x00000005e3800000, 0x00000005e3800000| Complete 
|1150|0x00000007ff000000, 0x00000007ff774000, 0x00000007ff800000| 93%|OA|  |TAMS 0x00000007ff774000, 0x00000007ff000000| Untracked 
|1151|0x00000007ff800000, 0x00000007ff874000, 0x0000000800000000|  5%|CA|  |TAMS 0x00000007ff874000, 0x00000007ff800000| Untracked 

Card table byte_map: [0x000000011ca74000,0x000000011dc74000] _byte_map_base: 0x0000000119c74000

Marking Bits (Prev, Next): (CMBitMap*) 0x0000000130008250, (CMBitMap*) 0x0000000130008210
 Prev Bits: [0x0000000150000000, 0x0000000159000000)
 Next Bits: [0x000000011ee74000, 0x0000000127e74000)

Polling page: 0x00000001028a0000

Metaspace:

Usage:
  Non-class:     20.61 MB used.
      Class:      3.37 MB used.
       Both:     23.98 MB used.

Virtual space:
  Non-class space:       64.00 MB reserved,      20.75 MB ( 32%) committed,  1 nodes.
      Class space:        1.00 GB reserved,       3.50 MB ( <1%) committed,  1 nodes.
             Both:        1.06 GB reserved,      24.25 MB (  2%) committed. 

Chunk freelists:
   Non-Class:  10.58 MB
       Class:  12.33 MB
        Both:  22.90 MB

MaxMetaspaceSize: unlimited
CompressedClassSpaceSize: 1.00 GB
Initial GC threshold: 21.00 MB
Current GC threshold: 35.25 MB
CDS: on
MetaspaceReclaimPolicy: balanced
 - commit_granule_bytes: 65536.
 - commit_granule_words: 8192.
 - virtual_space_node_default_size: 8388608.
 - enlarge_chunks_in_place: 1.
 - new_chunks_are_fully_committed: 0.
 - uncommit_free_chunks: 1.
 - use_allocation_guard: 0.
 - handle_deallocations: 1.


Internal statistics:

num_allocs_failed_limit: 3.
num_arena_births: 302.
num_arena_deaths: 0.
num_vsnodes_births: 2.
num_vsnodes_deaths: 0.
num_space_committed: 388.
num_space_uncommitted: 0.
num_chunks_returned_to_freelist: 3.
num_chunks_taken_from_freelist: 1167.
num_chunk_merges: 3.
num_chunk_splits: 814.
num_chunks_enlarged: 639.
num_inconsistent_stats: 0.

CodeHeap 'non-profiled nmethods': size=120032Kb used=1749Kb max_used=1749Kb free=118282Kb
 bounds [0x000000011433c000, 0x00000001145ac000, 0x000000011b874000]
CodeHeap 'profiled nmethods': size=120016Kb used=6612Kb max_used=6612Kb free=113403Kb
 bounds [0x000000010c874000, 0x000000010cef4000, 0x0000000113da8000]
CodeHeap 'non-nmethods': size=5712Kb used=1265Kb max_used=1381Kb free=4446Kb
 bounds [0x0000000113da8000, 0x0000000114018000, 0x000000011433c000]
 total_blobs=4227 nmethods=3631 adapters=512
 compilation: enabled
              stopped_count=0, restarted_count=0
 full_count=0

Compilation events (20 events):
Event: 1.557 Thread 0x0000000141843a00 3738       4       java.util.LinkedHashMap::newNode (23 bytes)
Event: 1.557 Thread 0x0000000141844000 nmethod 3736 0x000000010cee4510 code [0x000000010cee4700, 0x000000010cee4bd0]
Event: 1.557 Thread 0x0000000141844000 3739       3       java.lang.invoke.LambdaForm$MH/0x000000700133bc00::invoke (27 bytes)
Event: 1.557 Thread 0x0000000141844000 nmethod 3739 0x000000010cee4d10 code [0x000000010cee4f00, 0x000000010cee53d0]
Event: 1.557 Thread 0x0000000141844000 3737       3       org.apache.kafka.common.MetricName::hashCode (65 bytes)
Event: 1.557 Thread 0x0000000141844000 nmethod 3737 0x000000010cee5510 code [0x000000010cee5700, 0x000000010cee5a68]
Event: 1.557 Thread 0x0000000141844000 3740       3       java.lang.invoke.LambdaForm$MH/0x000000700133c400::invoke (148 bytes)
Event: 1.558 Thread 0x0000000141844000 nmethod 3740 0x000000010cee5c10 code [0x000000010cee5f40, 0x000000010cee72e0]
Event: 1.558 Thread 0x0000000141844000 3741       3       java.lang.invoke.DelegatingMethodHandle$Holder::reinvoke_L (20 bytes)
Event: 1.558 Thread 0x0000000141844000 nmethod 3741 0x000000010cee7790 code [0x000000010cee7980, 0x000000010cee7e10]
Event: 1.558 Thread 0x0000000141844000 3744       3       jdk.internal.misc.Unsafe::getIntUnaligned (83 bytes)
Event: 1.558 Thread 0x0000000141844000 nmethod 3744 0x000000010cee7f90 code [0x000000010cee8180, 0x000000010cee85c8]
Event: 1.558 Thread 0x0000000141844000 3745       3       java.util.Arrays::equals (43 bytes)
Event: 1.558 Thread 0x0000000141844000 nmethod 3745 0x000000010cee8790 code [0x000000010cee8980, 0x000000010cee8c48]
Event: 1.559 Thread 0x0000000141843a00 nmethod 3738 0x00000001144f0890 code [0x00000001144f0a40, 0x00000001144f0ee0]
Event: 1.559 Thread 0x0000000141843a00 3742       4       java.util.LinkedHashMap::afterNodeInsertion (40 bytes)
Event: 1.559 Thread 0x0000000141843a00 nmethod 3742 0x00000001144f0f90 code [0x00000001144f1140, 0x00000001144f1240]
Event: 1.559 Thread 0x0000000141843a00 3743       4       jdk.internal.reflect.ReflectionFactory::inflationThreshold (4 bytes)
Event: 1.559 Thread 0x0000000141843a00 nmethod 3743 0x00000001144f1310 code [0x00000001144f1480, 0x00000001144f14d0]
Event: 1.589 Thread 0x0000000141844000 3746       3       java.lang.StackStreamFactory$AbstractStackWalker::hasNext (13 bytes)

GC Heap History (8 events):
Event: 0.145 GC heap before
{Heap before GC invocations=0 (full 0):
 garbage-first heap   total 606208K, used 32672K [0x00000005c0000000, 0x0000000800000000)
  region size 8192K, 3 young (24576K), 0 survivors (0K)
 Metaspace       used 4709K, committed 4800K, reserved 1114112K
  class space    used 510K, committed 576K, reserved 1048576K
}
Event: 0.146 GC heap after
{Heap after GC invocations=1 (full 0):
 garbage-first heap   total 606208K, used 13194K [0x00000005c0000000, 0x0000000800000000)
  region size 8192K, 1 young (8192K), 1 survivors (8192K)
 Metaspace       used 4709K, committed 4800K, reserved 1114112K
  class space    used 510K, committed 576K, reserved 1048576K
}
Event: 0.212 GC heap before
{Heap before GC invocations=1 (full 0):
 garbage-first heap   total 606208K, used 29578K [0x00000005c0000000, 0x0000000800000000)
  region size 8192K, 3 young (24576K), 1 survivors (8192K)
 Metaspace       used 8127K, committed 8320K, reserved 1114112K
  class space    used 901K, committed 1024K, reserved 1048576K
}
Event: 0.213 GC heap after
{Heap after GC invocations=2 (full 0):
 garbage-first heap   total 606208K, used 14323K [0x00000005c0000000, 0x0000000800000000)
  region size 8192K, 1 young (8192K), 1 survivors (8192K)
 Metaspace       used 8127K, committed 8320K, reserved 1114112K
  class space    used 901K, committed 1024K, reserved 1048576K
}
Event: 0.432 GC heap before
{Heap before GC invocations=2 (full 0):
 garbage-first heap   total 606208K, used 55283K [0x00000005c0000000, 0x0000000800000000)
  region size 8192K, 6 young (49152K), 1 survivors (8192K)
 Metaspace       used 15181K, committed 15424K, reserved 1114112K
  class space    used 1970K, committed 2112K, reserved 1048576K
}
Event: 0.433 GC heap after
{Heap after GC invocations=3 (full 0):
 garbage-first heap   total 606208K, used 16045K [0x00000005c0000000, 0x0000000800000000)
  region size 8192K, 1 young (8192K), 1 survivors (8192K)
 Metaspace       used 15181K, committed 15424K, reserved 1114112K
  class space    used 1970K, committed 2112K, reserved 1048576K
}
Event: 0.806 GC heap before
{Heap before GC invocations=3 (full 0):
 garbage-first heap   total 606208K, used 57005K [0x00000005c0000000, 0x0000000800000000)
  region size 8192K, 7 young (57344K), 1 survivors (8192K)
 Metaspace       used 21310K, committed 21504K, reserved 1114112K
  class space    used 3026K, committed 3136K, reserved 1048576K
}
Event: 0.808 GC heap after
{Heap after GC invocations=4 (full 0):
 garbage-first heap   total 606208K, used 17523K [0x00000005c0000000, 0x0000000800000000)
  region size 8192K, 1 young (8192K), 1 survivors (8192K)
 Metaspace       used 21310K, committed 21504K, reserved 1114112K
  class space    used 3026K, committed 3136K, reserved 1048576K
}

Dll operation events (20 events):
Event: 0.979 Loading shared library /System/Library/Java/Extensions/librocksdbjni-osx-arm64.jnilib failed, dlopen(/System/Library/Java/Extensions/librocksdbjni-osx-arm64.jnilib, 0x0001): tried: '/System/Library/Java/Extensions/librocksdbjni-osx-arm64.jnilib' (no such 
Event: 0.979 Loading shared library /usr/lib/java/librocksdbjni-osx-arm64.dylib failed, dlopen(/usr/lib/java/librocksdbjni-osx-arm64.dylib, 0x0001): tried: '/usr/lib/java/librocksdbjni-osx-arm64.dylib' (no such file), '/System/Volumes/Preboot/Cryptexes/OS/usr/lib/java
Event: 0.980 Loading shared library /usr/lib/java/librocksdbjni-osx-arm64.jnilib failed, dlopen(/usr/lib/java/librocksdbjni-osx-arm64.jnilib, 0x0001): tried: '/usr/lib/java/librocksdbjni-osx-arm64.jnilib' (no such file), '/System/Volumes/Preboot/Cryptexes/OS/usr/lib/j
Event: 0.980 Loading shared library /Users/aliehsaeedi/IdeaProjects/MyAK/streams/librocksdbjni-osx-arm64.dylib failed, dlopen(/Users/aliehsaeedi/IdeaProjects/MyAK/streams/librocksdbjni-osx-arm64.dylib, 0x0001): tried: '/Users/aliehsaeedi/IdeaProjects/MyAK/streams/libr
Event: 0.980 Loading shared library /Users/aliehsaeedi/IdeaProjects/MyAK/streams/librocksdbjni-osx-arm64.jnilib failed, dlopen(/Users/aliehsaeedi/IdeaProjects/MyAK/streams/librocksdbjni-osx-arm64.jnilib, 0x0001): tried: '/Users/aliehsaeedi/IdeaProjects/MyAK/streams/li
Event: 0.980 Loading shared library /Users/aliehsaeedi/Library/Java/JavaVirtualMachines/corretto-17.0.13/Contents/Home/lib/librocksdbjni-osx.dylib failed, dlopen(/Users/aliehsaeedi/Library/Java/JavaVirtualMachines/corretto-17.0.13/Contents/Home/lib/librocksdbjni-osx.d
Event: 0.980 Loading shared library /Users/aliehsaeedi/Library/Java/JavaVirtualMachines/corretto-17.0.13/Contents/Home/lib/librocksdbjni-osx.jnilib failed, dlopen(/Users/aliehsaeedi/Library/Java/JavaVirtualMachines/corretto-17.0.13/Contents/Home/lib/librocksdbjni-osx.
Event: 0.980 Loading shared library /Users/aliehsaeedi/Library/Java/Extensions/librocksdbjni-osx.dylib failed, dlopen(/Users/aliehsaeedi/Library/Java/Extensions/librocksdbjni-osx.dylib, 0x0001): tried: '/Users/aliehsaeedi/Library/Java/Extensions/librocksdbjni-osx.dyli
Event: 0.980 Loading shared library /Users/aliehsaeedi/Library/Java/Extensions/librocksdbjni-osx.jnilib failed, dlopen(/Users/aliehsaeedi/Library/Java/Extensions/librocksdbjni-osx.jnilib, 0x0001): tried: '/Users/aliehsaeedi/Library/Java/Extensions/librocksdbjni-osx.jn
Event: 0.980 Loading shared library /Library/Java/Extensions/librocksdbjni-osx.dylib failed, dlopen(/Library/Java/Extensions/librocksdbjni-osx.dylib, 0x0001): tried: '/Library/Java/Extensions/librocksdbjni-osx.dylib' (no such file), '/System/Volumes/Preboot/Cryptexes/
Event: 0.980 Loading shared library /Library/Java/Extensions/librocksdbjni-osx.jnilib failed, dlopen(/Library/Java/Extensions/librocksdbjni-osx.jnilib, 0x0001): tried: '/Library/Java/Extensions/librocksdbjni-osx.jnilib' (no such file), '/System/Volumes/Preboot/Cryptex
Event: 0.980 Loading shared library /Network/Library/Java/Extensions/librocksdbjni-osx.dylib failed, dlopen(/Network/Library/Java/Extensions/librocksdbjni-osx.dylib, 0x0001): tried: '/Network/Library/Java/Extensions/librocksdbjni-osx.dylib' (no such file), '/System/Vo
Event: 0.981 Loading shared library /Network/Library/Java/Extensions/librocksdbjni-osx.jnilib failed, dlopen(/Network/Library/Java/Extensions/librocksdbjni-osx.jnilib, 0x0001): tried: '/Network/Library/Java/Extensions/librocksdbjni-osx.jnilib' (no such file), '/System
Event: 0.981 Loading shared library /System/Library/Java/Extensions/librocksdbjni-osx.dylib failed, dlopen(/System/Library/Java/Extensions/librocksdbjni-osx.dylib, 0x0001): tried: '/System/Library/Java/Extensions/librocksdbjni-osx.dylib' (no such file), '/System/Volum
Event: 0.981 Loading shared library /System/Library/Java/Extensions/librocksdbjni-osx.jnilib failed, dlopen(/System/Library/Java/Extensions/librocksdbjni-osx.jnilib, 0x0001): tried: '/System/Library/Java/Extensions/librocksdbjni-osx.jnilib' (no such file), '/System/Vo
Event: 0.981 Loading shared library /usr/lib/java/librocksdbjni-osx.dylib failed, dlopen(/usr/lib/java/librocksdbjni-osx.dylib, 0x0001): tried: '/usr/lib/java/librocksdbjni-osx.dylib' (no such file), '/System/Volumes/Preboot/Cryptexes/OS/usr/lib/java/librocksdbjni-osx
Event: 0.981 Loading shared library /usr/lib/java/librocksdbjni-osx.jnilib failed, dlopen(/usr/lib/java/librocksdbjni-osx.jnilib, 0x0001): tried: '/usr/lib/java/librocksdbjni-osx.jnilib' (no such file), '/System/Volumes/Preboot/Cryptexes/OS/usr/lib/java/librocksdbjni-
Event: 0.981 Loading shared library /Users/aliehsaeedi/IdeaProjects/MyAK/streams/librocksdbjni-osx.dylib failed, dlopen(/Users/aliehsaeedi/IdeaProjects/MyAK/streams/librocksdbjni-osx.dylib, 0x0001): tried: '/Users/aliehsaeedi/IdeaProjects/MyAK/streams/librocksdbjni-os
Event: 0.981 Loading shared library /Users/aliehsaeedi/IdeaProjects/MyAK/streams/librocksdbjni-osx.jnilib failed, dlopen(/Users/aliehsaeedi/IdeaProjects/MyAK/streams/librocksdbjni-osx.jnilib, 0x0001): tried: '/Users/aliehsaeedi/IdeaProjects/MyAK/streams/librocksdbjni-
Event: 1.222 Loaded shared library /private/var/folders/d_/n8z51h9d50j_xycm188cfhcc0000gp/T/librocksdbjni9413210769578954114.jnilib

Deoptimization events (20 events):
Event: 0.859 Thread 0x0000000132008e00 DEOPT PACKING pc=0x000000010ccc5290 sp=0x000000016d88adc0
Event: 0.859 Thread 0x0000000132008e00 DEOPT UNPACKING pc=0x0000000113def77c sp=0x000000016d88aa50 mode 0
Event: 0.879 Thread 0x0000000132008e00 Uncommon trap: trap_request=0xffffffde fr.pc=0x0000000114458594 relative=0x00000000000000d4
Event: 0.879 Thread 0x0000000132008e00 Uncommon trap: reason=class_check action=maybe_recompile pc=0x0000000114458594 method=java.lang.Character.toLowerCase(I)I @ 5 c2
Event: 0.879 Thread 0x0000000132008e00 DEOPT PACKING pc=0x0000000114458594 sp=0x000000016d88a590
Event: 0.879 Thread 0x0000000132008e00 DEOPT UNPACKING pc=0x0000000113def91c sp=0x000000016d88a530 mode 2
Event: 0.884 Thread 0x0000000132008e00 DEOPT PACKING pc=0x000000010ccc026c sp=0x000000016d88a230
Event: 0.884 Thread 0x0000000132008e00 DEOPT UNPACKING pc=0x0000000113def77c sp=0x000000016d889ec0 mode 0
Event: 0.885 Thread 0x0000000132008e00 DEOPT PACKING pc=0x000000010ccbfd34 sp=0x000000016d88a0f0
Event: 0.885 Thread 0x0000000132008e00 DEOPT UNPACKING pc=0x0000000113def77c sp=0x000000016d889d80 mode 0
Event: 0.887 Thread 0x0000000132008e00 DEOPT PACKING pc=0x000000010ccc1434 sp=0x000000016d888220
Event: 0.887 Thread 0x0000000132008e00 DEOPT UNPACKING pc=0x0000000113def77c sp=0x000000016d887eb0 mode 0
Event: 0.899 Thread 0x0000000132008e00 DEOPT PACKING pc=0x000000010ccc0d6c sp=0x000000016d884f40
Event: 0.899 Thread 0x0000000132008e00 DEOPT UNPACKING pc=0x0000000113def77c sp=0x000000016d884c60 mode 0
Event: 0.899 Thread 0x0000000132008e00 DEOPT PACKING pc=0x000000010ccc18a8 sp=0x000000016d884e00
Event: 0.899 Thread 0x0000000132008e00 DEOPT UNPACKING pc=0x0000000113def77c sp=0x000000016d884ab0 mode 0
Event: 0.903 Thread 0x0000000132008e00 DEOPT PACKING pc=0x000000010cccbc4c sp=0x000000016d888850
Event: 0.903 Thread 0x0000000132008e00 DEOPT UNPACKING pc=0x0000000113def77c sp=0x000000016d888510 mode 0
Event: 0.932 Thread 0x0000000132008e00 DEOPT PACKING pc=0x000000010ccd3228 sp=0x000000016d889950
Event: 0.932 Thread 0x0000000132008e00 DEOPT UNPACKING pc=0x0000000113def77c sp=0x000000016d889660 mode 0

Classes loaded (20 events):
Event: 1.447 Loading class org/junit/jupiter/api/AssertTrue
Event: 1.447 Loading class org/junit/jupiter/api/AssertTrue done
Event: 1.447 Loading class org/junit/jupiter/api/AssertEquals
Event: 1.447 Loading class org/junit/jupiter/api/AssertEquals done
Event: 1.448 Loading class org/junit/jupiter/api/AssertNull
Event: 1.448 Loading class org/junit/jupiter/api/AssertNull done
Event: 1.449 Loading class org/apache/kafka/streams/state/internals/DualColumnFamilyAccessor$RocksDBDualCFIterator
Event: 1.449 Loading class org/apache/kafka/streams/state/internals/DualColumnFamilyAccessor$RocksDBDualCFIterator done
Event: 1.449 Loading class org/apache/kafka/common/utils/AbstractIterator
Event: 1.449 Loading class org/apache/kafka/common/utils/AbstractIterator done
Event: 1.449 Loading class org/apache/kafka/common/utils/AbstractIterator$State
Event: 1.449 Loading class org/apache/kafka/common/utils/AbstractIterator$State done
Event: 1.449 Loading class org/apache/kafka/common/utils/AbstractIterator$1
Event: 1.449 Loading class org/apache/kafka/common/utils/AbstractIterator$1 done
Event: 1.449 Loading class org/junit/jupiter/api/AssertArrayEquals
Event: 1.449 Loading class org/junit/jupiter/api/AssertArrayEquals done
Event: 1.449 Loading class org/junit/jupiter/api/AssertFalse
Event: 1.449 Loading class org/junit/jupiter/api/AssertFalse done
Event: 1.450 Loading class org/apache/kafka/streams/state/internals/DualColumnFamilyAccessor$RocksDBDualCFRangeIterator
Event: 1.450 Loading class org/apache/kafka/streams/state/internals/DualColumnFamilyAccessor$RocksDBDualCFRangeIterator done

Classes unloaded (0 events):
No events

Classes redefined (3 events):
Event: 0.840 Thread 0x000000014160a230 redefined class name=java.lang.Object, count=1
Event: 0.840 Thread 0x000000014160a230 redefined class name=org.apache.kafka.streams.state.internals.metrics.RocksDBMetricsRecorder, count=2
Event: 0.914 Thread 0x000000014160a230 redefined class name=org.apache.kafka.streams.processor.internals.ProcessorTopology, count=1

Internal exceptions (20 events):
Event: 0.917 Thread 0x0000000132008e00 Exception <a 'java/lang/NoSuchMethodError'{0x00000005c61728e0}: 'java.lang.Object java.lang.invoke.Invokers$Holder.invoker(java.lang.Object, java.lang.Object, java.lang.Object, java.lang.Object, java.lang.Object, java.lang.Object, java.lang.Object, java.lang.Object, java.lang.Object, java.lang.Object)'> (0x00000005c61728e0) 
thrown [src/hotspot/share/interpreter/linkResolver.cpp, line 759]
Event: 0.917 Thread 0x0000000132008e00 Exception <a 'java/lang/NoSuchMethodError'{0x00000005c6178710}: 'java.lang.Object java.lang.invoke.DirectMethodHandle$Holder.invokeSpecial(java.lang.Object, java.lang.Object, java.lang.Object, java.lang.Object, java.lang.Object, java.lang.Object, java.lang.Object, java.lang.Object, java.lang.Object, java.lang.Object, java.lang.Object)'> (0x00000005c6178710) 
thrown [src/hotspot/share/interpreter/linkResolver.cpp, line 759]
Event: 0.922 Thread 0x0000000132008e00 Exception <a 'java/lang/IncompatibleClassChangeError'{0x00000005c61fe9c0}: Found class java.lang.Object, but interface was expected> (0x00000005c61fe9c0) 
thrown [src/hotspot/share/interpreter/linkResolver.cpp, line 826]
Event: 0.940 Thread 0x0000000132008e00 Exception <a 'java/lang/NoSuchMethodError'{0x00000005c64b2d68}: 'void java.lang.invoke.DirectMethodHandle$Holder.invokeStatic(java.lang.Object, int, java.lang.Object)'> (0x00000005c64b2d68) 
thrown [src/hotspot/share/interpreter/linkResolver.cpp, line 759]
Event: 0.940 Thread 0x0000000132008e00 Exception <a 'java/lang/NoSuchMethodError'{0x00000005c64b6b38}: 'void java.lang.invoke.DirectMethodHandle$Holder.invokeStaticInit(java.lang.Object, int, java.lang.Object)'> (0x00000005c64b6b38) 
thrown [src/hotspot/share/interpreter/linkResolver.cpp, line 759]
Event: 0.964 Thread 0x0000000132008e00 Exception <a 'java/lang/NoSuchMethodError'{0x00000005c58dd200}: 'java.lang.Object java.lang.invoke.DirectMethodHandle$Holder.invokeVirtual(java.lang.Object, java.lang.Object, java.lang.Object, java.lang.Object)'> (0x00000005c58dd200) 
thrown [src/hotspot/share/interpreter/linkResolver.cpp, line 759]
Event: 0.967 Thread 0x0000000132008e00 Exception <a 'java/lang/NoSuchMethodError'{0x00000005c5956aa8}: 'java.lang.Object java.lang.invoke.DirectMethodHandle$Holder.invokeSpecial(java.lang.Object, java.lang.Object, java.lang.Object, java.lang.Object, long)'> (0x00000005c5956aa8) 
thrown [src/hotspot/share/interpreter/linkResolver.cpp, line 759]
Event: 1.305 Thread 0x0000000132008e00 Exception <a 'java/lang/NoSuchMethodError'{0x00000005c5a48a00}: 'java.lang.Object java.lang.invoke.DirectMethodHandle$Holder.invokeStaticInit(java.lang.Object, java.lang.Object, java.lang.Object, java.lang.Object, java.lang.Object)'> (0x00000005c5a48a00) 
thrown [src/hotspot/share/interpreter/linkResolver.cpp, line 759]
Event: 1.307 Thread 0x0000000132008e00 Exception <a 'sun/nio/fs/UnixException'{0x00000005c5a71978}> (0x00000005c5a71978) 
thrown [src/hotspot/share/prims/jni.cpp, line 516]
Event: 1.384 Thread 0x0000000132008e00 Exception <a 'sun/nio/fs/UnixException'{0x00000005c5b99e10}> (0x00000005c5b99e10) 
thrown [src/hotspot/share/prims/jni.cpp, line 516]
Event: 1.385 Thread 0x0000000132008e00 Exception <a 'java/lang/NoSuchMethodError'{0x00000005c5baaa20}: 'java.lang.Object java.lang.invoke.DirectMethodHandle$Holder.invokeStatic(java.lang.Object, long, java.lang.Object, java.lang.Object)'> (0x00000005c5baaa20) 
thrown [src/hotspot/share/interpreter/linkResolver.cpp, line 759]
Event: 1.386 Thread 0x0000000132008e00 Exception <a 'java/lang/NoSuchMethodError'{0x00000005c5bb1a30}: 'java.lang.Object java.lang.invoke.DirectMethodHandle$Holder.newInvokeSpecial(java.lang.Object, long)'> (0x00000005c5bb1a30) 
thrown [src/hotspot/share/interpreter/linkResolver.cpp, line 759]
Event: 1.402 Thread 0x0000000132008e00 Exception <a 'sun/nio/fs/UnixException'{0x00000005c5bcbe38}> (0x00000005c5bcbe38) 
thrown [src/hotspot/share/prims/jni.cpp, line 516]
Event: 1.402 Thread 0x0000000132008e00 Exception <a 'sun/nio/fs/UnixException'{0x00000005c5bcc868}> (0x00000005c5bcc868) 
thrown [src/hotspot/share/prims/jni.cpp, line 516]
Event: 1.446 Thread 0x0000000132008e00 Exception <a 'sun/nio/fs/UnixException'{0x00000005c5bf8a40}> (0x00000005c5bf8a40) 
thrown [src/hotspot/share/prims/jni.cpp, line 516]
Event: 1.503 Thread 0x0000000132008e00 Exception <a 'sun/nio/fs/UnixException'{0x00000005c5c93ae0}> (0x00000005c5c93ae0) 
thrown [src/hotspot/share/prims/jni.cpp, line 516]
Event: 1.503 Thread 0x0000000132008e00 Exception <a 'sun/nio/fs/UnixException'{0x00000005c5c944e0}> (0x00000005c5c944e0) 
thrown [src/hotspot/share/prims/jni.cpp, line 516]
Event: 1.529 Thread 0x0000000132008e00 Exception <a 'sun/nio/fs/UnixException'{0x00000005c5c968c0}> (0x00000005c5c968c0) 
thrown [src/hotspot/share/prims/jni.cpp, line 516]
Event: 1.557 Thread 0x0000000132008e00 Exception <a 'sun/nio/fs/UnixException'{0x00000005c5ca3200}> (0x00000005c5ca3200) 
thrown [src/hotspot/share/prims/jni.cpp, line 516]
Event: 1.558 Thread 0x0000000132008e00 Exception <a 'sun/nio/fs/UnixException'{0x00000005c5ca3c00}> (0x00000005c5ca3c00) 
thrown [src/hotspot/share/prims/jni.cpp, line 516]

VM Operations (20 events):
Event: 0.838 Executing VM operation: RedefineClasses
Event: 0.843 Executing VM operation: RedefineClasses done
Event: 0.844 Executing VM operation: HandshakeAllThreads
Event: 0.844 Executing VM operation: HandshakeAllThreads done
Event: 0.846 Executing VM operation: ICBufferFull
Event: 0.846 Executing VM operation: ICBufferFull done
Event: 0.848 Executing VM operation: ICBufferFull
Event: 0.848 Executing VM operation: ICBufferFull done
Event: 0.850 Executing VM operation: ICBufferFull
Event: 0.850 Executing VM operation: ICBufferFull done
Event: 0.881 Executing VM operation: ICBufferFull
Event: 0.881 Executing VM operation: ICBufferFull done
Event: 0.902 Executing VM operation: ICBufferFull
Event: 0.902 Executing VM operation: ICBufferFull done
Event: 0.912 Executing VM operation: RedefineClasses
Event: 0.916 Executing VM operation: RedefineClasses done
Event: 0.967 Executing VM operation: ICBufferFull
Event: 0.967 Executing VM operation: ICBufferFull done
Event: 1.383 Executing VM operation: ICBufferFull
Event: 1.383 Executing VM operation: ICBufferFull done

Memory protections (20 events):
Event: 0.014 Protecting memory [0x000000016ee28000,0x000000016ee34000] with protection modes 0
Event: 0.014 Protecting memory [0x000000016f034000,0x000000016f040000] with protection modes 0
Event: 0.014 Protecting memory [0x000000016f240000,0x000000016f24c000] with protection modes 0
Event: 0.014 Protecting memory [0x000000016f44c000,0x000000016f458000] with protection modes 0
Event: 0.022 Protecting memory [0x000000016f658000,0x000000016f664000] with protection modes 0
Event: 0.033 Protecting memory [0x000000016f864000,0x000000016f870000] with protection modes 0
Event: 0.033 Protecting memory [0x000000016fa70000,0x000000016fa7c000] with protection modes 0
Event: 0.047 Protecting memory [0x000000016fe88000,0x000000016fe94000] with protection modes 0
Event: 0.161 Protecting memory [0x0000000171300000,0x000000017130c000] with protection modes 0
Event: 0.441 Protecting memory [0x000000017150c000,0x0000000171518000] with protection modes 0
Event: 0.491 Protecting memory [0x000000017154c000,0x0000000171558000] with protection modes 0
Event: 0.599 Protecting memory [0x0000000171300000,0x000000017130c000] with protection modes 3
Event: 0.599 Protecting memory [0x000000016fe88000,0x000000016fe94000] with protection modes 3
Event: 0.664 Protecting memory [0x000000016fe88000,0x000000016fe94000] with protection modes 0
Event: 0.844 Protecting memory [0x0000000171964000,0x0000000171970000] with protection modes 0
Event: 1.227 Protecting memory [0x0000000171964000,0x0000000171970000] with protection modes 3
Event: 1.227 Protecting memory [0x000000016fe88000,0x000000016fe94000] with protection modes 3
Event: 1.303 Protecting memory [0x000000010290c000,0x0000000102910000] with protection modes 1
Event: 1.312 Protecting memory [0x0000000172080000,0x000000017208c000] with protection modes 0
Event: 1.557 Protecting memory [0x0000000172080000,0x000000017208c000] with protection modes 3

Nmethod flushes (0 events):
No events

Events (20 events):
Event: 0.014 Thread 0x0000000132008e00 Thread added: 0x000000014183fc00
Event: 0.014 Thread 0x0000000132008e00 Thread added: 0x0000000141840200
Event: 0.014 Thread 0x0000000132008e00 Thread added: 0x0000000141843a00
Event: 0.014 Thread 0x0000000132008e00 Thread added: 0x0000000141844000
Event: 0.014 Thread 0x0000000132008e00 Thread added: 0x000000014184c600
Event: 0.022 Thread 0x0000000132008e00 Thread added: 0x0000000132030400
Event: 0.033 Thread 0x0000000132008e00 Thread added: 0x0000000141813600
Event: 0.033 Thread 0x0000000132008e00 Thread added: 0x0000000141812e00
Event: 0.047 Thread 0x0000000141844000 Thread added: 0x0000000132009400
Event: 0.161 Thread 0x0000000141844000 Thread added: 0x0000000141874c00
Event: 0.441 Thread 0x0000000132008e00 Thread added: 0x0000000141a19600
Event: 0.491 Thread 0x000000013080d600 Thread added: 0x0000000141878000
Event: 0.599 Thread 0x0000000141874c00 Thread exited: 0x0000000141874c00
Event: 0.599 Thread 0x0000000132009400 Thread exited: 0x0000000132009400
Event: 0.664 Thread 0x0000000141844000 Thread added: 0x000000014000a200
Event: 0.844 Thread 0x0000000141844000 Thread added: 0x0000000141874c00
Event: 1.227 Thread 0x0000000141874c00 Thread exited: 0x0000000141874c00
Event: 1.227 Thread 0x000000014000a200 Thread exited: 0x000000014000a200
Event: 1.312 Thread 0x0000000141844000 Thread added: 0x00000001323d1c00
Event: 1.557 Thread 0x00000001323d1c00 Thread exited: 0x00000001323d1c00


Dynamic libraries:
0x0000000102840000 	/Users/aliehsaeedi/Library/Java/JavaVirtualMachines/corretto-17.0.13/Contents/Home/lib/libjli.dylib
0x00000001ba215000 	/System/Library/Frameworks/Cocoa.framework/Versions/A/Cocoa
0x00000001a19c7000 	/System/Library/Frameworks/AppKit.framework/Versions/C/AppKit
0x00000001a4cb7000 	/System/Library/Frameworks/CoreData.framework/Versions/A/CoreData
0x000000019f057000 	/System/Library/Frameworks/Foundation.framework/Versions/C/Foundation
0x00000001abc55000 	/usr/lib/libSystem.B.dylib
0x00000001a2e58000 	/System/Library/PrivateFrameworks/UIFoundation.framework/Versions/A/UIFoundation
0x000000024ba0e000 	/System/Library/PrivateFrameworks/CollectionViewCore.framework/Versions/A/CollectionViewCore
0x00000001a97da000 	/System/Library/PrivateFrameworks/XCTTargetBootstrap.framework/Versions/A/XCTTargetBootstrap
0x00000001ae44f000 	/System/Library/PrivateFrameworks/InternationalSupport.framework/Versions/A/InternationalSupport
0x00000001ae7a6000 	/System/Library/PrivateFrameworks/UserActivity.framework/Versions/A/UserActivity
0x000000027a396000 	/System/Library/PrivateFrameworks/UIIntelligenceSupport.framework/Versions/A/UIIntelligenceSupport
0x0000000204519000 	/System/Library/Frameworks/SwiftUICore.framework/Versions/A/SwiftUICore
0x000000027f41c000 	/System/Library/PrivateFrameworks/WritingTools.framework/Versions/A/WritingTools
0x000000027e460000 	/System/Library/PrivateFrameworks/WindowManagement.framework/Versions/A/WindowManagement
0x000000019ecba000 	/System/Library/Frameworks/SystemConfiguration.framework/Versions/A/SystemConfiguration
0x00000001ad884000 	/usr/lib/libspindump.dylib
0x00000001a300a000 	/System/Library/Frameworks/UniformTypeIdentifiers.framework/Versions/A/UniformTypeIdentifiers
0x00000001ab041000 	/usr/lib/libbsm.0.dylib
0x00000001a725b000 	/usr/lib/libapp_launch_measurement.dylib
0x00000001a6603000 	/System/Library/PrivateFrameworks/CoreAnalytics.framework/Versions/A/CoreAnalytics
0x00000001a725f000 	/System/Library/PrivateFrameworks/CoreAutoLayout.framework/Versions/A/CoreAutoLayout
0x00000001a8df4000 	/System/Library/Frameworks/Metal.framework/Versions/A/Metal
0x00000001aa01d000 	/usr/lib/liblangid.dylib
0x00000001a97e0000 	/System/Library/PrivateFrameworks/CoreSVG.framework/Versions/A/CoreSVG
0x00000001a3a2f000 	/System/Library/PrivateFrameworks/SkyLight.framework/Versions/A/SkyLight
0x00000001a3f56000 	/System/Library/Frameworks/CoreGraphics.framework/Versions/A/CoreGraphics
0x00000001b3926000 	/System/Library/Frameworks/Accelerate.framework/Versions/A/Accelerate
0x00000001ad6c7000 	/System/Library/PrivateFrameworks/IconServices.framework/Versions/A/IconServices
0x00000001a8dd1000 	/System/Library/Frameworks/IOSurface.framework/Versions/A/IOSurface
0x00000001a6634000 	/usr/lib/libDiagnosticMessagesClient.dylib
0x00000001abb9f000 	/usr/lib/libz.1.dylib
0x00000001b783b000 	/System/Library/Frameworks/ApplicationServices.framework/Versions/A/ApplicationServices
0x00000001a97c5000 	/System/Library/PrivateFrameworks/DFRFoundation.framework/Versions/A/DFRFoundation
0x00000001a122c000 	/usr/lib/libicucore.A.dylib
0x00000001af82f000 	/System/Library/Frameworks/AudioToolbox.framework/Versions/A/AudioToolbox
0x00000001ae757000 	/System/Library/PrivateFrameworks/DataDetectorsCore.framework/Versions/A/DataDetectorsCore
0x00000001ca2c5000 	/System/Library/PrivateFrameworks/TextInput.framework/Versions/A/TextInput
0x00000001a397a000 	/usr/lib/libMobileGestalt.dylib
0x00000001a94be000 	/System/Library/Frameworks/Carbon.framework/Versions/A/Frameworks/HIToolbox.framework/Versions/A/HIToolbox
0x00000001a6b3c000 	/System/Library/Frameworks/QuartzCore.framework/Versions/A/QuartzCore
0x00000001a0e27000 	/System/Library/Frameworks/Security.framework/Versions/A/Security
0x00000001b3283000 	/System/Library/Frameworks/Carbon.framework/Versions/A/Frameworks/SpeechRecognition.framework/Versions/A/SpeechRecognition
0x00000001a6f62000 	/System/Library/PrivateFrameworks/CoreUI.framework/Versions/A/CoreUI
0x00000001a06f4000 	/System/Library/Frameworks/CoreAudio.framework/Versions/A/CoreAudio
0x00000001a6722000 	/System/Library/Frameworks/DiskArbitration.framework/Versions/A/DiskArbitration
0x00000001adced000 	/System/Library/PrivateFrameworks/MultitouchSupport.framework/Versions/A/MultitouchSupport
0x00000001a3978000 	/usr/lib/libenergytrace.dylib
0x00000001be869000 	/System/Library/PrivateFrameworks/RenderBox.framework/Versions/A/RenderBox
0x00000001a1877000 	/System/Library/Frameworks/IOKit.framework/Versions/A/IOKit
0x00000001b367a000 	/System/Library/Frameworks/CoreServices.framework/Versions/A/CoreServices
0x00000001a71ec000 	/System/Library/PrivateFrameworks/PerformanceAnalysis.framework/Versions/A/PerformanceAnalysis
0x00000001fdeda000 	/System/Library/Frameworks/OpenGL.framework/Versions/A/OpenGL
0x00000001a72a9000 	/usr/lib/libxml2.2.dylib
0x00000001aaf25000 	/System/Library/PrivateFrameworks/MobileKeyBag.framework/Versions/A/MobileKeyBag
0x000000019d5fc000 	/usr/lib/libobjc.A.dylib
0x000000019d90a000 	/usr/lib/libc++.1.dylib
0x00000001b35fb000 	/System/Library/Frameworks/Accessibility.framework/Versions/A/Accessibility
0x00000001a4687000 	/System/Library/Frameworks/ColorSync.framework/Versions/A/ColorSync
0x000000019da66000 	/System/Library/Frameworks/CoreFoundation.framework/Versions/A/CoreFoundation
0x00000001a9b9f000 	/System/Library/Frameworks/CoreImage.framework/Versions/A/CoreImage
0x00000001a04d5000 	/System/Library/Frameworks/CoreText.framework/Versions/A/CoreText
0x00000001ff426000 	/System/Library/Frameworks/CoreTransferable.framework/Versions/A/CoreTransferable
0x00000001ff9ab000 	/System/Library/Frameworks/DataDetection.framework/Versions/A/DataDetection
0x00000001ff9ae000 	/System/Library/Frameworks/DeveloperToolsSupport.framework/Versions/A/DeveloperToolsSupport
0x00000001a981b000 	/System/Library/Frameworks/ImageIO.framework/Versions/A/ImageIO
0x00000002050dc000 	/System/Library/Frameworks/Symbols.framework/Versions/A/Symbols
0x00000001f1686000 	/System/Library/PrivateFrameworks/FeatureFlags.framework/Versions/A/FeatureFlags
0x00000001abc5a000 	/System/Library/PrivateFrameworks/SoftLinking.framework/Versions/A/SoftLinking
0x00000001dcf3f000 	/usr/lib/swift/libswiftAccelerate.dylib
0x00000001af1c4000 	/usr/lib/swift/libswiftCore.dylib
0x00000001c6968000 	/usr/lib/swift/libswiftCoreFoundation.dylib
0x00000001c69c2000 	/usr/lib/swift/libswiftCoreImage.dylib
0x00000001c3cd1000 	/usr/lib/swift/libswiftDarwin.dylib
0x0000000286039000 	/usr/lib/swift/libswiftDataDetection.dylib
0x00000001b5173000 	/usr/lib/swift/libswiftDispatch.dylib
0x00000001c69c3000 	/usr/lib/swift/libswiftIOKit.dylib
0x00000001d3533000 	/usr/lib/swift/libswiftMetal.dylib
0x00000001e24d8000 	/usr/lib/swift/libswiftOSLog.dylib
0x00000001b7df5000 	/usr/lib/swift/libswiftObjectiveC.dylib
0x0000000286066000 	/usr/lib/swift/libswiftObservation.dylib
0x00000001d88d5000 	/usr/lib/swift/libswiftQuartzCore.dylib
0x00000001dcf30000 	/usr/lib/swift/libswiftUniformTypeIdentifiers.dylib
0x00000001c697a000 	/usr/lib/swift/libswiftXPC.dylib
0x000000028614c000 	/usr/lib/swift/libswift_Builtin_float.dylib
0x000000028614f000 	/usr/lib/swift/libswift_Concurrency.dylib
0x00000002862ae000 	/usr/lib/swift/libswift_StringProcessing.dylib
0x0000000286341000 	/usr/lib/swift/libswift_errno.dylib
0x0000000286343000 	/usr/lib/swift/libswift_math.dylib
0x0000000286346000 	/usr/lib/swift/libswift_signal.dylib
0x0000000286347000 	/usr/lib/swift/libswift_stdio.dylib
0x0000000286348000 	/usr/lib/swift/libswift_time.dylib
0x00000001b7df9000 	/usr/lib/swift/libswiftos.dylib
0x00000001ca21c000 	/usr/lib/swift/libswiftsimd.dylib
0x0000000286349000 	/usr/lib/swift/libswiftsys_time.dylib
0x000000028634a000 	/usr/lib/swift/libswiftunistd.dylib
0x00000001abe83000 	/usr/lib/libcompression.dylib
0x00000001ae3af000 	/System/Library/PrivateFrameworks/TextureIO.framework/Versions/A/TextureIO
0x00000001ad366000 	/usr/lib/libate.dylib
0x00000001abc4f000 	/usr/lib/system/libcache.dylib
0x00000001abc0a000 	/usr/lib/system/libcommonCrypto.dylib
0x00000001abc35000 	/usr/lib/system/libcompiler_rt.dylib
0x00000001abc2a000 	/usr/lib/system/libcopyfile.dylib
0x000000019d757000 	/usr/lib/system/libcorecrypto.dylib
0x000000019d83e000 	/usr/lib/system/libdispatch.dylib
0x000000019d9fe000 	/usr/lib/system/libdyld.dylib
0x00000001abc45000 	/usr/lib/system/libkeymgr.dylib
0x00000001abbed000 	/usr/lib/system/libmacho.dylib
0x00000001ab01a000 	/usr/lib/system/libquarantine.dylib
0x00000001abc42000 	/usr/lib/system/libremovefile.dylib
0x00000001a39f4000 	/usr/lib/system/libsystem_asl.dylib
0x000000019d6ec000 	/usr/lib/system/libsystem_blocks.dylib
0x000000019d888000 	/usr/lib/system/libsystem_c.dylib
0x00000001abc39000 	/usr/lib/system/libsystem_collections.dylib
0x00000001aa00a000 	/usr/lib/system/libsystem_configuration.dylib
0x00000001a8da0000 	/usr/lib/system/libsystem_containermanager.dylib
0x00000001ab730000 	/usr/lib/system/libsystem_coreservices.dylib
0x00000001a14f8000 	/usr/lib/system/libsystem_darwin.dylib
0x0000000286481000 	/usr/lib/system/libsystem_darwindirectory.dylib
0x00000001abc46000 	/usr/lib/system/libsystem_dnssd.dylib
0x0000000286485000 	/usr/lib/system/libsystem_eligibility.dylib
0x000000019d885000 	/usr/lib/system/libsystem_featureflags.dylib
0x000000019da36000 	/usr/lib/system/libsystem_info.dylib
0x00000001abbae000 	/usr/lib/system/libsystem_m.dylib
0x000000019d7f6000 	/usr/lib/system/libsystem_malloc.dylib
0x00000001a395d000 	/usr/lib/system/libsystem_networkextension.dylib
0x00000001a195a000 	/usr/lib/system/libsystem_notify.dylib
0x00000001aa00f000 	/usr/lib/system/libsystem_sandbox.dylib
0x000000028648d000 	/usr/lib/system/libsystem_sanitizers.dylib
0x00000001abc3e000 	/usr/lib/system/libsystem_secinit.dylib
0x000000019d9b5000 	/usr/lib/system/libsystem_kernel.dylib
0x000000019da2e000 	/usr/lib/system/libsystem_platform.dylib
0x000000019d9f1000 	/usr/lib/system/libsystem_pthread.dylib
0x00000001a5551000 	/usr/lib/system/libsystem_symptoms.dylib
0x000000019d73b000 	/usr/lib/system/libsystem_trace.dylib
0x00000001abc18000 	/usr/lib/system/libunwind.dylib
0x000000019d6f0000 	/usr/lib/system/libxpc.dylib
0x000000019d997000 	/usr/lib/libc++abi.dylib
0x0000000285056000 	/usr/lib/libRosetta.dylib
0x00000001a17f6000 	/System/Library/PrivateFrameworks/CoreServicesInternal.framework/Versions/A/CoreServicesInternal
0x00000001abc22000 	/usr/lib/liboah.dylib
0x00000001abc57000 	/usr/lib/libfakelink.dylib
0x00000001b72ee000 	/System/Library/PrivateFrameworks/DiskImages.framework/Versions/A/DiskImages
0x00000001c37fa000 	/System/Library/Frameworks/NetFS.framework/Versions/A/NetFS
0x00000001a3593000 	/System/Library/Frameworks/CFNetwork.framework/Versions/A/CFNetwork
0x00000001a7223000 	/System/Library/Frameworks/CoreServices.framework/Versions/A/Frameworks/FSEvents.framework/Versions/A/FSEvents
0x00000001a1503000 	/System/Library/Frameworks/CoreServices.framework/Versions/A/Frameworks/CarbonCore.framework/Versions/A/CarbonCore
0x00000001a6697000 	/System/Library/Frameworks/CoreServices.framework/Versions/A/Frameworks/Metadata.framework/Versions/A/Metadata
0x00000001ab737000 	/System/Library/Frameworks/CoreServices.framework/Versions/A/Frameworks/OSServices.framework/Versions/A/OSServices
0x00000001abda4000 	/System/Library/Frameworks/CoreServices.framework/Versions/A/Frameworks/SearchKit.framework/Versions/A/SearchKit
0x00000001a54cc000 	/System/Library/Frameworks/CoreServices.framework/Versions/A/Frameworks/AE.framework/Versions/A/AE
0x000000019dfa5000 	/System/Library/Frameworks/CoreServices.framework/Versions/A/Frameworks/LaunchServices.framework/Versions/A/LaunchServices
0x00000001ad1bb000 	/System/Library/Frameworks/CoreServices.framework/Versions/A/Frameworks/DictionaryServices.framework/Versions/A/DictionaryServices
0x00000001a7231000 	/System/Library/Frameworks/CoreServices.framework/Versions/A/Frameworks/SharedFileList.framework/Versions/A/SharedFileList
0x00000001abe3a000 	/usr/lib/libapple_nghttp2.dylib
0x00000001a512d000 	/usr/lib/libsqlite3.dylib
0x00000001afe72000 	/System/Library/Frameworks/GSS.framework/Versions/A/GSS
0x00000001a5463000 	/System/Library/PrivateFrameworks/RunningBoardServices.framework/Versions/A/RunningBoardServices
0x00000001a555a000 	/System/Library/Frameworks/Network.framework/Versions/A/Network
0x00000001abbf1000 	/usr/lib/system/libkxld.dylib
0x0000000247899000 	/System/Library/PrivateFrameworks/AppleKeyStore.framework/Versions/A/AppleKeyStore
0x0000000284eae000 	/usr/lib/libCoreEntitlements.dylib
0x0000000262887000 	/System/Library/PrivateFrameworks/MessageSecurity.framework/Versions/A/MessageSecurity
0x00000001a5112000 	/System/Library/PrivateFrameworks/ProtocolBuffer.framework/Versions/A/ProtocolBuffer
0x00000001ab717000 	/System/Library/PrivateFrameworks/AppleFSCompression.framework/Versions/A/AppleFSCompression
0x00000001ab029000 	/usr/lib/libcoretls.dylib
0x00000001ad231000 	/usr/lib/libcoretls_cfhelpers.dylib
0x00000001abe7d000 	/usr/lib/libpam.2.dylib
0x00000001ad2a5000 	/usr/lib/libxar.1.dylib
0x00000001abcac000 	/usr/lib/libarchive.2.dylib
0x00000001b1575000 	/System/Library/Frameworks/Combine.framework/Versions/A/Combine
0x000000024ba32000 	/System/Library/PrivateFrameworks/CollectionsInternal.framework/Versions/A/CollectionsInternal
0x000000026b8e2000 	/System/Library/PrivateFrameworks/ReflectionInternal.framework/Versions/A/ReflectionInternal
0x000000026c5b9000 	/System/Library/PrivateFrameworks/RuntimeInternal.framework/Versions/A/RuntimeInternal
0x00000002860dd000 	/usr/lib/swift/libswiftSystem.dylib
0x00000001aa018000 	/System/Library/PrivateFrameworks/AppleSystemInfo.framework/Versions/A/AppleSystemInfo
0x00000001c6853000 	/System/Library/PrivateFrameworks/LoggingSupport.framework/Versions/A/LoggingSupport
0x00000001b4634000 	/System/Library/PrivateFrameworks/PowerLog.framework/Versions/A/PowerLog
0x00000002043de000 	/System/Library/Frameworks/SwiftData.framework/Versions/A/SwiftData
0x00000001a7434000 	/System/Library/PrivateFrameworks/UserManagement.framework/Versions/A/UserManagement
0x00000001a34c1000 	/usr/lib/libboringssl.dylib
0x00000001a5540000 	/usr/lib/libdns_services.dylib
0x00000001c5a02000 	/usr/lib/libquic.dylib
0x00000001af153000 	/usr/lib/libusrtcp.dylib
0x00000001ea34d000 	/System/Library/PrivateFrameworks/InternalSwiftProtobuf.framework/Versions/A/InternalSwiftProtobuf
0x000000028603a000 	/usr/lib/swift/libswiftDistributed.dylib
0x00000002860d3000 	/usr/lib/swift/libswiftSynchronization.dylib
0x00000001a3592000 	/usr/lib/libnetwork.dylib
0x00000001d7509000 	/System/Library/PrivateFrameworks/OSAnalytics.framework/Versions/A/OSAnalytics
0x00000001abe15000 	/System/Library/PrivateFrameworks/AppleSauce.framework/Versions/A/AppleSauce
0x00000001b5909000 	/System/Library/PrivateFrameworks/CoreSymbolication.framework/Versions/A/CoreSymbolication
0x00000001e6016000 	/System/Library/PrivateFrameworks/Symbolication.framework/Versions/A/Symbolication
0x00000001b58e5000 	/System/Library/PrivateFrameworks/DebugSymbols.framework/Versions/A/DebugSymbols
0x0000000284d79000 	/usr/lib/libAppleArchive.dylib
0x00000001ab723000 	/usr/lib/libbz2.1.0.dylib
0x00000001ad212000 	/usr/lib/liblzma.5.dylib
0x00000001aad15000 	/System/Library/PrivateFrameworks/IOMobileFramebuffer.framework/Versions/A/IOMobileFramebuffer
0x00000001c68dc000 	/System/Library/PrivateFrameworks/MallocStackLogging.framework/Versions/A/MallocStackLogging
0x00000001ad400000 	/System/Library/PrivateFrameworks/CrashReporterSupport.framework/Versions/A/CrashReporterSupport
0x000000019eab1000 	/System/Library/PrivateFrameworks/Lexicon.framework/Versions/A/Lexicon
0x000000025abc6000 	/System/Library/PrivateFrameworks/IO80211.framework/Versions/A/IO80211
0x00000001b540b000 	/System/Library/PrivateFrameworks/FrontBoardServices.framework/Versions/A/FrontBoardServices
0x00000001aaf51000 	/System/Library/Frameworks/SecurityFoundation.framework/Versions/A/SecurityFoundation
0x00000001ab0b3000 	/usr/lib/libgermantok.dylib
0x00000001aa13c000 	/System/Library/PrivateFrameworks/LinguisticData.framework/Versions/A/LinguisticData
0x00000001a537e000 	/System/Library/PrivateFrameworks/BaseBoard.framework/Versions/A/BaseBoard
0x00000001b54d8000 	/System/Library/PrivateFrameworks/BoardServices.framework/Versions/A/BoardServices
0x00000001aaf42000 	/System/Library/PrivateFrameworks/AssertionServices.framework/Versions/A/AssertionServices
0x00000001b7128000 	/System/Library/PrivateFrameworks/BackBoardServices.framework/Versions/A/BackBoardServices
0x00000001a91eb000 	/System/Library/PrivateFrameworks/FontServices.framework/libFontParser.dylib
0x00000001a3a0c000 	/System/Library/PrivateFrameworks/TCC.framework/Versions/A/TCC
0x00000001bab23000 	/System/Library/PrivateFrameworks/IOSurfaceAccelerator.framework/Versions/A/IOSurfaceAccelerator
0x00000001adceb000 	/System/Library/PrivateFrameworks/WatchdogClient.framework/Versions/A/WatchdogClient
0x000000019fffc000 	/System/Library/Frameworks/CoreDisplay.framework/Versions/A/CoreDisplay
0x00000001a908f000 	/System/Library/Frameworks/CoreMedia.framework/Versions/A/CoreMedia
0x00000001a8dea000 	/System/Library/PrivateFrameworks/IOAccelerator.framework/Versions/A/IOAccelerator
0x00000001a7393000 	/System/Library/Frameworks/CoreVideo.framework/Versions/A/CoreVideo
0x00000001abe7b000 	/System/Library/Frameworks/MetalPerformanceShaders.framework/Versions/A/MetalPerformanceShaders
0x000000026ac20000 	/System/Library/PrivateFrameworks/ProDisplayLibrary.framework/Versions/A/ProDisplayLibrary
0x00000001add33000 	/System/Library/Frameworks/VideoToolbox.framework/Versions/A/VideoToolbox
0x00000001aa016000 	/System/Library/PrivateFrameworks/AggregateDictionary.framework/Versions/A/AggregateDictionary
0x00000001ad233000 	/System/Library/PrivateFrameworks/APFS.framework/Versions/A/APFS
0x00000001ad2b4000 	/usr/lib/libutil.dylib
0x0000000275b45000 	/System/Library/PrivateFrameworks/SwiftASN1Internal.framework/Versions/A/SwiftASN1Internal
0x00000001a672c000 	/System/Library/Frameworks/Accelerate.framework/Versions/A/Frameworks/vImage.framework/Versions/A/vImage
0x00000001b3655000 	/System/Library/Frameworks/Accelerate.framework/Versions/A/Frameworks/vecLib.framework/Versions/A/vecLib
0x00000001ad2ec000 	/System/Library/Frameworks/Accelerate.framework/Versions/A/Frameworks/vecLib.framework/Versions/A/libvMisc.dylib
0x000000019e41d000 	/System/Library/Frameworks/Accelerate.framework/Versions/A/Frameworks/vecLib.framework/Versions/A/libBLAS.dylib
0x00000001afa7f000 	/System/Library/Frameworks/ApplicationServices.framework/Versions/A/Frameworks/ATS.framework/Versions/A/ATS
0x00000001a483d000 	/System/Library/Frameworks/ApplicationServices.framework/Versions/A/Frameworks/HIServices.framework/Versions/A/HIServices
0x00000001ae338000 	/System/Library/Frameworks/ApplicationServices.framework/Versions/A/Frameworks/PrintCore.framework/Versions/A/PrintCore
0x00000001afe3c000 	/System/Library/Frameworks/ApplicationServices.framework/Versions/A/Frameworks/QD.framework/Versions/A/QD
0x00000001afe33000 	/System/Library/Frameworks/ApplicationServices.framework/Versions/A/Frameworks/ColorSyncLegacy.framework/Versions/A/ColorSyncLegacy
0x00000001afa51000 	/System/Library/Frameworks/ApplicationServices.framework/Versions/A/Frameworks/SpeechSynthesis.framework/Versions/A/SpeechSynthesis
0x00000001aace2000 	/System/Library/PrivateFrameworks/CoreEmoji.framework/Versions/A/CoreEmoji
0x0000000251c8b000 	/System/Library/PrivateFrameworks/FontServices.framework/Versions/A/FontServices
0x00000001ad839000 	/System/Library/PrivateFrameworks/OTSVG.framework/Versions/A/OTSVG
0x00000001a6f10000 	/System/Library/Frameworks/ApplicationServices.framework/Versions/A/Frameworks/ATS.framework/Versions/A/Resources/libFontRegistry.dylib
0x000000028543b000 	/usr/lib/libhvf.dylib
0x0000000266b24000 	/System/Library/PrivateFrameworks/ParsingInternal.framework/Versions/A/ParsingInternal
0x0000000286083000 	/usr/lib/swift/libswiftRegexBuilder.dylib
0x000000028620b000 	/usr/lib/swift/libswift_RegexParser.dylib
0x00000001adbb4000 	/System/Library/PrivateFrameworks/AppleJPEG.framework/Versions/A/AppleJPEG
0x00000001ad655000 	/usr/lib/libexpat.1.dylib
0x00000001ae20e000 	/System/Library/Frameworks/ImageIO.framework/Versions/A/Resources/libPng.dylib
0x00000001ae239000 	/System/Library/Frameworks/ImageIO.framework/Versions/A/Resources/libTIFF.dylib
0x00000001ae323000 	/System/Library/Frameworks/ImageIO.framework/Versions/A/Resources/libGIF.dylib
0x00000001adbfa000 	/System/Library/Frameworks/ImageIO.framework/Versions/A/Resources/libJP2.dylib
0x00000001ae2ca000 	/System/Library/Frameworks/ImageIO.framework/Versions/A/Resources/libJPEG.dylib
0x00000001ae2c1000 	/System/Library/Frameworks/ImageIO.framework/Versions/A/Resources/libRadiance.dylib
0x000000025695a000 	/System/Library/PrivateFrameworks/GPUCompiler.framework/Versions/32023/Libraries/libllvm-flatbuffers.dylib
0x0000000251d56000 	/System/Library/PrivateFrameworks/FramePacing.framework/Versions/A/FramePacing
0x00000001fdecc000 	/System/Library/Frameworks/OpenGL.framework/Versions/A/Libraries/libCoreFSCache.dylib
0x00000002528cb000 	/System/Library/PrivateFrameworks/GPUCompiler.framework/Versions/32023/Libraries/libGPUCompilerUtils.dylib
0x0000000251c8c000 	/System/Library/PrivateFrameworks/FontServices.framework/libXTFontStaticRegistryData.dylib
0x00000001b8f38000 	/System/Library/PrivateFrameworks/ASEProcessing.framework/Versions/A/ASEProcessing
0x0000000269d8d000 	/System/Library/PrivateFrameworks/PhotosensitivityProcessing.framework/Versions/A/PhotosensitivityProcessing
0x00000001ad82d000 	/System/Library/PrivateFrameworks/GraphVisualizer.framework/Versions/A/GraphVisualizer
0x00000001fdf2a000 	/System/Library/Frameworks/OpenGL.framework/Versions/A/Libraries/libGLU.dylib
0x00000001fdeee000 	/System/Library/Frameworks/OpenGL.framework/Versions/A/Libraries/libGFXShared.dylib
0x00000001fe0b6000 	/System/Library/Frameworks/OpenGL.framework/Versions/A/Libraries/libGL.dylib
0x00000001fdef7000 	/System/Library/Frameworks/OpenGL.framework/Versions/A/Libraries/libGLImage.dylib
0x00000001fdeeb000 	/System/Library/Frameworks/OpenGL.framework/Versions/A/Libraries/libCVMSPluginSupport.dylib
0x00000001fded4000 	/System/Library/Frameworks/OpenGL.framework/Versions/A/Libraries/libCoreVMClient.dylib
0x00000001a9f5a000 	/System/Library/Frameworks/MetalPerformanceShaders.framework/Versions/A/Frameworks/MPSCore.framework/Versions/A/MPSCore
0x00000001ab682000 	/System/Library/Frameworks/MetalPerformanceShaders.framework/Versions/A/Frameworks/MPSImage.framework/Versions/A/MPSImage
0x00000001ab0cb000 	/System/Library/Frameworks/MetalPerformanceShaders.framework/Versions/A/Frameworks/MPSNeuralNetwork.framework/Versions/A/MPSNeuralNetwork
0x00000001ab502000 	/System/Library/Frameworks/MetalPerformanceShaders.framework/Versions/A/Frameworks/MPSMatrix.framework/Versions/A/MPSMatrix
0x00000001ab317000 	/System/Library/Frameworks/MetalPerformanceShaders.framework/Versions/A/Frameworks/MPSRayIntersector.framework/Versions/A/MPSRayIntersector
0x00000001ab534000 	/System/Library/Frameworks/MetalPerformanceShaders.framework/Versions/A/Frameworks/MPSNDArray.framework/Versions/A/MPSNDArray
0x00000002017cc000 	/System/Library/Frameworks/MetalPerformanceShaders.framework/Versions/A/Frameworks/MPSFunctions.framework/Versions/A/MPSFunctions
0x00000002017ae000 	/System/Library/Frameworks/MetalPerformanceShaders.framework/Versions/A/Frameworks/MPSBenchmarkLoop.framework/Versions/A/MPSBenchmarkLoop
0x000000019e298000 	/System/Library/PrivateFrameworks/MetalTools.framework/Versions/A/MetalTools
0x00000001cb5c5000 	/System/Library/PrivateFrameworks/IOAccelMemoryInfo.framework/Versions/A/IOAccelMemoryInfo
0x00000001d8cca000 	/System/Library/PrivateFrameworks/kperf.framework/Versions/A/kperf
0x00000001c6943000 	/System/Library/PrivateFrameworks/GPURawCounter.framework/Versions/A/GPURawCounter
0x00000001ae2f5000 	/System/Library/Frameworks/ApplicationServices.framework/Versions/A/Frameworks/ATSUI.framework/Versions/A/ATSUI
0x00000001afdc7000 	/usr/lib/libcups.2.dylib
0x00000001afe61000 	/System/Library/Frameworks/Kerberos.framework/Versions/A/Kerberos
0x00000001afac7000 	/usr/lib/libresolv.9.dylib
0x00000001abc91000 	/usr/lib/libiconv.2.dylib
0x00000001ad88b000 	/System/Library/PrivateFrameworks/Heimdal.framework/Versions/A/Heimdal
0x00000001b7d4c000 	/System/Library/Frameworks/Kerberos.framework/Versions/A/Libraries/libHeimdalProxy.dylib
0x00000001ad670000 	/usr/lib/libheimdal-asn1.dylib
0x00000001a71f6000 	/System/Library/Frameworks/OpenDirectory.framework/Versions/A/OpenDirectory
0x00000001afec4000 	/System/Library/PrivateFrameworks/CommonAuth.framework/Versions/A/CommonAuth
0x00000001a7204000 	/System/Library/Frameworks/OpenDirectory.framework/Versions/A/Frameworks/CFOpenDirectory.framework/Versions/A/CFOpenDirectory
0x00000001abbec000 	/usr/lib/libcharset.1.dylib
0x00000001fe452000 	/System/Library/Frameworks/AVFAudio.framework/Versions/A/AVFAudio
0x00000001c022f000 	/System/Library/PrivateFrameworks/AXCoreUtilities.framework/Versions/A/AXCoreUtilities
0x000000025e4ff000 	/System/Library/PrivateFrameworks/IsolatedCoreAudioClient.framework/Versions/A/IsolatedCoreAudioClient
0x00000001afa38000 	/usr/lib/libAudioStatistics.dylib
0x00000001a9067000 	/System/Library/PrivateFrameworks/caulk.framework/Versions/A/caulk
0x00000001a011d000 	/System/Library/PrivateFrameworks/AudioToolboxCore.framework/Versions/A/AudioToolboxCore
0x00000001ba042000 	/System/Library/Frameworks/CoreMIDI.framework/Versions/A/CoreMIDI
0x00000001af9da000 	/System/Library/PrivateFrameworks/AudioSession.framework/Versions/A/AudioSession
0x00000001b12dd000 	/System/Library/Frameworks/IOBluetooth.framework/Versions/A/IOBluetooth
0x00000001ad75a000 	/System/Library/PrivateFrameworks/MediaExperience.framework/Versions/A/MediaExperience
0x0000000278609000 	/System/Library/PrivateFrameworks/Tightbeam.framework/Versions/A/Tightbeam
0x000000024c4f0000 	/System/Library/PrivateFrameworks/CoreAudioOrchestration.framework/Versions/A/CoreAudioOrchestration
0x00000001dd602000 	/System/Library/PrivateFrameworks/AFKUser.framework/Versions/A/AFKUser
0x00000001c6947000 	/usr/lib/swift/libswiftCoreAudio.dylib
0x00000001ad87a000 	/System/Library/PrivateFrameworks/AppServerSupport.framework/Versions/A/AppServerSupport
0x00000001afe45000 	/System/Library/PrivateFrameworks/perfdata.framework/Versions/A/perfdata
0x00000001c5afb000 	/System/Library/PrivateFrameworks/SystemPolicy.framework/Versions/A/SystemPolicy
0x00000001afce6000 	/usr/lib/libSMC.dylib
0x00000001ae1d8000 	/usr/lib/libAudioToolboxUtility.dylib
0x00000001afe53000 	/usr/lib/libperfcheck.dylib
0x0000000248417000 	/System/Library/PrivateFrameworks/AudioAnalytics.framework/Versions/A/AudioAnalytics
0x00000001ea114000 	/System/Library/Frameworks/OSLog.framework/Versions/A/OSLog
0x00000001c690e000 	/usr/lib/libmis.dylib
0x00000001af7e8000 	/System/Library/PrivateFrameworks/AudioSession.framework/libSessionUtility.dylib
0x00000001ae329000 	/System/Library/PrivateFrameworks/CMCaptureCore.framework/Versions/A/CMCaptureCore
0x00000001ffafb000 	/System/Library/Frameworks/ExtensionFoundation.framework/Versions/A/ExtensionFoundation
0x00000001b5a16000 	/System/Library/PrivateFrameworks/CoreTime.framework/Versions/A/CoreTime
0x00000001ad554000 	/System/Library/PrivateFrameworks/PlugInKit.framework/Versions/A/PlugInKit
0x00000001b453d000 	/System/Library/Frameworks/CoreBluetooth.framework/Versions/A/CoreBluetooth
0x00000001b7d4d000 	/System/Library/Frameworks/AudioUnit.framework/Versions/A/AudioUnit
0x00000001aada6000 	/System/Library/PrivateFrameworks/CoreUtils.framework/Versions/A/CoreUtils
0x000000024f4a3000 	/System/Library/PrivateFrameworks/CoreUtilsExtras.framework/Versions/A/CoreUtilsExtras
0x00000001b3976000 	/System/Library/Frameworks/MediaAccessibility.framework/Versions/A/MediaAccessibility
0x00000001cef65000 	/System/Library/PrivateFrameworks/AttributeGraph.framework/Versions/A/AttributeGraph
0x0000000284cf7000 	/usr/lib/libAXSafeCategoryBundle.dylib
0x00000001c02eb000 	/usr/lib/libAccessibility.dylib
0x00000001aabf0000 	/System/Library/Frameworks/Accelerate.framework/Versions/A/Frameworks/vecLib.framework/Versions/A/libvDSP.dylib
0x00000001abf59000 	/System/Library/Frameworks/Accelerate.framework/Versions/A/Frameworks/vecLib.framework/Versions/A/libLAPACK.dylib
0x00000001ab0b6000 	/System/Library/Frameworks/Accelerate.framework/Versions/A/Frameworks/vecLib.framework/Versions/A/libLinearAlgebra.dylib
0x00000001abe54000 	/System/Library/Frameworks/Accelerate.framework/Versions/A/Frameworks/vecLib.framework/Versions/A/libSparseBLAS.dylib
0x00000001abf54000 	/System/Library/Frameworks/Accelerate.framework/Versions/A/Frameworks/vecLib.framework/Versions/A/libQuadrature.dylib
0x00000001aa143000 	/System/Library/Frameworks/Accelerate.framework/Versions/A/Frameworks/vecLib.framework/Versions/A/libBNNS.dylib
0x000000019ebbe000 	/System/Library/Frameworks/Accelerate.framework/Versions/A/Frameworks/vecLib.framework/Versions/A/libSparse.dylib
0x000000025fc76000 	/System/Library/PrivateFrameworks/MIL.framework/Versions/A/MIL
0x00000001ae2bc000 	/System/Library/PrivateFrameworks/GPUWrangler.framework/Versions/A/GPUWrangler
0x00000001ae29c000 	/System/Library/PrivateFrameworks/IOPresentment.framework/Versions/A/IOPresentment
0x00000001ae2c4000 	/System/Library/PrivateFrameworks/DSExternalDisplay.framework/Versions/A/DSExternalDisplay
0x00000001ea51b000 	/System/Library/PrivateFrameworks/HIDDisplay.framework/Versions/A/HIDDisplay
0x00000001bf509000 	/System/Library/PrivateFrameworks/HID.framework/Versions/A/HID
0x000000027be4b000 	/System/Library/PrivateFrameworks/VideoToolboxParavirtualizationSupport.framework/Versions/A/VideoToolboxParavirtualizationSupport
0x00000001ad60c000 	/System/Library/PrivateFrameworks/AppleVA.framework/Versions/A/AppleVA
0x00000001b5585000 	/System/Library/PrivateFrameworks/GraphicsServices.framework/Versions/A/GraphicsServices
0x00000001b0037000 	/System/Library/PrivateFrameworks/CorePhoneNumbers.framework/Versions/A/CorePhoneNumbers
0x00000001b4725000 	/System/Library/PrivateFrameworks/MediaKit.framework/Versions/A/MediaKit
0x00000001b4670000 	/System/Library/Frameworks/DiscRecording.framework/Versions/A/DiscRecording
0x00000001afe26000 	/System/Library/PrivateFrameworks/NetAuth.framework/Versions/A/NetAuth
0x00000001a73f4000 	/System/Library/PrivateFrameworks/login.framework/Versions/A/Frameworks/loginsupport.framework/Versions/A/loginsupport
0x00000001ad67a000 	/System/Library/PrivateFrameworks/IconFoundation.framework/Versions/A/IconFoundation
0x00000001ad3f7000 	/usr/lib/libIOReport.dylib
0x0000000248027000 	/System/Library/PrivateFrameworks/AppleMobileFileIntegrity.framework/Versions/A/AppleMobileFileIntegrity
0x00000002850b9000 	/usr/lib/libTLE.dylib
0x00000001faf28000 	/System/Library/PrivateFrameworks/ConfigProfileHelper.framework/Versions/A/ConfigProfileHelper
0x00000001ab053000 	/usr/lib/libmecab.dylib
0x000000019ed4e000 	/usr/lib/libCRFSuite.dylib
0x00000001aa01f000 	/System/Library/PrivateFrameworks/CoreNLP.framework/Versions/A/CoreNLP
0x00000001abe0c000 	/usr/lib/libThaiTokenizer.dylib
0x00000001ab01d000 	/usr/lib/libCheckFix.dylib
0x00000001a6636000 	/System/Library/PrivateFrameworks/MetadataUtilities.framework/Versions/A/MetadataUtilities
0x000000025b4aa000 	/System/Library/PrivateFrameworks/InstalledContentLibrary.framework/Versions/A/InstalledContentLibrary
0x00000001a1836000 	/System/Library/PrivateFrameworks/CoreServicesStore.framework/Versions/A/CoreServicesStore
0x00000001d8dd4000 	/System/Library/PrivateFrameworks/MobileSystemServices.framework/Versions/A/MobileSystemServices
0x00000001ad2b8000 	/usr/lib/libxslt.1.dylib
0x00000001aafe0000 	/System/Library/PrivateFrameworks/BackgroundTaskManagement.framework/Versions/A/BackgroundTaskManagement
0x00000001b74ac000 	/usr/lib/libcurl.4.dylib
0x00000002852ed000 	/usr/lib/libcrypto.46.dylib
0x0000000285e17000 	/usr/lib/libssl.48.dylib
0x00000001b7184000 	/System/Library/Frameworks/LDAP.framework/Versions/A/LDAP
0x00000001b71c0000 	/System/Library/PrivateFrameworks/TrustEvaluationAgent.framework/Versions/A/TrustEvaluationAgent
0x00000001afae4000 	/usr/lib/libsasl2.2.dylib
0x00000001c3cd0000 	/usr/lib/swift/libswiftCoreGraphics.dylib
0x00000001b3fa5000 	/usr/lib/swift/libswiftFoundation.dylib
0x00000001fa9b2000 	/usr/lib/swift/libswiftSwiftOnoneSupport.dylib
0x00000001e67c7000 	/System/Library/PrivateFrameworks/CoreMaterial.framework/Versions/A/CoreMaterial
0x000000026c6b0000 	/System/Library/PrivateFrameworks/SFSymbols.framework/Versions/A/SFSymbols
0x00000001b3270000 	/System/Library/PrivateFrameworks/SpeechRecognitionCore.framework/Versions/A/SpeechRecognitionCore
0x0000000103d48000 	/Users/aliehsaeedi/Library/Java/JavaVirtualMachines/corretto-17.0.13/Contents/Home/lib/server/libjvm.dylib
0x00000001028b4000 	/Users/aliehsaeedi/Library/Java/JavaVirtualMachines/corretto-17.0.13/Contents/Home/lib/libjimage.dylib
0x00000001028e0000 	/Users/aliehsaeedi/Library/Java/JavaVirtualMachines/corretto-17.0.13/Contents/Home/lib/libinstrument.dylib
0x000000010292c000 	/Users/aliehsaeedi/Library/Java/JavaVirtualMachines/corretto-17.0.13/Contents/Home/lib/libjava.dylib
0x0000000102bec000 	/Users/aliehsaeedi/Library/Java/JavaVirtualMachines/corretto-17.0.13/Contents/Home/lib/libzip.dylib
0x0000000102bc4000 	/Users/aliehsaeedi/Library/Java/JavaVirtualMachines/corretto-17.0.13/Contents/Home/lib/libnio.dylib
0x0000000102c38000 	/Users/aliehsaeedi/Library/Java/JavaVirtualMachines/corretto-17.0.13/Contents/Home/lib/libnet.dylib
0x0000000102c14000 	/Users/aliehsaeedi/Library/Java/JavaVirtualMachines/corretto-17.0.13/Contents/Home/lib/libextnet.dylib
0x0000000102c5c000 	/Users/aliehsaeedi/Library/Java/JavaVirtualMachines/corretto-17.0.13/Contents/Home/lib/libverify.dylib
0x0000000102c78000 	/Users/aliehsaeedi/Library/Java/JavaVirtualMachines/corretto-17.0.13/Contents/Home/lib/libmanagement.dylib
0x0000000102c8c000 	/Users/aliehsaeedi/Library/Java/JavaVirtualMachines/corretto-17.0.13/Contents/Home/lib/libmanagement_ext.dylib
0x0000000159908000 	/private/var/folders/d_/n8z51h9d50j_xycm188cfhcc0000gp/T/librocksdbjni9413210769578954114.jnilib


VM Arguments:
jvm_args: -ea -Didea.test.cyclic.buffer.size=1048576 -javaagent:/Applications/IntelliJ IDEA.app/Contents/lib/idea_rt.jar=62736:/Applications/IntelliJ IDEA.app/Contents/bin -Dfile.encoding=UTF-8 
java_command: com.intellij.rt.junit.JUnitStarter -ideVersion5 -junit5 org.apache.kafka.streams.state.internals.RocksDBTimestampedStoreWithHeadersTest,shouldMigrateFromTimestampedToHeadersAwareColumnFamily
java_class_path (initial): /Applications/IntelliJ IDEA.app/Contents/lib/idea_rt.jar:/Applications/IntelliJ IDEA.app/Contents/plugins/junit/lib/junit5-rt.jar:/Applications/IntelliJ IDEA.app/Contents/plugins/junit/lib/junit-rt.jar:/Users/aliehsaeedi/IdeaProjects/MyAK/streams/build/classes/java/test:/Users/aliehsaeedi/IdeaProjects/MyAK/streams/build/resources/test:/Users/aliehsaeedi/IdeaProjects/MyAK/clients/build/classes/java/test:/Users/aliehsaeedi/IdeaProjects/MyAK/clients/build/resources/test:/Users/aliehsaeedi/IdeaProjects/MyAK/streams/test-utils/build/classes/java/main:/Users/aliehsaeedi/IdeaProjects/MyAK/clients/build/classes/java/main:/Users/aliehsaeedi/IdeaProjects/MyAK/clients/build/resources/main:/Users/aliehsaeedi/IdeaProjects/MyAK/clients/build/libs/kafka-clients-4.3.0-SNAPSHOT.jar:/Users/aliehsaeedi/.gradle/caches/modules-2/files-2.1/org.rocksdb/rocksdbjni/10.1.3/46a1e0a0f175508717976971fc6a9e189f5dc0b1/rocksdbjni-10.1.3.jar:/Users/aliehsaeedi/.gradle/caches/modules-2/files-2.1/com.fasterxml.jackson.dataformat/jackson-dataformat-yaml/2.20.1/e6da043059c9ec631a3429ded461d5d92f240c3f/jackson-dataformat-yaml-2.20.1.jar:/Users/aliehsaeedi/.gradle/caches/modules-2/files-2.1/com.fasterxml.jackson.core/jackson-databind/2.20.1/9586a7fe0e1775de0e54237fa6a2c8455c93ac06/jackson-databind-2.20.1.jar:/Users/aliehsaeedi/.gradle/caches/modules-2/files-2.1/com.fasterxml.jackson.core/jackson-annotations/2.20/6a5e7291ea3f2b590a7ce400adb7b3aea4d7e12c/jackson-annotations-2.20.jar:/Users/aliehsaeedi/.gradle/caches/modules-2/files-2.1/biz.aQute.bnd/biz.aQute.bndlib/7.1.0/8cb7c6b6ff0e1daaac0da7a74e4f6e70a34334eb/biz.aQute.bndlib-7.1.0.jar:/Users/aliehsaeedi/.gradle/caches/modules-2/files-2.1/org.apache.logging.log4j/log4j-slf4j-impl/2.25.3/4a173925524d8f6c3f39ae8954ee348e8244afd7/log4j-slf4j-impl-2.25.3.jar:/Users/aliehsaeedi/.gradle/caches/modules-2/files-2.1/org.slf4j/slf4j-api/1.7.36/6c62681a2f655b49963a5983b8b0950a6120ae14/slf4j-api-1.7.36.jar:/Users/aliehsaeedi/.gradle/cac
Launcher Type: SUN_STANDARD

[Global flags]
     intx CICompilerCount                          = 4                                         {product} {ergonomic}
     uint ConcGCThreads                            = 3                                         {product} {ergonomic}
     uint G1ConcRefinementThreads                  = 10                                        {product} {ergonomic}
   size_t G1HeapRegionSize                         = 8388608                                   {product} {ergonomic}
    uintx GCDrainStackTargetSize                   = 64                                        {product} {ergonomic}
   size_t InitialHeapSize                          = 603979776                                 {product} {ergonomic}
   size_t MarkStackSize                            = 4194304                                   {product} {ergonomic}
   size_t MaxHeapSize                              = 9663676416                                {product} {ergonomic}
   size_t MaxNewSize                               = 5796528128                                {product} {ergonomic}
   size_t MinHeapDeltaBytes                        = 8388608                                   {product} {ergonomic}
   size_t MinHeapSize                              = 8388608                                   {product} {ergonomic}
    uintx NonNMethodCodeHeapSize                   = 5839564                                {pd product} {ergonomic}
    uintx NonProfiledCodeHeapSize                  = 122909338                              {pd product} {ergonomic}
    uintx ProfiledCodeHeapSize                     = 122909338                              {pd product} {ergonomic}
    uintx ReservedCodeCacheSize                    = 251658240                              {pd product} {ergonomic}
     bool SegmentedCodeCache                       = true                                      {product} {ergonomic}
   size_t SoftMaxHeapSize                          = 9663676416                             {manageable} {ergonomic}
     bool UseCompressedClassPointers               = true                           {product lp64_product} {ergonomic}
     bool UseCompressedOops                        = true                           {product lp64_product} {ergonomic}
     bool UseG1GC                                  = true                                      {product} {ergonomic}
     bool UseNUMA                                  = false                                     {product} {ergonomic}
     bool UseNUMAInterleaving                      = false                                     {product} {ergonomic}

Logging:
Log output configuration:
 #0: stdout all=warning uptime,level,tags
 #1: stderr all=off uptime,level,tags

Environment Variables:
PATH=/Users/aliehsaeedi/bin:/Users/aliehsaeedi/bin:/Users/aliehsaeedi/.pyenv/shims:/Users/aliehsaeedi/.pyenv/bin:/Users/aliehsaeedi/.pyenv/bin:/opt/homebrew/share/google-cloud-sdk/bin:/opt/homebrew/bin:/opt/homebrew/sbin:/usr/local/libexec/airlock-agent:/usr/local/bin:/System/Cryptexes/App/usr/bin:/usr/bin:/bin:/usr/sbin:/sbin:/var/run/com.apple.security.cryptexd/codex.system/bootstrap/usr/local/bin:/var/run/com.apple.security.cryptexd/codex.system/bootstrap/usr/bin:/var/run/com.apple.security.cryptexd/codex.system/bootstrap/usr/appleinternal/bin:/Users/aliehsaeedi/Library/Application Support/JetBrains/Toolbox/scripts:/Users/aliehsaeedi/.local/bin:/Users/aliehsaeedi/.cc-dotfiles/bin/access-ga:/Users/aliehsaeedi/.cc-dotfiles/bin/shoreline-ga:/Users/aliehsaeedi/.cc-dotfiles/bin/cloud-ga:/Users/aliehsaeedi/.cc-dotfiles/bin/connect-ga:/Users/aliehsaeedi/.cc-dotfiles/bin/k8saas-ga:/Users/aliehsaeedi/.cc-dotfiles/bin/devprod-ga:/Users/aliehsaeedi/.cc-dotfiles/bin/traffic-ga:/Users/aliehsaeedi/.cc-dotfiles/bin/ksql-ga:/Users/aliehsaeedi/.cc-dotfiles/bin/orchestrator-ga:/Users/aliehsaeedi/.cc-dotfiles/bin/kafka-ga:/Users/aliehsaeedi/git/go/src/github.com/confluentinc/halyard/bin:/Users/aliehsaeedi/.local/bin
SHELL=/bin/zsh
LC_CTYPE=en_US.UTF-8
TMPDIR=/var/folders/d_/n8z51h9d50j_xycm188cfhcc0000gp/T/

Active Locale:
LC_ALL=C/en_US.UTF-8/C/C/C/C
LC_COLLATE=C
LC_CTYPE=en_US.UTF-8
LC_MESSAGES=C
LC_MONETARY=C
LC_NUMERIC=C
LC_TIME=C

Signal Handlers:
   SIGSEGV: crash_handler in libjvm.dylib, mask=11100110000111110111111111111111, flags=SA_RESTART|SA_SIGINFO, unblocked
    SIGBUS: crash_handler in libjvm.dylib, mask=11100110000111110111111111111111, flags=SA_RESTART|SA_SIGINFO, unblocked
    SIGFPE: crash_handler in libjvm.dylib, mask=11100110000111110111111111111111, flags=SA_RESTART|SA_SIGINFO, unblocked
   SIGPIPE: javaSignalHandler in libjvm.dylib, mask=11100110000111110111111111111111, flags=SA_RESTART|SA_SIGINFO, blocked
   SIGXFSZ: javaSignalHandler in libjvm.dylib, mask=11100110000111110111111111111111, flags=SA_RESTART|SA_SIGINFO, blocked
    SIGILL: crash_handler in libjvm.dylib, mask=11100110000111110111111111111111, flags=SA_RESTART|SA_SIGINFO, unblocked
   SIGUSR2: SR_handler in libjvm.dylib, mask=00000000000000000000000000000000, flags=SA_RESTART|SA_SIGINFO, blocked
    SIGHUP: UserHandler in libjvm.dylib, mask=11100110000111110111111111111111, flags=SA_RESTART|SA_SIGINFO, blocked
    SIGINT: UserHandler in libjvm.dylib, mask=11100110000111110111111111111111, flags=SA_RESTART|SA_SIGINFO, blocked
   SIGTERM: UserHandler in libjvm.dylib, mask=11100110000111110111111111111111, flags=SA_RESTART|SA_SIGINFO, blocked
   SIGQUIT: UserHandler in libjvm.dylib, mask=11100110000111110111111111111111, flags=SA_RESTART|SA_SIGINFO, blocked
   SIGTRAP: crash_handler in libjvm.dylib, mask=11100110000111110111111111111111, flags=SA_RESTART|SA_SIGINFO, unblocked


Periodic native trim disabled


---------------  S Y S T E M  ---------------

OS:
uname: Darwin 24.6.0 Darwin Kernel Version 24.6.0: Wed Nov  5 21:33:32 PST 2025; root:xnu-11417.140.69.705.2~1/RELEASE_ARM64_T6030 arm64
OS uptime: 0 days 9:28 hours
rlimit (soft/hard): STACK 8176k/65520k , CORE 0k/infinity , NPROC 6000/9000 , NOFILE 2147483647/infinity , AS infinity/infinity , CPU infinity/infinity , DATA infinity/infinity , FSIZE infinity/infinity , MEMLOCK infinity/infinity , RSS infinity/infinity
load average: 3.08 2.70 2.54

CPU: total 12 (initial active 12) 0x61:0x0:0x5f4dea93:0, fp, simd, crc, lse
machdep.cpu.brand_string:Apple M3 Pro
hw.cachelinesize:128
hw.l1icachesize:131072
hw.l1dcachesize:65536
hw.l2cachesize:4194304

Memory: 16k page, physical 37748736k(629648k free), swap 0k(0k free)

vm_info: OpenJDK 64-Bit Server VM (17.0.13+11-LTS) for bsd-aarch64 JRE (17.0.13+11-LTS), built on Oct 10 2024 19:36:04 by "ec2user" with clang Apple LLVM 14.0.0 (clang-1400.0.29.202)

END.
