#
# A fatal error has been detected by the Java Runtime Environment:
#
#  SIGSEGV (0xb) at pc=0x000000013f245530, pid=19788, tid=6659
#
# JRE version: OpenJDK Runtime Environment Corretto-17.0.13.11.1 (17.0.13+11) (build 17.0.13+11-LTS)
# Java VM: OpenJDK 64-Bit Server VM Corretto-17.0.13.11.1 (17.0.13+11-LTS, mixed mode, sharing, tiered, compressed oops, compressed class ptrs, g1 gc, bsd-aarch64)
# Problematic frame:
# C  [librocksdbjni12255639931970389464.jnilib+0x13d530]  rocksdb::DBImpl::DropColumnFamilyImpl(rocksdb::ColumnFamilyHandle*)+0xb0
#
# No core dump will be written. Core dumps have been disabled. To enable core dumping, try "ulimit -c unlimited" before starting Java again
#
# If you would like to submit a bug report, please visit:
#   https://github.com/corretto/corretto-17/issues/
# The crash happened outside the Java Virtual Machine in native code.
# See problematic frame for where to report the bug.
#

---------------  S U M M A R Y ------------

Command Line: -ea -Didea.test.cyclic.buffer.size=1048576 -javaagent:/Applications/IntelliJ IDEA.app/Contents/lib/idea_rt.jar=53927:/Applications/IntelliJ IDEA.app/Contents/bin -Dfile.encoding=UTF-8 com.intellij.rt.junit.JUnitStarter -ideVersion5 -junit5 org.apache.kafka.streams.state.internals.RocksDBTimestampedStoreWithHeadersTest,shouldMigrateFromTimestampedToHeadersAwareColumnFamily

Host: "Mac15,7" arm64, 12 cores, 36G, Darwin 24.6.0, macOS 15.7.3 (24G419)
Time: Fri Feb 13 11:51:57 2026 CET elapsed time: 1.544354 seconds (0d 0h 0m 1s)

---------------  T H R E A D  ---------------

Current thread (0x0000000128808a00):  JavaThread "main" [_thread_in_native, id=6659, stack(0x000000016b874000,0x000000016ba77000)]

Stack: [0x000000016b874000,0x000000016ba77000],  sp=0x000000016ba72d70,  free space=2043k
Native frames: (J=compiled Java code, j=interpreted, Vv=VM code, C=native code)
C  [librocksdbjni12255639931970389464.jnilib+0x13d530]  rocksdb::DBImpl::DropColumnFamilyImpl(rocksdb::ColumnFamilyHandle*)+0xb0
C  [librocksdbjni12255639931970389464.jnilib+0x13d3ac]  rocksdb::DBImpl::DropColumnFamily(rocksdb::ColumnFamilyHandle*)+0x3c
C  [librocksdbjni12255639931970389464.jnilib+0x21580]  Java_org_rocksdb_RocksDB_dropColumnFamily+0x2c
j  org.rocksdb.RocksDB.dropColumnFamily(JJ)V+0
j  org.rocksdb.RocksDB.dropColumnFamily(Lorg/rocksdb/ColumnFamilyHandle;)V+8
j  org.apache.kafka.streams.state.internals.RocksDBTimestampedStoreWithHeaders.openInUpgradeMode(Lorg/rocksdb/DBOptions;Lorg/rocksdb/ColumnFamilyOptions;)V+188
j  org.apache.kafka.streams.state.internals.RocksDBTimestampedStoreWithHeaders.openRocksDB(Lorg/rocksdb/DBOptions;Lorg/rocksdb/ColumnFamilyOptions;)V+110
j  org.apache.kafka.streams.state.internals.RocksDBStore.openDB(Ljava/util/Map;Ljava/io/File;)V+379
j  org.apache.kafka.streams.state.internals.RocksDBStore.init(Lorg/apache/kafka/streams/processor/StateStoreContext;Lorg/apache/kafka/streams/processor/StateStore;)V+30
j  org.apache.kafka.streams.state.internals.RocksDBTimestampedStoreWithHeadersTest.verifyInHeadersAwareMode()V+18
j  org.apache.kafka.streams.state.internals.RocksDBTimestampedStoreWithHeadersTest.verifyOldAndNewColumnFamily()V+13
j  org.apache.kafka.streams.state.internals.RocksDBTimestampedStoreWithHeadersTest.shouldMigrateFromTimestampedToHeadersAwareColumnFamily()V+482
v  ~StubRoutines::call_stub
V  [libjvm.dylib+0x48f108]  JavaCalls::call_helper(JavaValue*, methodHandle const&, JavaCallArguments*, JavaThread*)+0x38c
V  [libjvm.dylib+0x870260]  invoke(InstanceKlass*, methodHandle const&, Handle, bool, objArrayHandle, BasicType, objArrayHandle, bool, JavaThread*)+0x91c
V  [libjvm.dylib+0x86f8e4]  Reflection::invoke_method(oopDesc*, Handle, objArrayHandle, JavaThread*)+0x160
V  [libjvm.dylib+0x54d480]  JVM_InvokeMethod+0x31c
j  jdk.internal.reflect.NativeMethodAccessorImpl.invoke0(Ljava/lang/reflect/Method;Ljava/lang/Object;[Ljava/lang/Object;)Ljava/lang/Object;+0 java.base@17.0.13
j  jdk.internal.reflect.NativeMethodAccessorImpl.invoke(Ljava/lang/Object;[Ljava/lang/Object;)Ljava/lang/Object;+133 java.base@17.0.13
j  jdk.internal.reflect.DelegatingMethodAccessorImpl.invoke(Ljava/lang/Object;[Ljava/lang/Object;)Ljava/lang/Object;+6 java.base@17.0.13
j  java.lang.reflect.Method.invoke(Ljava/lang/Object;[Ljava/lang/Object;)Ljava/lang/Object;+59 java.base@17.0.13
j  org.junit.platform.commons.util.ReflectionUtils.invokeMethod(Ljava/lang/reflect/Method;Ljava/lang/Object;[Ljava/lang/Object;)Ljava/lang/Object;+42
j  org.junit.platform.commons.support.ReflectionSupport.invokeMethod(Ljava/lang/reflect/Method;Ljava/lang/Object;[Ljava/lang/Object;)Ljava/lang/Object;+3
j  org.junit.jupiter.engine.execution.MethodInvocation.proceed()Ljava/lang/Object;+16
j  org.junit.jupiter.engine.execution.InvocationInterceptorChain$ValidatingInvocation.proceed()Ljava/lang/Object;+8
j  org.junit.jupiter.engine.extension.TimeoutExtension.intercept(Lorg/junit/jupiter/api/extension/InvocationInterceptor$Invocation;Lorg/junit/jupiter/api/extension/ReflectiveInvocationContext;Lorg/junit/jupiter/api/extension/ExtensionContext;Lorg/junit/jupiter/engine/extension/TimeoutDuration;Lorg/junit/jupiter/engine/extension/TimeoutExtension$TimeoutProvider;)Ljava/lang/Object;+28
j  org.junit.jupiter.engine.extension.TimeoutExtension.interceptTestableMethod(Lorg/junit/jupiter/api/extension/InvocationInterceptor$Invocation;Lorg/junit/jupiter/api/extension/ReflectiveInvocationContext;Lorg/junit/jupiter/api/extension/ExtensionContext;Lorg/junit/jupiter/engine/extension/TimeoutExtension$TimeoutProvider;)Ljava/lang/Object;+31
j  org.junit.jupiter.engine.extension.TimeoutExtension.interceptTestMethod(Lorg/junit/jupiter/api/extension/InvocationInterceptor$Invocation;Lorg/junit/jupiter/api/extension/ReflectiveInvocationContext;Lorg/junit/jupiter/api/extension/ExtensionContext;)V+9
j  org.junit.jupiter.engine.descriptor.TestMethodTestDescriptor$$Lambda$371+0x00000070011c5868.apply(Lorg/junit/jupiter/api/extension/InvocationInterceptor;Lorg/junit/jupiter/api/extension/InvocationInterceptor$Invocation;Lorg/junit/jupiter/api/extension/ReflectiveInvocationContext;Lorg/junit/jupiter/api/extension/ExtensionContext;)V+5
j  org.junit.jupiter.engine.execution.InterceptingExecutableInvoker$ReflectiveInterceptorCall.lambda$ofVoidMethod$0(Lorg/junit/jupiter/engine/execution/InterceptingExecutableInvoker$ReflectiveInterceptorCall$VoidMethodInterceptorCall;Lorg/junit/jupiter/api/extension/InvocationInterceptor;Lorg/junit/jupiter/api/extension/InvocationInterceptor$Invocation;Lorg/junit/jupiter/api/extension/ReflectiveInvocationContext;Lorg/junit/jupiter/api/extension/ExtensionContext;)Ljava/lang/Void;+6
j  org.junit.jupiter.engine.execution.InterceptingExecutableInvoker$ReflectiveInterceptorCall$$Lambda$372+0x00000070011c5c88.apply(Lorg/junit/jupiter/api/extension/InvocationInterceptor;Lorg/junit/jupiter/api/extension/InvocationInterceptor$Invocation;Lorg/junit/jupiter/api/extension/ReflectiveInvocationContext;Lorg/junit/jupiter/api/extension/ExtensionContext;)Ljava/lang/Object;+9
j  org.junit.jupiter.engine.execution.InterceptingExecutableInvoker.lambda$invoke$0(Lorg/junit/jupiter/engine/execution/InterceptingExecutableInvoker$ReflectiveInterceptorCall;Lorg/junit/jupiter/api/extension/ReflectiveInvocationContext;Lorg/junit/jupiter/api/extension/ExtensionContext;Lorg/junit/jupiter/api/extension/InvocationInterceptor;Lorg/junit/jupiter/api/extension/InvocationInterceptor$Invocation;)Ljava/lang/Object;+6
j  org.junit.jupiter.engine.execution.InterceptingExecutableInvoker$$Lambda$631+0x000000700131afa0.apply(Lorg/junit/jupiter/api/extension/InvocationInterceptor;Lorg/junit/jupiter/api/extension/InvocationInterceptor$Invocation;)Ljava/lang/Object;+14
j  org.junit.jupiter.engine.execution.InvocationInterceptorChain$InterceptedInvocation.proceed()Ljava/lang/Object;+12
j  org.junit.jupiter.engine.execution.InvocationInterceptorChain.proceed(Lorg/junit/jupiter/api/extension/InvocationInterceptor$Invocation;)Ljava/lang/Object;+1
j  org.junit.jupiter.engine.execution.InvocationInterceptorChain.chainAndInvoke(Lorg/junit/jupiter/api/extension/InvocationInterceptor$Invocation;Lorg/junit/jupiter/engine/execution/InvocationInterceptorChain$InterceptorCall;Ljava/util/List;)Ljava/lang/Object;+24
j  org.junit.jupiter.engine.execution.InvocationInterceptorChain.invoke(Lorg/junit/jupiter/api/extension/InvocationInterceptor$Invocation;Lorg/junit/jupiter/engine/extension/ExtensionRegistry;Lorg/junit/jupiter/engine/execution/InvocationInterceptorChain$InterceptorCall;)Ljava/lang/Object;+31
j  org.junit.jupiter.engine.execution.InterceptingExecutableInvoker.invoke(Lorg/junit/jupiter/api/extension/InvocationInterceptor$Invocation;Lorg/junit/jupiter/api/extension/ReflectiveInvocationContext;Lorg/junit/jupiter/api/extension/ExtensionContext;Lorg/junit/jupiter/engine/extension/ExtensionRegistry;Lorg/junit/jupiter/engine/execution/InterceptingExecutableInvoker$ReflectiveInterceptorCall;)Ljava/lang/Object;+15
j  org.junit.jupiter.engine.execution.InterceptingExecutableInvoker.invoke(Ljava/lang/reflect/Method;Ljava/lang/Object;Lorg/junit/jupiter/api/extension/ExtensionContext;Lorg/junit/jupiter/engine/extension/ExtensionRegistry;Lorg/junit/jupiter/engine/execution/InterceptingExecutableInvoker$ReflectiveInterceptorCall;)Ljava/lang/Object;+55
j  org.junit.jupiter.engine.descriptor.TestMethodTestDescriptor.lambda$invokeTestMethod$4(Lorg/junit/jupiter/api/extension/ExtensionContext;Lorg/junit/jupiter/engine/execution/JupiterEngineExecutionContext;)V+28
j  org.junit.jupiter.engine.descriptor.TestMethodTestDescriptor$$Lambda$700+0x00000070013a21d0.execute()V+12
j  org.junit.platform.engine.support.hierarchical.ThrowableCollector.execute(Lorg/junit/platform/engine/support/hierarchical/ThrowableCollector$Executable;)V+1
j  org.junit.jupiter.engine.descriptor.TestMethodTestDescriptor.invokeTestMethod(Lorg/junit/jupiter/engine/execution/JupiterEngineExecutionContext;Lorg/junit/platform/engine/support/hierarchical/Node$DynamicTestExecutor;)V+21
j  org.junit.jupiter.engine.descriptor.TestMethodTestDescriptor.execute(Lorg/junit/jupiter/engine/execution/JupiterEngineExecutionContext;Lorg/junit/platform/engine/support/hierarchical/Node$DynamicTestExecutor;)Lorg/junit/jupiter/engine/execution/JupiterEngineExecutionContext;+44
j  org.junit.jupiter.engine.descriptor.TestMethodTestDescriptor.execute(Lorg/junit/platform/engine/support/hierarchical/EngineExecutionContext;Lorg/junit/platform/engine/support/hierarchical/Node$DynamicTestExecutor;)Lorg/junit/platform/engine/support/hierarchical/EngineExecutionContext;+6
j  org.junit.platform.engine.support.hierarchical.NodeTestTask.lambda$executeRecursively$6()V+79
j  org.junit.platform.engine.support.hierarchical.NodeTestTask$$Lambda$525+0x00000070011ed2c0.execute()V+4
j  org.junit.platform.engine.support.hierarchical.ThrowableCollector.execute(Lorg/junit/platform/engine/support/hierarchical/ThrowableCollector$Executable;)V+1
j  org.junit.platform.engine.support.hierarchical.NodeTestTask.lambda$executeRecursively$8(Lorg/junit/platform/engine/support/hierarchical/EngineExecutionContext;)V+15
j  org.junit.platform.engine.support.hierarchical.NodeTestTask$$Lambda$524+0x00000070011ed098.invoke(Lorg/junit/platform/engine/support/hierarchical/EngineExecutionContext;)V+5
j  org.junit.platform.engine.support.hierarchical.Node.around(Lorg/junit/platform/engine/support/hierarchical/EngineExecutionContext;Lorg/junit/platform/engine/support/hierarchical/Node$Invocation;)V+2
j  org.junit.platform.engine.support.hierarchical.NodeTestTask.lambda$executeRecursively$9()V+14
j  org.junit.platform.engine.support.hierarchical.NodeTestTask$$Lambda$523+0x00000070011ecc70.execute()V+4
j  org.junit.platform.engine.support.hierarchical.ThrowableCollector.execute(Lorg/junit/platform/engine/support/hierarchical/ThrowableCollector$Executable;)V+1
j  org.junit.platform.engine.support.hierarchical.NodeTestTask.executeRecursively()V+31
j  org.junit.platform.engine.support.hierarchical.NodeTestTask.execute()V+55
j  org.junit.platform.engine.support.hierarchical.SameThreadHierarchicalTestExecutorService$$Lambda$529+0x00000070011eddd8.accept(Ljava/lang/Object;)V+4
j  java.util.ArrayList.forEach(Ljava/util/function/Consumer;)V+46 java.base@17.0.13
j  org.junit.platform.engine.support.hierarchical.SameThreadHierarchicalTestExecutorService.invokeAll(Ljava/util/List;)V+6
j  org.junit.platform.engine.support.hierarchical.NodeTestTask.lambda$executeRecursively$6()V+116
j  org.junit.platform.engine.support.hierarchical.NodeTestTask$$Lambda$525+0x00000070011ed2c0.execute()V+4
j  org.junit.platform.engine.support.hierarchical.ThrowableCollector.execute(Lorg/junit/platform/engine/support/hierarchical/ThrowableCollector$Executable;)V+1
j  org.junit.platform.engine.support.hierarchical.NodeTestTask.lambda$executeRecursively$8(Lorg/junit/platform/engine/support/hierarchical/EngineExecutionContext;)V+15
j  org.junit.platform.engine.support.hierarchical.NodeTestTask$$Lambda$524+0x00000070011ed098.invoke(Lorg/junit/platform/engine/support/hierarchical/EngineExecutionContext;)V+5
j  org.junit.platform.engine.support.hierarchical.Node.around(Lorg/junit/platform/engine/support/hierarchical/EngineExecutionContext;Lorg/junit/platform/engine/support/hierarchical/Node$Invocation;)V+2
j  org.junit.platform.engine.support.hierarchical.NodeTestTask.lambda$executeRecursively$9()V+14
j  org.junit.platform.engine.support.hierarchical.NodeTestTask$$Lambda$523+0x00000070011ecc70.execute()V+4
j  org.junit.platform.engine.support.hierarchical.ThrowableCollector.execute(Lorg/junit/platform/engine/support/hierarchical/ThrowableCollector$Executable;)V+1
j  org.junit.platform.engine.support.hierarchical.NodeTestTask.executeRecursively()V+31
j  org.junit.platform.engine.support.hierarchical.NodeTestTask.execute()V+55
j  org.junit.platform.engine.support.hierarchical.SameThreadHierarchicalTestExecutorService$$Lambda$529+0x00000070011eddd8.accept(Ljava/lang/Object;)V+4
j  java.util.ArrayList.forEach(Ljava/util/function/Consumer;)V+46 java.base@17.0.13
j  org.junit.platform.engine.support.hierarchical.SameThreadHierarchicalTestExecutorService.invokeAll(Ljava/util/List;)V+6
j  org.junit.platform.engine.support.hierarchical.NodeTestTask.lambda$executeRecursively$6()V+116
j  org.junit.platform.engine.support.hierarchical.NodeTestTask$$Lambda$525+0x00000070011ed2c0.execute()V+4
j  org.junit.platform.engine.support.hierarchical.ThrowableCollector.execute(Lorg/junit/platform/engine/support/hierarchical/ThrowableCollector$Executable;)V+1
j  org.junit.platform.engine.support.hierarchical.NodeTestTask.lambda$executeRecursively$8(Lorg/junit/platform/engine/support/hierarchical/EngineExecutionContext;)V+15
j  org.junit.platform.engine.support.hierarchical.NodeTestTask$$Lambda$524+0x00000070011ed098.invoke(Lorg/junit/platform/engine/support/hierarchical/EngineExecutionContext;)V+5
j  org.junit.platform.engine.support.hierarchical.Node.around(Lorg/junit/platform/engine/support/hierarchical/EngineExecutionContext;Lorg/junit/platform/engine/support/hierarchical/Node$Invocation;)V+2
j  org.junit.platform.engine.support.hierarchical.NodeTestTask.lambda$executeRecursively$9()V+14
j  org.junit.platform.engine.support.hierarchical.NodeTestTask$$Lambda$523+0x00000070011ecc70.execute()V+4
j  org.junit.platform.engine.support.hierarchical.ThrowableCollector.execute(Lorg/junit/platform/engine/support/hierarchical/ThrowableCollector$Executable;)V+1
j  org.junit.platform.engine.support.hierarchical.NodeTestTask.executeRecursively()V+31
j  org.junit.platform.engine.support.hierarchical.NodeTestTask.execute()V+55
j  org.junit.platform.engine.support.hierarchical.SameThreadHierarchicalTestExecutorService.submit(Lorg/junit/platform/engine/support/hierarchical/HierarchicalTestExecutorService$TestTask;)Ljava/util/concurrent/Future;+1
j  org.junit.platform.engine.support.hierarchical.HierarchicalTestExecutor.execute()Ljava/util/concurrent/Future;+74
j  org.junit.platform.engine.support.hierarchical.HierarchicalTestEngine.execute(Lorg/junit/platform/engine/ExecutionRequest;)V+31
j  org.junit.platform.launcher.core.EngineExecutionOrchestrator.executeEngine(Lorg/junit/platform/engine/TestDescriptor;Lorg/junit/platform/engine/EngineExecutionListener;Lorg/junit/platform/engine/ConfigurationParameters;Lorg/junit/platform/engine/TestEngine;Lorg/junit/platform/engine/reporting/OutputDirectoryProvider;Lorg/junit/platform/launcher/core/DiscoveryIssueNotifier;Lorg/junit/platform/engine/support/store/NamespacedHierarchicalStore;)V+24
j  org.junit.platform.launcher.core.EngineExecutionOrchestrator.failOrExecuteEngine(Lorg/junit/platform/launcher/core/LauncherDiscoveryResult;Lorg/junit/platform/engine/EngineExecutionListener;Lorg/junit/platform/engine/TestEngine;Lorg/junit/platform/engine/support/store/NamespacedHierarchicalStore;)V+124
j  org.junit.platform.launcher.core.EngineExecutionOrchestrator.execute(Lorg/junit/platform/launcher/core/LauncherDiscoveryResult;Lorg/junit/platform/engine/EngineExecutionListener;Lorg/junit/platform/engine/support/store/NamespacedHierarchicalStore;)V+68
j  org.junit.platform.launcher.core.EngineExecutionOrchestrator.execute(Lorg/junit/platform/launcher/core/InternalTestPlan;Lorg/junit/platform/engine/EngineExecutionListener;Lorg/junit/platform/launcher/TestExecutionListener;Lorg/junit/platform/engine/support/store/NamespacedHierarchicalStore;)V+57
j  org.junit.platform.launcher.core.EngineExecutionOrchestrator.lambda$execute$0(Lorg/junit/platform/launcher/core/InternalTestPlan;Lorg/junit/platform/engine/support/store/NamespacedHierarchicalStore;Lorg/junit/platform/launcher/TestExecutionListener;)V+7
j  org.junit.platform.launcher.core.EngineExecutionOrchestrator$$Lambda$439+0x00000070011d2cc8.accept(Ljava/lang/Object;)V+16
j  org.junit.platform.launcher.core.EngineExecutionOrchestrator.withInterceptedStreams(Lorg/junit/platform/engine/ConfigurationParameters;Lorg/junit/platform/launcher/core/ListenerRegistry;Ljava/util/function/Consumer;)V+51
j  org.junit.platform.launcher.core.EngineExecutionOrchestrator.execute(Lorg/junit/platform/launcher/core/InternalTestPlan;Lorg/junit/platform/engine/support/store/NamespacedHierarchicalStore;[Lorg/junit/platform/launcher/TestExecutionListener;)V+26
j  org.junit.platform.launcher.core.DefaultLauncher.execute(Lorg/junit/platform/launcher/core/InternalTestPlan;[Lorg/junit/platform/launcher/TestExecutionListener;)V+12
j  org.junit.platform.launcher.core.DefaultLauncher.execute(Lorg/junit/platform/launcher/LauncherDiscoveryRequest;[Lorg/junit/platform/launcher/TestExecutionListener;)V+34
j  org.junit.platform.launcher.core.DelegatingLauncher.execute(Lorg/junit/platform/launcher/LauncherDiscoveryRequest;[Lorg/junit/platform/launcher/TestExecutionListener;)V+6
j  org.junit.platform.launcher.core.InterceptingLauncher.lambda$execute$1(Lorg/junit/platform/launcher/LauncherDiscoveryRequest;[Lorg/junit/platform/launcher/TestExecutionListener;)Ljava/lang/Object;+3
j  org.junit.platform.launcher.core.InterceptingLauncher$$Lambda$201+0x0000007001186238.proceed()Ljava/lang/Object;+12
...<more frames>...

Java frames: (J=compiled Java code, j=interpreted, Vv=VM code)
j  org.rocksdb.RocksDB.dropColumnFamily(JJ)V+0
j  org.rocksdb.RocksDB.dropColumnFamily(Lorg/rocksdb/ColumnFamilyHandle;)V+8
j  org.apache.kafka.streams.state.internals.RocksDBTimestampedStoreWithHeaders.openInUpgradeMode(Lorg/rocksdb/DBOptions;Lorg/rocksdb/ColumnFamilyOptions;)V+188
j  org.apache.kafka.streams.state.internals.RocksDBTimestampedStoreWithHeaders.openRocksDB(Lorg/rocksdb/DBOptions;Lorg/rocksdb/ColumnFamilyOptions;)V+110
j  org.apache.kafka.streams.state.internals.RocksDBStore.openDB(Ljava/util/Map;Ljava/io/File;)V+379
j  org.apache.kafka.streams.state.internals.RocksDBStore.init(Lorg/apache/kafka/streams/processor/StateStoreContext;Lorg/apache/kafka/streams/processor/StateStore;)V+30
j  org.apache.kafka.streams.state.internals.RocksDBTimestampedStoreWithHeadersTest.verifyInHeadersAwareMode()V+18
j  org.apache.kafka.streams.state.internals.RocksDBTimestampedStoreWithHeadersTest.verifyOldAndNewColumnFamily()V+13
j  org.apache.kafka.streams.state.internals.RocksDBTimestampedStoreWithHeadersTest.shouldMigrateFromTimestampedToHeadersAwareColumnFamily()V+482
v  ~StubRoutines::call_stub
j  jdk.internal.reflect.NativeMethodAccessorImpl.invoke0(Ljava/lang/reflect/Method;Ljava/lang/Object;[Ljava/lang/Object;)Ljava/lang/Object;+0 java.base@17.0.13
j  jdk.internal.reflect.NativeMethodAccessorImpl.invoke(Ljava/lang/Object;[Ljava/lang/Object;)Ljava/lang/Object;+133 java.base@17.0.13
j  jdk.internal.reflect.DelegatingMethodAccessorImpl.invoke(Ljava/lang/Object;[Ljava/lang/Object;)Ljava/lang/Object;+6 java.base@17.0.13
j  java.lang.reflect.Method.invoke(Ljava/lang/Object;[Ljava/lang/Object;)Ljava/lang/Object;+59 java.base@17.0.13
j  org.junit.platform.commons.util.ReflectionUtils.invokeMethod(Ljava/lang/reflect/Method;Ljava/lang/Object;[Ljava/lang/Object;)Ljava/lang/Object;+42
j  org.junit.platform.commons.support.ReflectionSupport.invokeMethod(Ljava/lang/reflect/Method;Ljava/lang/Object;[Ljava/lang/Object;)Ljava/lang/Object;+3
j  org.junit.jupiter.engine.execution.MethodInvocation.proceed()Ljava/lang/Object;+16
j  org.junit.jupiter.engine.execution.InvocationInterceptorChain$ValidatingInvocation.proceed()Ljava/lang/Object;+8
j  org.junit.jupiter.engine.extension.TimeoutExtension.intercept(Lorg/junit/jupiter/api/extension/InvocationInterceptor$Invocation;Lorg/junit/jupiter/api/extension/ReflectiveInvocationContext;Lorg/junit/jupiter/api/extension/ExtensionContext;Lorg/junit/jupiter/engine/extension/TimeoutDuration;Lorg/junit/jupiter/engine/extension/TimeoutExtension$TimeoutProvider;)Ljava/lang/Object;+28
j  org.junit.jupiter.engine.extension.TimeoutExtension.interceptTestableMethod(Lorg/junit/jupiter/api/extension/InvocationInterceptor$Invocation;Lorg/junit/jupiter/api/extension/ReflectiveInvocationContext;Lorg/junit/jupiter/api/extension/ExtensionContext;Lorg/junit/jupiter/engine/extension/TimeoutExtension$TimeoutProvider;)Ljava/lang/Object;+31
j  org.junit.jupiter.engine.extension.TimeoutExtension.interceptTestMethod(Lorg/junit/jupiter/api/extension/InvocationInterceptor$Invocation;Lorg/junit/jupiter/api/extension/ReflectiveInvocationContext;Lorg/junit/jupiter/api/extension/ExtensionContext;)V+9
j  org.junit.jupiter.engine.descriptor.TestMethodTestDescriptor$$Lambda$371+0x00000070011c5868.apply(Lorg/junit/jupiter/api/extension/InvocationInterceptor;Lorg/junit/jupiter/api/extension/InvocationInterceptor$Invocation;Lorg/junit/jupiter/api/extension/ReflectiveInvocationContext;Lorg/junit/jupiter/api/extension/ExtensionContext;)V+5
j  org.junit.jupiter.engine.execution.InterceptingExecutableInvoker$ReflectiveInterceptorCall.lambda$ofVoidMethod$0(Lorg/junit/jupiter/engine/execution/InterceptingExecutableInvoker$ReflectiveInterceptorCall$VoidMethodInterceptorCall;Lorg/junit/jupiter/api/extension/InvocationInterceptor;Lorg/junit/jupiter/api/extension/InvocationInterceptor$Invocation;Lorg/junit/jupiter/api/extension/ReflectiveInvocationContext;Lorg/junit/jupiter/api/extension/ExtensionContext;)Ljava/lang/Void;+6
j  org.junit.jupiter.engine.execution.InterceptingExecutableInvoker$ReflectiveInterceptorCall$$Lambda$372+0x00000070011c5c88.apply(Lorg/junit/jupiter/api/extension/InvocationInterceptor;Lorg/junit/jupiter/api/extension/InvocationInterceptor$Invocation;Lorg/junit/jupiter/api/extension/ReflectiveInvocationContext;Lorg/junit/jupiter/api/extension/ExtensionContext;)Ljava/lang/Object;+9
j  org.junit.jupiter.engine.execution.InterceptingExecutableInvoker.lambda$invoke$0(Lorg/junit/jupiter/engine/execution/InterceptingExecutableInvoker$ReflectiveInterceptorCall;Lorg/junit/jupiter/api/extension/ReflectiveInvocationContext;Lorg/junit/jupiter/api/extension/ExtensionContext;Lorg/junit/jupiter/api/extension/InvocationInterceptor;Lorg/junit/jupiter/api/extension/InvocationInterceptor$Invocation;)Ljava/lang/Object;+6
j  org.junit.jupiter.engine.execution.InterceptingExecutableInvoker$$Lambda$631+0x000000700131afa0.apply(Lorg/junit/jupiter/api/extension/InvocationInterceptor;Lorg/junit/jupiter/api/extension/InvocationInterceptor$Invocation;)Ljava/lang/Object;+14
j  org.junit.jupiter.engine.execution.InvocationInterceptorChain$InterceptedInvocation.proceed()Ljava/lang/Object;+12
j  org.junit.jupiter.engine.execution.InvocationInterceptorChain.proceed(Lorg/junit/jupiter/api/extension/InvocationInterceptor$Invocation;)Ljava/lang/Object;+1
j  org.junit.jupiter.engine.execution.InvocationInterceptorChain.chainAndInvoke(Lorg/junit/jupiter/api/extension/InvocationInterceptor$Invocation;Lorg/junit/jupiter/engine/execution/InvocationInterceptorChain$InterceptorCall;Ljava/util/List;)Ljava/lang/Object;+24
j  org.junit.jupiter.engine.execution.InvocationInterceptorChain.invoke(Lorg/junit/jupiter/api/extension/InvocationInterceptor$Invocation;Lorg/junit/jupiter/engine/extension/ExtensionRegistry;Lorg/junit/jupiter/engine/execution/InvocationInterceptorChain$InterceptorCall;)Ljava/lang/Object;+31
j  org.junit.jupiter.engine.execution.InterceptingExecutableInvoker.invoke(Lorg/junit/jupiter/api/extension/InvocationInterceptor$Invocation;Lorg/junit/jupiter/api/extension/ReflectiveInvocationContext;Lorg/junit/jupiter/api/extension/ExtensionContext;Lorg/junit/jupiter/engine/extension/ExtensionRegistry;Lorg/junit/jupiter/engine/execution/InterceptingExecutableInvoker$ReflectiveInterceptorCall;)Ljava/lang/Object;+15
j  org.junit.jupiter.engine.execution.InterceptingExecutableInvoker.invoke(Ljava/lang/reflect/Method;Ljava/lang/Object;Lorg/junit/jupiter/api/extension/ExtensionContext;Lorg/junit/jupiter/engine/extension/ExtensionRegistry;Lorg/junit/jupiter/engine/execution/InterceptingExecutableInvoker$ReflectiveInterceptorCall;)Ljava/lang/Object;+55
j  org.junit.jupiter.engine.descriptor.TestMethodTestDescriptor.lambda$invokeTestMethod$4(Lorg/junit/jupiter/api/extension/ExtensionContext;Lorg/junit/jupiter/engine/execution/JupiterEngineExecutionContext;)V+28
j  org.junit.jupiter.engine.descriptor.TestMethodTestDescriptor$$Lambda$700+0x00000070013a21d0.execute()V+12
j  org.junit.platform.engine.support.hierarchical.ThrowableCollector.execute(Lorg/junit/platform/engine/support/hierarchical/ThrowableCollector$Executable;)V+1
j  org.junit.jupiter.engine.descriptor.TestMethodTestDescriptor.invokeTestMethod(Lorg/junit/jupiter/engine/execution/JupiterEngineExecutionContext;Lorg/junit/platform/engine/support/hierarchical/Node$DynamicTestExecutor;)V+21
j  org.junit.jupiter.engine.descriptor.TestMethodTestDescriptor.execute(Lorg/junit/jupiter/engine/execution/JupiterEngineExecutionContext;Lorg/junit/platform/engine/support/hierarchical/Node$DynamicTestExecutor;)Lorg/junit/jupiter/engine/execution/JupiterEngineExecutionContext;+44
j  org.junit.jupiter.engine.descriptor.TestMethodTestDescriptor.execute(Lorg/junit/platform/engine/support/hierarchical/EngineExecutionContext;Lorg/junit/platform/engine/support/hierarchical/Node$DynamicTestExecutor;)Lorg/junit/platform/engine/support/hierarchical/EngineExecutionContext;+6
j  org.junit.platform.engine.support.hierarchical.NodeTestTask.lambda$executeRecursively$6()V+79
j  org.junit.platform.engine.support.hierarchical.NodeTestTask$$Lambda$525+0x00000070011ed2c0.execute()V+4
j  org.junit.platform.engine.support.hierarchical.ThrowableCollector.execute(Lorg/junit/platform/engine/support/hierarchical/ThrowableCollector$Executable;)V+1
j  org.junit.platform.engine.support.hierarchical.NodeTestTask.lambda$executeRecursively$8(Lorg/junit/platform/engine/support/hierarchical/EngineExecutionContext;)V+15
j  org.junit.platform.engine.support.hierarchical.NodeTestTask$$Lambda$524+0x00000070011ed098.invoke(Lorg/junit/platform/engine/support/hierarchical/EngineExecutionContext;)V+5
j  org.junit.platform.engine.support.hierarchical.Node.around(Lorg/junit/platform/engine/support/hierarchical/EngineExecutionContext;Lorg/junit/platform/engine/support/hierarchical/Node$Invocation;)V+2
j  org.junit.platform.engine.support.hierarchical.NodeTestTask.lambda$executeRecursively$9()V+14
j  org.junit.platform.engine.support.hierarchical.NodeTestTask$$Lambda$523+0x00000070011ecc70.execute()V+4
j  org.junit.platform.engine.support.hierarchical.ThrowableCollector.execute(Lorg/junit/platform/engine/support/hierarchical/ThrowableCollector$Executable;)V+1
j  org.junit.platform.engine.support.hierarchical.NodeTestTask.executeRecursively()V+31
j  org.junit.platform.engine.support.hierarchical.NodeTestTask.execute()V+55
j  org.junit.platform.engine.support.hierarchical.SameThreadHierarchicalTestExecutorService$$Lambda$529+0x00000070011eddd8.accept(Ljava/lang/Object;)V+4
j  java.util.ArrayList.forEach(Ljava/util/function/Consumer;)V+46 java.base@17.0.13
j  org.junit.platform.engine.support.hierarchical.SameThreadHierarchicalTestExecutorService.invokeAll(Ljava/util/List;)V+6
j  org.junit.platform.engine.support.hierarchical.NodeTestTask.lambda$executeRecursively$6()V+116
j  org.junit.platform.engine.support.hierarchical.NodeTestTask$$Lambda$525+0x00000070011ed2c0.execute()V+4
j  org.junit.platform.engine.support.hierarchical.ThrowableCollector.execute(Lorg/junit/platform/engine/support/hierarchical/ThrowableCollector$Executable;)V+1
j  org.junit.platform.engine.support.hierarchical.NodeTestTask.lambda$executeRecursively$8(Lorg/junit/platform/engine/support/hierarchical/EngineExecutionContext;)V+15
j  org.junit.platform.engine.support.hierarchical.NodeTestTask$$Lambda$524+0x00000070011ed098.invoke(Lorg/junit/platform/engine/support/hierarchical/EngineExecutionContext;)V+5
j  org.junit.platform.engine.support.hierarchical.Node.around(Lorg/junit/platform/engine/support/hierarchical/EngineExecutionContext;Lorg/junit/platform/engine/support/hierarchical/Node$Invocation;)V+2
j  org.junit.platform.engine.support.hierarchical.NodeTestTask.lambda$executeRecursively$9()V+14
j  org.junit.platform.engine.support.hierarchical.NodeTestTask$$Lambda$523+0x00000070011ecc70.execute()V+4
j  org.junit.platform.engine.support.hierarchical.ThrowableCollector.execute(Lorg/junit/platform/engine/support/hierarchical/ThrowableCollector$Executable;)V+1
j  org.junit.platform.engine.support.hierarchical.NodeTestTask.executeRecursively()V+31
j  org.junit.platform.engine.support.hierarchical.NodeTestTask.execute()V+55
j  org.junit.platform.engine.support.hierarchical.SameThreadHierarchicalTestExecutorService$$Lambda$529+0x00000070011eddd8.accept(Ljava/lang/Object;)V+4
j  java.util.ArrayList.forEach(Ljava/util/function/Consumer;)V+46 java.base@17.0.13
j  org.junit.platform.engine.support.hierarchical.SameThreadHierarchicalTestExecutorService.invokeAll(Ljava/util/List;)V+6
j  org.junit.platform.engine.support.hierarchical.NodeTestTask.lambda$executeRecursively$6()V+116
j  org.junit.platform.engine.support.hierarchical.NodeTestTask$$Lambda$525+0x00000070011ed2c0.execute()V+4
j  org.junit.platform.engine.support.hierarchical.ThrowableCollector.execute(Lorg/junit/platform/engine/support/hierarchical/ThrowableCollector$Executable;)V+1
j  org.junit.platform.engine.support.hierarchical.NodeTestTask.lambda$executeRecursively$8(Lorg/junit/platform/engine/support/hierarchical/EngineExecutionContext;)V+15
j  org.junit.platform.engine.support.hierarchical.NodeTestTask$$Lambda$524+0x00000070011ed098.invoke(Lorg/junit/platform/engine/support/hierarchical/EngineExecutionContext;)V+5
j  org.junit.platform.engine.support.hierarchical.Node.around(Lorg/junit/platform/engine/support/hierarchical/EngineExecutionContext;Lorg/junit/platform/engine/support/hierarchical/Node$Invocation;)V+2
j  org.junit.platform.engine.support.hierarchical.NodeTestTask.lambda$executeRecursively$9()V+14
j  org.junit.platform.engine.support.hierarchical.NodeTestTask$$Lambda$523+0x00000070011ecc70.execute()V+4
j  org.junit.platform.engine.support.hierarchical.ThrowableCollector.execute(Lorg/junit/platform/engine/support/hierarchical/ThrowableCollector$Executable;)V+1
j  org.junit.platform.engine.support.hierarchical.NodeTestTask.executeRecursively()V+31
j  org.junit.platform.engine.support.hierarchical.NodeTestTask.execute()V+55
j  org.junit.platform.engine.support.hierarchical.SameThreadHierarchicalTestExecutorService.submit(Lorg/junit/platform/engine/support/hierarchical/HierarchicalTestExecutorService$TestTask;)Ljava/util/concurrent/Future;+1
j  org.junit.platform.engine.support.hierarchical.HierarchicalTestExecutor.execute()Ljava/util/concurrent/Future;+74
j  org.junit.platform.engine.support.hierarchical.HierarchicalTestEngine.execute(Lorg/junit/platform/engine/ExecutionRequest;)V+31
j  org.junit.platform.launcher.core.EngineExecutionOrchestrator.executeEngine(Lorg/junit/platform/engine/TestDescriptor;Lorg/junit/platform/engine/EngineExecutionListener;Lorg/junit/platform/engine/ConfigurationParameters;Lorg/junit/platform/engine/TestEngine;Lorg/junit/platform/engine/reporting/OutputDirectoryProvider;Lorg/junit/platform/launcher/core/DiscoveryIssueNotifier;Lorg/junit/platform/engine/support/store/NamespacedHierarchicalStore;)V+24
j  org.junit.platform.launcher.core.EngineExecutionOrchestrator.failOrExecuteEngine(Lorg/junit/platform/launcher/core/LauncherDiscoveryResult;Lorg/junit/platform/engine/EngineExecutionListener;Lorg/junit/platform/engine/TestEngine;Lorg/junit/platform/engine/support/store/NamespacedHierarchicalStore;)V+124
j  org.junit.platform.launcher.core.EngineExecutionOrchestrator.execute(Lorg/junit/platform/launcher/core/LauncherDiscoveryResult;Lorg/junit/platform/engine/EngineExecutionListener;Lorg/junit/platform/engine/support/store/NamespacedHierarchicalStore;)V+68
j  org.junit.platform.launcher.core.EngineExecutionOrchestrator.execute(Lorg/junit/platform/launcher/core/InternalTestPlan;Lorg/junit/platform/engine/EngineExecutionListener;Lorg/junit/platform/launcher/TestExecutionListener;Lorg/junit/platform/engine/support/store/NamespacedHierarchicalStore;)V+57
j  org.junit.platform.launcher.core.EngineExecutionOrchestrator.lambda$execute$0(Lorg/junit/platform/launcher/core/InternalTestPlan;Lorg/junit/platform/engine/support/store/NamespacedHierarchicalStore;Lorg/junit/platform/launcher/TestExecutionListener;)V+7
j  org.junit.platform.launcher.core.EngineExecutionOrchestrator$$Lambda$439+0x00000070011d2cc8.accept(Ljava/lang/Object;)V+16
j  org.junit.platform.launcher.core.EngineExecutionOrchestrator.withInterceptedStreams(Lorg/junit/platform/engine/ConfigurationParameters;Lorg/junit/platform/launcher/core/ListenerRegistry;Ljava/util/function/Consumer;)V+51
j  org.junit.platform.launcher.core.EngineExecutionOrchestrator.execute(Lorg/junit/platform/launcher/core/InternalTestPlan;Lorg/junit/platform/engine/support/store/NamespacedHierarchicalStore;[Lorg/junit/platform/launcher/TestExecutionListener;)V+26
j  org.junit.platform.launcher.core.DefaultLauncher.execute(Lorg/junit/platform/launcher/core/InternalTestPlan;[Lorg/junit/platform/launcher/TestExecutionListener;)V+12
j  org.junit.platform.launcher.core.DefaultLauncher.execute(Lorg/junit/platform/launcher/LauncherDiscoveryRequest;[Lorg/junit/platform/launcher/TestExecutionListener;)V+34
j  org.junit.platform.launcher.core.DelegatingLauncher.execute(Lorg/junit/platform/launcher/LauncherDiscoveryRequest;[Lorg/junit/platform/launcher/TestExecutionListener;)V+6
j  org.junit.platform.launcher.core.InterceptingLauncher.lambda$execute$1(Lorg/junit/platform/launcher/LauncherDiscoveryRequest;[Lorg/junit/platform/launcher/TestExecutionListener;)Ljava/lang/Object;+3
j  org.junit.platform.launcher.core.InterceptingLauncher$$Lambda$201+0x0000007001186238.proceed()Ljava/lang/Object;+12
j  org.junit.platform.launcher.core.ClasspathAlignmentCheckingLauncherInterceptor.intercept(Lorg/junit/platform/launcher/LauncherInterceptor$Invocation;)Ljava/lang/Object;+1
j  org.junit.platform.launcher.core.InterceptingLauncher.execute(Lorg/junit/platform/launcher/LauncherDiscoveryRequest;[Lorg/junit/platform/launcher/TestExecutionListener;)V+12
j  org.junit.platform.launcher.core.DelegatingLauncher.execute(Lorg/junit/platform/launcher/LauncherDiscoveryRequest;[Lorg/junit/platform/launcher/TestExecutionListener;)V+6
j  org.junit.platform.launcher.core.SessionPerRequestLauncher.execute(Lorg/junit/platform/launcher/LauncherDiscoveryRequest;[Lorg/junit/platform/launcher/TestExecutionListener;)V+13
j  com.intellij.junit5.JUnit5IdeaTestRunner.startRunnerWithArgs([Ljava/lang/String;Ljava/lang/String;IZ)I+203
j  com.intellij.rt.junit.IdeaTestRunner$Repeater$1.execute(Z)I+17
j  com.intellij.rt.execution.junit.TestsRepeater.repeat(IZLcom/intellij/rt/execution/junit/TestsRepeater$TestRun;)I+7
j  com.intellij.rt.junit.IdeaTestRunner$Repeater.startRunnerWithArgs(Lcom/intellij/rt/junit/IdeaTestRunner;[Ljava/lang/String;Ljava/util/ArrayList;Ljava/lang/String;IZ)I+25
j  com.intellij.rt.junit.JUnitStarter.prepareStreamsAndStart([Ljava/lang/String;Ljava/lang/String;Ljava/util/ArrayList;Ljava/lang/String;)I+117
j  com.intellij.rt.junit.JUnitStarter.main([Ljava/lang/String;)V+97
v  ~StubRoutines::call_stub

siginfo: si_signo: 11 (SIGSEGV), si_code: 2 (SEGV_ACCERR), si_addr: 0x0000017e820ca9d0

Registers:
 x0=0x0000000158c1c470  x1=0x00006000037aa9a0  x2=0x0000000158c1ba00  x3=0x00006000037aa9a0
 x4=0x0000000115b687c0  x5=0x000000016ba72fd0  x6=0x0000000100000002  x7=0x0000000128808a00
 x8=0x0000017e820ca9a0  x9=0x000000000b000001 x10=0x0000000158c1c488 x11=0x000000000004a9be
x12=0x0000000000000000 x13=0x0000000000000000 x14=0x000000009182408b x15=0x00000005c5c4d620
x16=0x000000019d2b2358 x17=0x0000000105010800 x18=0x0000000000000000 x19=0x000000016ba73250
x20=0x0000000158c1ba00 x21=0x00006000037aa9a0 x22=0x000000016ba730e0 x23=0x00000005c5c4d620
x24=0x000000016ba73328 x25=0x0000000000000001 x26=0x000000013b4cd5b0 x27=0x0000000000000000
x28=0x0000000128808a00  fp=0x000000016ba731e0  lr=0x000000013f2454c8  sp=0x000000016ba72d70
pc=0x000000013f245530 cpsr=0x0000000000001000

Register to memory mapping:

 x0=0x0000000158c1c470 points into unknown readable memory: 0x000000004d55545a | 5a 54 55 4d 00 00 00 00
 x1=0x00006000037aa9a0 points into unknown readable memory: 0x0000017e820ca9a0 | a0 a9 0c 82 7e 01 00 00
 x2=0x0000000158c1ba00 points into unknown readable memory: 0x000000013f859e08 | 08 9e 85 3f 01 00 00 00
 x3=0x00006000037aa9a0 points into unknown readable memory: 0x0000017e820ca9a0 | a0 a9 0c 82 7e 01 00 00
 x4=0x0000000115b687c0 is at code_begin+0 in an Interpreter codelet
method entry point (kind = zerolocals)  [0x0000000115b687c0, 0x0000000115b68ac0]  768 bytes
 x5=0x000000016ba72fd0 is pointing into the stack for thread: 0x0000000128808a00
 x6=0x0000000100000002 is an unknown value
 x7=0x0000000128808a00 is a thread
 x8=0x0000017e820ca9a0 is an unknown value
 x9=0x000000000b000001 is an unknown value
x10=0x0000000158c1c488 points into unknown readable memory: 0x000000000004a9be | be a9 04 00 00 00 00 00
x11=0x000000000004a9be is an unknown value
x12=0x0 is NULL
x13=0x0 is NULL
x14=0x000000009182408b is an unknown value
x15=0x00000005c5c4d620 is an oop: [B 
{0x00000005c5c4d620} - klass: {type array byte}
 - length: 91
x16=0x000000019d2b2358: pthread_mutex_lock+0 in /usr/lib/system/libsystem_pthread.dylib at 0x000000019d2b1000
x17=0x0000000105010800 points into unknown readable memory: 0x0000000000000002 | 02 00 00 00 00 00 00 00
x18=0x0 is NULL
x19=0x000000016ba73250 is pointing into the stack for thread: 0x0000000128808a00
x20=0x0000000158c1ba00 points into unknown readable memory: 0x000000013f859e08 | 08 9e 85 3f 01 00 00 00
x21=0x00006000037aa9a0 points into unknown readable memory: 0x0000017e820ca9a0 | a0 a9 0c 82 7e 01 00 00
x22=0x000000016ba730e0 is pointing into the stack for thread: 0x0000000128808a00
x23=0x00000005c5c4d620 is an oop: [B 
{0x00000005c5c4d620} - klass: {type array byte}
 - length: 91
x24=0x000000016ba73328 is pointing into the stack for thread: 0x0000000128808a00
x25=0x0000000000000001 is an unknown value
x26=0x000000013b4cd5b0 is pointing into metadata
x27=0x0 is NULL
x28=0x0000000128808a00 is a thread


Top of Stack: (sp=0x000000016ba72d70)
0x000000016ba72d70:   000000016ba72fd0 0000000000000001
0x000000016ba72d80:   000000000000000b 0000000115b687c0
0x000000016ba72d90:   000000016ba72fc8 000000016ba72ee8
0x000000016ba72da0:   000000016ba73060 0000000000000000
0x000000016ba72db0:   0000000100000004 0000000000000000
0x000000016ba72dc0:   000000000000000b 0000000115b687c0
0x000000016ba72dd0:   000000016ba72fc8 0000000000000000
0x000000016ba72de0:   000000016ba73060 0000000128808a00
0x000000016ba72df0:   000000016ba72ed0 0000000105f8ef78
0x000000016ba72e00:   000000016ba73068 0000000128808a00
0x000000016ba72e10:   00006000023ac1c0 00006000009b0000
0x000000016ba72e20:   00006000009b0040 00006000009b00e8
0x000000016ba72e30:   00000000000000d8 000000016ba73868
0x000000016ba72e40:   0000000128808a00 000000011fb04300
0x000000016ba72e50:   00000070000108a8 0000000000000000
0x000000016ba72e60:   000000016ba73280 0000000115b697a0
0x000000016ba72e70:   000000016ba732f0 000000016ba73060
0x000000016ba72e80:   0000000128808a00 0000000000000000
0x000000016ba72e90:   00000070000108a8 000000016ba72ef8
0x000000016ba72ea0:   000000016ba72f30 00006000036a0060
0x000000016ba72eb0:   000000016ba73060 000000016ba72fc8
0x000000016ba72ec0:   0000000128808a00 000000016ba72f38
0x000000016ba72ed0:   000000016ba72fb0 0000000105f8e694
0x000000016ba72ee0:   000000016ba73030 00000070000108a8
0x000000016ba72ef0:   0000000128808a00 0000007000457e48
0x000000016ba72f00:   000000700045a770 00000070000091e8
0x000000016ba72f10:   0000000000000000 0000000000000000
0x000000016ba72f20:   0000000000000000 000000016b000000
0x000000016ba72f30:   00000070000091e8 00000070000108a8
0x000000016ba72f40:   0000000128808a00 00000070000108a8
0x000000016ba72f50:   0000000128808a00 fffffffe00000000
0x000000016ba72f60:   00006000036a0060 000000013a4b1fd0 

Instructions: (pc=0x000000013f245530)
0x000000013f245430:   e0 03 13 aa 43 fe 09 94 fd 7b 45 a9 f4 4f 44 a9
0x000000013f245440:   f6 57 43 a9 ff 83 01 91 c0 03 5f d6 f5 03 00 aa
0x000000013f245450:   80 06 40 f9 9f 06 00 f9 a0 00 00 b4 53 cd 15 94
0x000000013f245460:   03 00 00 14 91 16 fb 97 f5 03 00 aa e0 03 13 aa
0x000000013f245470:   34 fe 09 94 e0 03 15 aa 1c ca 15 94 8b 16 fb 97
0x000000013f245480:   fc 6f ba a9 fa 67 01 a9 f8 5f 02 a9 f6 57 03 a9
0x000000013f245490:   f4 4f 04 a9 fd 7b 05 a9 fd 43 01 91 ff 83 10 d1
0x000000013f2454a0:   f5 03 01 aa f4 03 00 aa f3 03 08 aa b6 03 04 d1
0x000000013f2454b0:   68 30 00 90 08 f5 44 f9 08 01 40 f9 a8 83 1a f8
0x000000013f2454c0:   00 c0 29 91 41 fe 09 94 00 e4 00 6f c0 c2 81 3c
0x000000013f2454d0:   c0 02 00 ad 88 00 80 52 a8 c3 12 b8 09 00 80 92
0x000000013f2454e0:   a9 03 13 f8 bf 83 13 38 bf 03 14 38 29 20 80 52
0x000000013f2454f0:   a9 83 14 b8 29 00 80 52 a9 c3 14 38 c0 82 02 ad
0x000000013f245500:   bf 03 19 f8 bf 03 17 f8 29 00 80 52 09 60 a1 72
0x000000013f245510:   a9 83 19 b8 ff 7b 00 79 ff 3b 00 b9 e8 43 00 b9
0x000000013f245520:   ff 27 00 f9 68 01 80 52 e8 43 01 39 a8 02 40 f9
0x000000013f245530:   08 19 40 f9 e0 03 15 aa 00 01 3f d6 f5 03 00 aa
0x000000013f245540:   08 00 40 b9 88 01 00 34 b6 be 44 f9 c0 f6 45 f9
0x000000013f245550:   08 00 40 f9 08 59 40 f9 00 01 3f d6 e8 c3 06 91
0x000000013f245560:   80 02 00 34 c9 a6 48 39 3f 01 00 71 fa 17 9f 1a
0x000000013f245570:   11 00 00 14 28 2e 00 f0 08 11 29 91 09 04 80 52
0x000000013f245580:   e8 27 1b a9 a8 2d 00 b0 08 99 2e 91 e8 ff 09 a9
0x000000013f245590:   e3 c3 06 91 e4 63 02 91 e0 03 13 aa 81 00 80 52
0x000000013f2455a0:   02 00 80 52 05 00 80 52 4d a6 0d 94 27 01 00 14
0x000000013f2455b0:   1a 00 80 52 ff b3 01 b9 ff 17 01 f9 ff 1b 01 f9
0x000000013f2455c0:   e9 c3 06 91 2a 61 02 91 ff 2b 01 f9 ff 27 01 f9
0x000000013f2455d0:   00 e4 00 6f 00 81 80 3c 00 81 81 3c 00 81 82 3c
0x000000013f2455e0:   00 81 83 3c 00 41 84 3c ff 0f 01 f9 ff 07 01 f9
0x000000013f2455f0:   ff 0b 01 f9 ff 83 08 39 ff 1f 01 f9 ea 23 01 f9
0x000000013f245600:   2a a1 02 91 2b 61 04 91 ff 7b 01 f9 ff 7f 01 f9
0x000000013f245610:   40 e1 85 3c 00 81 8f 3c 00 81 8e 3c 00 81 8d 3c
0x000000013f245620:   00 81 8c 3c 00 81 8b 3c 00 81 8a 3c 7f 61 01 f8 


Stack slot to memory mapping:
stack at sp + 0 slots: 0x000000016ba72fd0 is pointing into the stack for thread: 0x0000000128808a00
stack at sp + 1 slots: 0x0000000000000001 is an unknown value
stack at sp + 2 slots: 0x000000000000000b is an unknown value
stack at sp + 3 slots: 0x0000000115b687c0 is at code_begin+0 in an Interpreter codelet
method entry point (kind = zerolocals)  [0x0000000115b687c0, 0x0000000115b68ac0]  768 bytes
stack at sp + 4 slots: 0x000000016ba72fc8 is pointing into the stack for thread: 0x0000000128808a00
stack at sp + 5 slots: 0x000000016ba72ee8 is pointing into the stack for thread: 0x0000000128808a00
stack at sp + 6 slots: 0x000000016ba73060 is pointing into the stack for thread: 0x0000000128808a00
stack at sp + 7 slots: 0x0 is NULL


---------------  P R O C E S S  ---------------

Threads class SMR info:
_java_thread_list=0x0000600003655860, length=14, elements={
0x0000000128808a00, 0x000000015900ee00, 0x0000000139017800, 0x0000000148812800,
0x0000000148812e00, 0x0000000148815000, 0x0000000148815600, 0x0000000148815c00,
0x0000000139019a00, 0x000000015882be00, 0x000000015882c400, 0x0000000158813600,
0x0000000128ae5000, 0x0000000128adc400
}

Java Threads: ( => current thread )
=>0x0000000128808a00 JavaThread "main" [_thread_in_native, id=6659, stack(0x000000016b874000,0x000000016ba77000)]
  0x000000015900ee00 JavaThread "Reference Handler" daemon [_thread_blocked, id=31491, stack(0x00000001756c8000,0x00000001758cb000)]
  0x0000000139017800 JavaThread "Finalizer" daemon [_thread_blocked, id=23555, stack(0x00000001758d4000,0x0000000175ad7000)]
  0x0000000148812800 JavaThread "Signal Dispatcher" daemon [_thread_blocked, id=25859, stack(0x0000000175bf8000,0x0000000175dfb000)]
  0x0000000148812e00 JavaThread "Service Thread" daemon [_thread_blocked, id=29955, stack(0x0000000175e04000,0x0000000176007000)]
  0x0000000148815000 JavaThread "Monitor Deflation Thread" daemon [_thread_blocked, id=29699, stack(0x0000000176010000,0x0000000176213000)]
  0x0000000148815600 JavaThread "C2 CompilerThread0" daemon [_thread_blocked, id=26371, stack(0x000000017621c000,0x000000017641f000)]
  0x0000000148815c00 JavaThread "C1 CompilerThread0" daemon [_thread_blocked, id=29187, stack(0x0000000176428000,0x000000017662b000)]
  0x0000000139019a00 JavaThread "Sweeper thread" daemon [_thread_blocked, id=28931, stack(0x0000000176634000,0x0000000176837000)]
  0x000000015882be00 JavaThread "Common-Cleaner" daemon [_thread_blocked, id=27139, stack(0x0000000176840000,0x0000000176a43000)]
  0x000000015882c400 JavaThread "Monitor Ctrl-Break" daemon [_thread_in_native, id=27395, stack(0x0000000176a4c000,0x0000000176c4f000)]
  0x0000000158813600 JavaThread "Notification Thread" daemon [_thread_blocked, id=28163, stack(0x0000000176c58000,0x0000000176e5b000)]
  0x0000000128ae5000 JavaThread "process reaper" daemon [_thread_blocked, id=35843, stack(0x0000000177ec4000,0x0000000177efb000)]
  0x0000000128adc400 JavaThread "Attach Listener" daemon [_thread_blocked, id=40451, stack(0x0000000308628000,0x000000030882b000)]

Other Threads:
  0x000000012860e290 VMThread "VM Thread" [stack: 0x00000001754bc000,0x00000001756bf000] [id=20227]
  0x0000000148606d40 WatcherThread [stack: 0x0000000176e64000,0x0000000177067000] [id=32771]
  0x00000001286069c0 GCTaskThread "GC Thread#0" [stack: 0x0000000174a80000,0x0000000174c83000] [id=12803]
  0x0000000158627ef0 GCTaskThread "GC Thread#1" [stack: 0x000000017727c000,0x000000017747f000] [id=33283]
  0x0000000158628370 GCTaskThread "GC Thread#2" [stack: 0x0000000177488000,0x000000017768b000] [id=33795]
  0x00000001586287f0 GCTaskThread "GC Thread#3" [stack: 0x0000000177694000,0x0000000177897000] [id=34307]
  0x00000001286109e0 GCTaskThread "GC Thread#4" [stack: 0x00000001778a0000,0x0000000177aa3000] [id=42755]
  0x0000000128611250 GCTaskThread "GC Thread#5" [stack: 0x0000000177aac000,0x0000000177caf000] [id=42499]
  0x0000000128611ac0 GCTaskThread "GC Thread#6" [stack: 0x0000000177cb8000,0x0000000177ebb000] [id=42243]
  0x0000000128612330 GCTaskThread "GC Thread#7" [stack: 0x0000000308004000,0x0000000308207000] [id=41987]
  0x0000000128612ba0 GCTaskThread "GC Thread#8" [stack: 0x0000000308210000,0x0000000308413000] [id=35587]
  0x0000000128613410 GCTaskThread "GC Thread#9" [stack: 0x000000030841c000,0x000000030861f000] [id=41219]
  0x0000000128607070 ConcurrentGCThread "G1 Main Marker" [stack: 0x0000000174c8c000,0x0000000174e8f000] [id=14595]
  0x0000000128607900 ConcurrentGCThread "G1 Conc#0" [stack: 0x0000000174e98000,0x000000017509b000] [id=13571]
  0x0000000104f04e10 ConcurrentGCThread "G1 Conc#1" [stack: 0x0000000308834000,0x0000000308a37000] [id=40195]
  0x000000012862d140 ConcurrentGCThread "G1 Conc#2" [stack: 0x0000000308a40000,0x0000000308c43000] [id=39939]
  0x0000000128609cf0 ConcurrentGCThread "G1 Refine#0" [stack: 0x00000001750a4000,0x00000001752a7000] [id=16643]
  0x000000012860a590 ConcurrentGCThread "G1 Service" [stack: 0x00000001752b0000,0x00000001754b3000] [id=16899]

Threads with active compile tasks:

VM state: not at safepoint (normal execution)

VM Mutex/Monitor currently owned by a thread: None

Heap address: 0x00000005c0000000, size: 9216 MB, Compressed Oops mode: Zero based, Oop shift amount: 3

CDS archive(s) mapped at: [0x0000007000000000-0x0000007000bc0000-0x0000007000bc0000), size 12320768, SharedBaseAddress: 0x0000007000000000, ArchiveRelocationMode: 1.
Compressed class space mapped at: 0x0000007001000000-0x0000007041000000, reserved size: 1073741824
Narrow klass base: 0x0000007000000000, Narrow klass shift: 0, Narrow klass range: 0x100000000

GC Precious Log:
 CPUs: 12 total, 12 available
 Memory: 36864M
 Large Page Support: Disabled
 NUMA Support: Disabled
 Compressed Oops: Enabled (Zero based)
 Heap Region Size: 8M
 Heap Min Capacity: 8M
 Heap Initial Capacity: 576M
 Heap Max Capacity: 9G
 Pre-touch: Disabled
 Parallel Workers: 10
 Concurrent Workers: 3
 Concurrent Refinement Workers: 10
 Periodic GC: Disabled

Heap:
 garbage-first heap   total 139264K, used 33944K [0x00000005c0000000, 0x0000000800000000)
  region size 8192K, 4 young (32768K), 1 survivors (8192K)
 Metaspace       used 24568K, committed 24832K, reserved 1114112K
  class space    used 3457K, committed 3584K, reserved 1048576K

Heap Regions: E=young(eden), S=young(survivor), O=old, HS=humongous(starts), HC=humongous(continues), CS=collection set, F=free, OA=open archive, CA=closed archive, TAMS=top-at-mark-start (previous, next)
|   0|0x00000005c0000000, 0x00000005c04c6000, 0x00000005c0800000| 59%| O|  |TAMS 0x00000005c04c6000, 0x00000005c0000000| Complete 
|   1|0x00000005c0800000, 0x00000005c0800000, 0x00000005c1000000|  0%| F|  |TAMS 0x00000005c0800000, 0x00000005c0800000| Untracked 
|   2|0x00000005c1000000, 0x00000005c1000000, 0x00000005c1800000|  0%| F|  |TAMS 0x00000005c1000000, 0x00000005c1000000| Untracked 
|   3|0x00000005c1800000, 0x00000005c1800000, 0x00000005c2000000|  0%| F|  |TAMS 0x00000005c1800000, 0x00000005c1800000| Untracked 
|   4|0x00000005c2000000, 0x00000005c2000000, 0x00000005c2800000|  0%| F|  |TAMS 0x00000005c2000000, 0x00000005c2000000| Untracked 
|   5|0x00000005c2800000, 0x00000005c2800000, 0x00000005c3000000|  0%| F|  |TAMS 0x00000005c2800000, 0x00000005c2800000| Untracked 
|   6|0x00000005c3000000, 0x00000005c3000000, 0x00000005c3800000|  0%| F|  |TAMS 0x00000005c3000000, 0x00000005c3000000| Untracked 
|   7|0x00000005c3800000, 0x00000005c3800000, 0x00000005c4000000|  0%| F|  |TAMS 0x00000005c3800000, 0x00000005c3800000| Untracked 
|   8|0x00000005c4000000, 0x00000005c4000000, 0x00000005c4800000|  0%| F|  |TAMS 0x00000005c4000000, 0x00000005c4000000| Untracked 
|   9|0x00000005c4800000, 0x00000005c4800000, 0x00000005c5000000|  0%| F|  |TAMS 0x00000005c4800000, 0x00000005c4800000| Untracked 
|  10|0x00000005c5000000, 0x00000005c5000000, 0x00000005c5800000|  0%| F|  |TAMS 0x00000005c5000000, 0x00000005c5000000| Untracked 
|  11|0x00000005c5800000, 0x00000005c6000000, 0x00000005c6000000|100%| E|  |TAMS 0x00000005c5800000, 0x00000005c5800000| Complete 
|  12|0x00000005c6000000, 0x00000005c6800000, 0x00000005c6800000|100%| E|CS|TAMS 0x00000005c6000000, 0x00000005c6000000| Complete 
|  64|0x00000005e0000000, 0x00000005e0478078, 0x00000005e0800000| 55%| S|CS|TAMS 0x00000005e0000000, 0x00000005e0000000| Complete 
|  71|0x00000005e3800000, 0x00000005e4000000, 0x00000005e4000000|100%| E|CS|TAMS 0x00000005e3800000, 0x00000005e3800000| Complete 
|1150|0x00000007ff000000, 0x00000007ff774000, 0x00000007ff800000| 93%|OA|  |TAMS 0x00000007ff774000, 0x00000007ff000000| Untracked 
|1151|0x00000007ff800000, 0x00000007ff874000, 0x0000000800000000|  5%|CA|  |TAMS 0x00000007ff874000, 0x00000007ff800000| Untracked 

Card table byte_map: [0x000000011e82c000,0x000000011fa2c000] _byte_map_base: 0x000000011ba2c000

Marking Bits (Prev, Next): (CMBitMap*) 0x0000000128821a50, (CMBitMap*) 0x0000000128821a10
 Prev Bits: [0x000000016ba7c000, 0x0000000174a7c000)
 Next Bits: [0x0000000159800000, 0x0000000162800000)

Polling page: 0x00000001046b8000

Metaspace:

Usage:
  Non-class:     20.62 MB used.
      Class:      3.38 MB used.
       Both:     23.99 MB used.

Virtual space:
  Non-class space:       64.00 MB reserved,      20.75 MB ( 32%) committed,  1 nodes.
      Class space:        1.00 GB reserved,       3.50 MB ( <1%) committed,  1 nodes.
             Both:        1.06 GB reserved,      24.25 MB (  2%) committed. 

Chunk freelists:
   Non-Class:  10.58 MB
       Class:  12.32 MB
        Both:  22.89 MB

MaxMetaspaceSize: unlimited
CompressedClassSpaceSize: 1.00 GB
Initial GC threshold: 21.00 MB
Current GC threshold: 35.25 MB
CDS: on
MetaspaceReclaimPolicy: balanced
 - commit_granule_bytes: 65536.
 - commit_granule_words: 8192.
 - virtual_space_node_default_size: 8388608.
 - enlarge_chunks_in_place: 1.
 - new_chunks_are_fully_committed: 0.
 - uncommit_free_chunks: 1.
 - use_allocation_guard: 0.
 - handle_deallocations: 1.


Internal statistics:

num_allocs_failed_limit: 3.
num_arena_births: 302.
num_arena_deaths: 0.
num_vsnodes_births: 2.
num_vsnodes_deaths: 0.
num_space_committed: 388.
num_space_uncommitted: 0.
num_chunks_returned_to_freelist: 3.
num_chunks_taken_from_freelist: 1177.
num_chunk_merges: 3.
num_chunk_splits: 817.
num_chunks_enlarged: 636.
num_inconsistent_stats: 0.

CodeHeap 'non-profiled nmethods': size=120032Kb used=1708Kb max_used=1708Kb free=118323Kb
 bounds [0x00000001160f4000, 0x0000000116364000, 0x000000011d62c000]
CodeHeap 'profiled nmethods': size=120016Kb used=6507Kb max_used=6507Kb free=113508Kb
 bounds [0x000000010e62c000, 0x000000010ec8c000, 0x0000000115b60000]
CodeHeap 'non-nmethods': size=5712Kb used=1268Kb max_used=1385Kb free=4443Kb
 bounds [0x0000000115b60000, 0x0000000115dd0000, 0x00000001160f4000]
 total_blobs=4183 nmethods=3585 adapters=512
 compilation: enabled
              stopped_count=0, restarted_count=0
 full_count=0

Compilation events (20 events):
Event: 1.444 Thread 0x0000000148815c00 3696       3       java.lang.invoke.VarForm::getMemberName (31 bytes)
Event: 1.444 Thread 0x0000000148815c00 nmethod 3696 0x000000010ec82510 code [0x000000010ec82700, 0x000000010ec829b8]
Event: 1.444 Thread 0x0000000148815c00 3697       1       org.apache.kafka.streams.state.internals.metrics.RocksDBMetrics$RocksDBMetricContext::metricsScope (5 bytes)
Event: 1.445 Thread 0x0000000148815c00 nmethod 3697 0x000000011629ed10 code [0x000000011629ee80, 0x000000011629ef18]
Event: 1.445 Thread 0x0000000148815c00 3699       1       java.util.stream.AbstractPipeline::getStreamAndOpFlags (5 bytes)
Event: 1.445 Thread 0x0000000148815c00 nmethod 3699 0x000000011629f010 code [0x000000011629f180, 0x000000011629f218]
Event: 1.475 Thread 0x0000000148815c00 3700       3       java.lang.StringBuilder::length (5 bytes)
Event: 1.475 Thread 0x0000000148815c00 nmethod 3700 0x000000010ec82b10 code [0x000000010ec82cc0, 0x000000010ec82dd8]
Event: 1.475 Thread 0x0000000148815c00 3701       3       java.util.HashMap$EntryIterator::next (5 bytes)
Event: 1.475 Thread 0x0000000148815c00 nmethod 3701 0x000000010ec82e90 code [0x000000010ec83040, 0x000000010ec83208]
Event: 1.507 Thread 0x0000000148815c00 3702       3       org.apache.kafka.common.MetricName::hashCode (65 bytes)
Event: 1.507 Thread 0x0000000148815c00 nmethod 3702 0x000000010ec83310 code [0x000000010ec83500, 0x000000010ec83868]
Event: 1.507 Thread 0x0000000148815c00 3703       3       java.lang.invoke.LambdaForm$MH/0x0000007001339c00::invoke (27 bytes)
Event: 1.507 Thread 0x0000000148815c00 nmethod 3703 0x000000010ec83a10 code [0x000000010ec83c00, 0x000000010ec840d0]
Event: 1.507 Thread 0x0000000148815c00 3704       3       java.lang.invoke.LambdaForm$MH/0x000000700133a400::invoke (148 bytes)
Event: 1.508 Thread 0x0000000148815c00 nmethod 3704 0x000000010ec84210 code [0x000000010ec84540, 0x000000010ec858e0]
Event: 1.508 Thread 0x0000000148815c00 3705       3       java.lang.invoke.DelegatingMethodHandle$Holder::reinvoke_L (20 bytes)
Event: 1.508 Thread 0x0000000148815c00 nmethod 3705 0x000000010ec85d90 code [0x000000010ec85f80, 0x000000010ec86410]
Event: 1.508 Thread 0x0000000148815c00 3706       3       jdk.internal.misc.Unsafe::getIntUnaligned (83 bytes)
Event: 1.508 Thread 0x0000000148815c00 nmethod 3706 0x000000010ec86590 code [0x000000010ec86780, 0x000000010ec86bc8]

GC Heap History (8 events):
Event: 0.152 GC heap before
{Heap before GC invocations=0 (full 0):
 garbage-first heap   total 606208K, used 32672K [0x00000005c0000000, 0x0000000800000000)
  region size 8192K, 3 young (24576K), 0 survivors (0K)
 Metaspace       used 4550K, committed 4736K, reserved 1114112K
  class space    used 505K, committed 576K, reserved 1048576K
}
Event: 0.153 GC heap after
{Heap after GC invocations=1 (full 0):
 garbage-first heap   total 606208K, used 13167K [0x00000005c0000000, 0x0000000800000000)
  region size 8192K, 1 young (8192K), 1 survivors (8192K)
 Metaspace       used 4550K, committed 4736K, reserved 1114112K
  class space    used 505K, committed 576K, reserved 1048576K
}
Event: 0.219 GC heap before
{Heap before GC invocations=1 (full 0):
 garbage-first heap   total 606208K, used 29551K [0x00000005c0000000, 0x0000000800000000)
  region size 8192K, 3 young (24576K), 1 survivors (8192K)
 Metaspace       used 8076K, committed 8320K, reserved 1114112K
  class space    used 906K, committed 1024K, reserved 1048576K
}
Event: 0.220 GC heap after
{Heap after GC invocations=2 (full 0):
 garbage-first heap   total 606208K, used 14197K [0x00000005c0000000, 0x0000000800000000)
  region size 8192K, 1 young (8192K), 1 survivors (8192K)
 Metaspace       used 8076K, committed 8320K, reserved 1114112K
  class space    used 906K, committed 1024K, reserved 1048576K
}
Event: 0.582 GC heap before
{Heap before GC invocations=2 (full 0):
 garbage-first heap   total 606208K, used 55157K [0x00000005c0000000, 0x0000000800000000)
  region size 8192K, 6 young (49152K), 1 survivors (8192K)
 Metaspace       used 15188K, committed 15424K, reserved 1114112K
  class space    used 1994K, committed 2112K, reserved 1048576K
}
Event: 0.583 GC heap after
{Heap after GC invocations=3 (full 0):
 garbage-first heap   total 606208K, used 16140K [0x00000005c0000000, 0x0000000800000000)
  region size 8192K, 1 young (8192K), 1 survivors (8192K)
 Metaspace       used 15188K, committed 15424K, reserved 1114112K
  class space    used 1994K, committed 2112K, reserved 1048576K
}
Event: 0.789 GC heap before
{Heap before GC invocations=3 (full 0):
 garbage-first heap   total 606208K, used 57100K [0x00000005c0000000, 0x0000000800000000)
  region size 8192K, 7 young (57344K), 1 survivors (8192K)
 Metaspace       used 21340K, committed 21504K, reserved 1114112K
  class space    used 3055K, committed 3136K, reserved 1048576K
}
Event: 0.791 GC heap after
{Heap after GC invocations=4 (full 0):
 garbage-first heap   total 606208K, used 17560K [0x00000005c0000000, 0x0000000800000000)
  region size 8192K, 1 young (8192K), 1 survivors (8192K)
 Metaspace       used 21340K, committed 21504K, reserved 1114112K
  class space    used 3055K, committed 3136K, reserved 1048576K
}

Dll operation events (20 events):
Event: 0.939 Loading shared library /System/Library/Java/Extensions/librocksdbjni-osx-arm64.jnilib failed, dlopen(/System/Library/Java/Extensions/librocksdbjni-osx-arm64.jnilib, 0x0001): tried: '/System/Library/Java/Extensions/librocksdbjni-osx-arm64.jnilib' (no such 
Event: 0.940 Loading shared library /usr/lib/java/librocksdbjni-osx-arm64.dylib failed, dlopen(/usr/lib/java/librocksdbjni-osx-arm64.dylib, 0x0001): tried: '/usr/lib/java/librocksdbjni-osx-arm64.dylib' (no such file), '/System/Volumes/Preboot/Cryptexes/OS/usr/lib/java
Event: 0.940 Loading shared library /usr/lib/java/librocksdbjni-osx-arm64.jnilib failed, dlopen(/usr/lib/java/librocksdbjni-osx-arm64.jnilib, 0x0001): tried: '/usr/lib/java/librocksdbjni-osx-arm64.jnilib' (no such file), '/System/Volumes/Preboot/Cryptexes/OS/usr/lib/j
Event: 0.940 Loading shared library /Users/aliehsaeedi/IdeaProjects/MyAK/streams/librocksdbjni-osx-arm64.dylib failed, dlopen(/Users/aliehsaeedi/IdeaProjects/MyAK/streams/librocksdbjni-osx-arm64.dylib, 0x0001): tried: '/Users/aliehsaeedi/IdeaProjects/MyAK/streams/libr
Event: 0.940 Loading shared library /Users/aliehsaeedi/IdeaProjects/MyAK/streams/librocksdbjni-osx-arm64.jnilib failed, dlopen(/Users/aliehsaeedi/IdeaProjects/MyAK/streams/librocksdbjni-osx-arm64.jnilib, 0x0001): tried: '/Users/aliehsaeedi/IdeaProjects/MyAK/streams/li
Event: 0.940 Loading shared library /Users/aliehsaeedi/Library/Java/JavaVirtualMachines/corretto-17.0.13/Contents/Home/lib/librocksdbjni-osx.dylib failed, dlopen(/Users/aliehsaeedi/Library/Java/JavaVirtualMachines/corretto-17.0.13/Contents/Home/lib/librocksdbjni-osx.d
Event: 0.940 Loading shared library /Users/aliehsaeedi/Library/Java/JavaVirtualMachines/corretto-17.0.13/Contents/Home/lib/librocksdbjni-osx.jnilib failed, dlopen(/Users/aliehsaeedi/Library/Java/JavaVirtualMachines/corretto-17.0.13/Contents/Home/lib/librocksdbjni-osx.
Event: 0.940 Loading shared library /Users/aliehsaeedi/Library/Java/Extensions/librocksdbjni-osx.dylib failed, dlopen(/Users/aliehsaeedi/Library/Java/Extensions/librocksdbjni-osx.dylib, 0x0001): tried: '/Users/aliehsaeedi/Library/Java/Extensions/librocksdbjni-osx.dyli
Event: 0.940 Loading shared library /Users/aliehsaeedi/Library/Java/Extensions/librocksdbjni-osx.jnilib failed, dlopen(/Users/aliehsaeedi/Library/Java/Extensions/librocksdbjni-osx.jnilib, 0x0001): tried: '/Users/aliehsaeedi/Library/Java/Extensions/librocksdbjni-osx.jn
Event: 0.940 Loading shared library /Library/Java/Extensions/librocksdbjni-osx.dylib failed, dlopen(/Library/Java/Extensions/librocksdbjni-osx.dylib, 0x0001): tried: '/Library/Java/Extensions/librocksdbjni-osx.dylib' (no such file), '/System/Volumes/Preboot/Cryptexes/
Event: 0.940 Loading shared library /Library/Java/Extensions/librocksdbjni-osx.jnilib failed, dlopen(/Library/Java/Extensions/librocksdbjni-osx.jnilib, 0x0001): tried: '/Library/Java/Extensions/librocksdbjni-osx.jnilib' (no such file), '/System/Volumes/Preboot/Cryptex
Event: 0.940 Loading shared library /Network/Library/Java/Extensions/librocksdbjni-osx.dylib failed, dlopen(/Network/Library/Java/Extensions/librocksdbjni-osx.dylib, 0x0001): tried: '/Network/Library/Java/Extensions/librocksdbjni-osx.dylib' (no such file), '/System/Vo
Event: 0.940 Loading shared library /Network/Library/Java/Extensions/librocksdbjni-osx.jnilib failed, dlopen(/Network/Library/Java/Extensions/librocksdbjni-osx.jnilib, 0x0001): tried: '/Network/Library/Java/Extensions/librocksdbjni-osx.jnilib' (no such file), '/System
Event: 0.940 Loading shared library /System/Library/Java/Extensions/librocksdbjni-osx.dylib failed, dlopen(/System/Library/Java/Extensions/librocksdbjni-osx.dylib, 0x0001): tried: '/System/Library/Java/Extensions/librocksdbjni-osx.dylib' (no such file), '/System/Volum
Event: 0.940 Loading shared library /System/Library/Java/Extensions/librocksdbjni-osx.jnilib failed, dlopen(/System/Library/Java/Extensions/librocksdbjni-osx.jnilib, 0x0001): tried: '/System/Library/Java/Extensions/librocksdbjni-osx.jnilib' (no such file), '/System/Vo
Event: 0.940 Loading shared library /usr/lib/java/librocksdbjni-osx.dylib failed, dlopen(/usr/lib/java/librocksdbjni-osx.dylib, 0x0001): tried: '/usr/lib/java/librocksdbjni-osx.dylib' (no such file), '/System/Volumes/Preboot/Cryptexes/OS/usr/lib/java/librocksdbjni-osx
Event: 0.940 Loading shared library /usr/lib/java/librocksdbjni-osx.jnilib failed, dlopen(/usr/lib/java/librocksdbjni-osx.jnilib, 0x0001): tried: '/usr/lib/java/librocksdbjni-osx.jnilib' (no such file), '/System/Volumes/Preboot/Cryptexes/OS/usr/lib/java/librocksdbjni-
Event: 0.941 Loading shared library /Users/aliehsaeedi/IdeaProjects/MyAK/streams/librocksdbjni-osx.dylib failed, dlopen(/Users/aliehsaeedi/IdeaProjects/MyAK/streams/librocksdbjni-osx.dylib, 0x0001): tried: '/Users/aliehsaeedi/IdeaProjects/MyAK/streams/librocksdbjni-os
Event: 0.941 Loading shared library /Users/aliehsaeedi/IdeaProjects/MyAK/streams/librocksdbjni-osx.jnilib failed, dlopen(/Users/aliehsaeedi/IdeaProjects/MyAK/streams/librocksdbjni-osx.jnilib, 0x0001): tried: '/Users/aliehsaeedi/IdeaProjects/MyAK/streams/librocksdbjni-
Event: 1.163 Loaded shared library /private/var/folders/d_/n8z51h9d50j_xycm188cfhcc0000gp/T/librocksdbjni12255639931970389464.jnilib

Deoptimization events (20 events):
Event: 0.839 Thread 0x0000000128808a00 DEOPT PACKING pc=0x000000010ea66db4 sp=0x000000016ba72a70
Event: 0.839 Thread 0x0000000128808a00 DEOPT UNPACKING pc=0x0000000115ba777c sp=0x000000016ba72700 mode 0
Event: 0.840 Thread 0x0000000128808a00 DEOPT PACKING pc=0x000000010ea6b9b8 sp=0x000000016ba726c0
Event: 0.840 Thread 0x0000000128808a00 DEOPT UNPACKING pc=0x0000000115ba777c sp=0x000000016ba722f0 mode 0
Event: 0.847 Thread 0x0000000128808a00 DEOPT PACKING pc=0x000000010ea6846c sp=0x000000016ba725d0
Event: 0.847 Thread 0x0000000128808a00 DEOPT UNPACKING pc=0x0000000115ba777c sp=0x000000016ba722f0 mode 0
Event: 0.848 Thread 0x0000000128808a00 DEOPT PACKING pc=0x000000010ea6b9b8 sp=0x000000016ba727a0
Event: 0.848 Thread 0x0000000128808a00 DEOPT UNPACKING pc=0x0000000115ba777c sp=0x000000016ba723d0 mode 0
Event: 0.879 Thread 0x0000000128808a00 DEOPT PACKING pc=0x000000010ea75ea8 sp=0x000000016ba71a60
Event: 0.879 Thread 0x0000000128808a00 DEOPT UNPACKING pc=0x0000000115ba777c sp=0x000000016ba71770 mode 0
Event: 0.898 Thread 0x0000000128808a00 DEOPT PACKING pc=0x000000010ea68ba8 sp=0x000000016ba720d0
Event: 0.898 Thread 0x0000000128808a00 DEOPT UNPACKING pc=0x0000000115ba777c sp=0x000000016ba71d80 mode 0
Event: 1.233 Thread 0x0000000128808a00 Uncommon trap: trap_request=0xffffffc6 fr.pc=0x0000000116266e6c relative=0x0000000000000b2c
Event: 1.233 Thread 0x0000000128808a00 Uncommon trap: reason=bimorphic_or_optimized_type_check action=maybe_recompile pc=0x0000000116266e6c method=java.util.HashMap.putVal(ILjava/lang/Object;Ljava/lang/Object;ZZ)Ljava/lang/Object; @ 152 c2
Event: 1.233 Thread 0x0000000128808a00 DEOPT PACKING pc=0x0000000116266e6c sp=0x000000016ba72b30
Event: 1.233 Thread 0x0000000128808a00 DEOPT UNPACKING pc=0x0000000115ba791c sp=0x000000016ba72ab0 mode 2
Event: 1.233 Thread 0x0000000128808a00 Uncommon trap: trap_request=0xffffffc6 fr.pc=0x0000000116266e6c relative=0x0000000000000b2c
Event: 1.233 Thread 0x0000000128808a00 Uncommon trap: reason=bimorphic_or_optimized_type_check action=maybe_recompile pc=0x0000000116266e6c method=java.util.HashMap.putVal(ILjava/lang/Object;Ljava/lang/Object;ZZ)Ljava/lang/Object; @ 152 c2
Event: 1.233 Thread 0x0000000128808a00 DEOPT PACKING pc=0x0000000116266e6c sp=0x000000016ba72b30
Event: 1.233 Thread 0x0000000128808a00 DEOPT UNPACKING pc=0x0000000115ba791c sp=0x000000016ba72ab0 mode 2

Classes loaded (20 events):
Event: 1.377 Loading class org/junit/jupiter/api/AssertTrue
Event: 1.377 Loading class org/junit/jupiter/api/AssertTrue done
Event: 1.377 Loading class org/junit/jupiter/api/AssertEquals
Event: 1.377 Loading class org/junit/jupiter/api/AssertEquals done
Event: 1.379 Loading class org/junit/jupiter/api/AssertNull
Event: 1.379 Loading class org/junit/jupiter/api/AssertNull done
Event: 1.380 Loading class org/apache/kafka/streams/state/internals/DualColumnFamilyAccessor$RocksDBDualCFIterator
Event: 1.380 Loading class org/apache/kafka/streams/state/internals/DualColumnFamilyAccessor$RocksDBDualCFIterator done
Event: 1.380 Loading class org/apache/kafka/common/utils/AbstractIterator
Event: 1.380 Loading class org/apache/kafka/common/utils/AbstractIterator done
Event: 1.380 Loading class org/apache/kafka/common/utils/AbstractIterator$State
Event: 1.380 Loading class org/apache/kafka/common/utils/AbstractIterator$State done
Event: 1.380 Loading class org/apache/kafka/common/utils/AbstractIterator$1
Event: 1.380 Loading class org/apache/kafka/common/utils/AbstractIterator$1 done
Event: 1.381 Loading class org/junit/jupiter/api/AssertArrayEquals
Event: 1.381 Loading class org/junit/jupiter/api/AssertArrayEquals done
Event: 1.381 Loading class org/junit/jupiter/api/AssertFalse
Event: 1.381 Loading class org/junit/jupiter/api/AssertFalse done
Event: 1.381 Loading class org/apache/kafka/streams/state/internals/DualColumnFamilyAccessor$RocksDBDualCFRangeIterator
Event: 1.381 Loading class org/apache/kafka/streams/state/internals/DualColumnFamilyAccessor$RocksDBDualCFRangeIterator done

Classes unloaded (0 events):
No events

Classes redefined (3 events):
Event: 0.813 Thread 0x000000012860e290 redefined class name=java.lang.Object, count=1
Event: 0.813 Thread 0x000000012860e290 redefined class name=org.apache.kafka.streams.state.internals.metrics.RocksDBMetricsRecorder, count=2
Event: 0.875 Thread 0x000000012860e290 redefined class name=org.apache.kafka.streams.processor.internals.ProcessorTopology, count=1

Internal exceptions (20 events):
Event: 0.879 Thread 0x0000000128808a00 Exception <a 'java/lang/NoSuchMethodError'{0x00000005c60b3190}: 'java.lang.Object java.lang.invoke.Invokers$Holder.invoker(java.lang.Object, java.lang.Object, java.lang.Object, java.lang.Object, java.lang.Object, java.lang.Object, java.lang.Object, java.lang.Object, java.lang.Object, java.lang.Object)'> (0x00000005c60b3190) 
thrown [src/hotspot/share/interpreter/linkResolver.cpp, line 759]
Event: 0.879 Thread 0x0000000128808a00 Exception <a 'java/lang/NoSuchMethodError'{0x00000005c60b8fc0}: 'java.lang.Object java.lang.invoke.DirectMethodHandle$Holder.invokeSpecial(java.lang.Object, java.lang.Object, java.lang.Object, java.lang.Object, java.lang.Object, java.lang.Object, java.lang.Object, java.lang.Object, java.lang.Object, java.lang.Object, java.lang.Object)'> (0x00000005c60b8fc0) 
thrown [src/hotspot/share/interpreter/linkResolver.cpp, line 759]
Event: 0.883 Thread 0x0000000128808a00 Exception <a 'java/lang/IncompatibleClassChangeError'{0x00000005c613f270}: Found class java.lang.Object, but interface was expected> (0x00000005c613f270) 
thrown [src/hotspot/share/interpreter/linkResolver.cpp, line 826]
Event: 0.901 Thread 0x0000000128808a00 Exception <a 'java/lang/NoSuchMethodError'{0x00000005c63f31f8}: 'void java.lang.invoke.DirectMethodHandle$Holder.invokeStatic(java.lang.Object, int, java.lang.Object)'> (0x00000005c63f31f8) 
thrown [src/hotspot/share/interpreter/linkResolver.cpp, line 759]
Event: 0.901 Thread 0x0000000128808a00 Exception <a 'java/lang/NoSuchMethodError'{0x00000005c63f6fc8}: 'void java.lang.invoke.DirectMethodHandle$Holder.invokeStaticInit(java.lang.Object, int, java.lang.Object)'> (0x00000005c63f6fc8) 
thrown [src/hotspot/share/interpreter/linkResolver.cpp, line 759]
Event: 0.925 Thread 0x0000000128808a00 Exception <a 'java/lang/NoSuchMethodError'{0x00000005c5846f80}: 'java.lang.Object java.lang.invoke.DirectMethodHandle$Holder.invokeVirtual(java.lang.Object, java.lang.Object, java.lang.Object, java.lang.Object)'> (0x00000005c5846f80) 
thrown [src/hotspot/share/interpreter/linkResolver.cpp, line 759]
Event: 0.928 Thread 0x0000000128808a00 Exception <a 'java/lang/NoSuchMethodError'{0x00000005c58c0828}: 'java.lang.Object java.lang.invoke.DirectMethodHandle$Holder.invokeSpecial(java.lang.Object, java.lang.Object, java.lang.Object, java.lang.Object, long)'> (0x00000005c58c0828) 
thrown [src/hotspot/share/interpreter/linkResolver.cpp, line 759]
Event: 1.231 Thread 0x0000000128808a00 Exception <a 'java/lang/NoSuchMethodError'{0x00000005c59f3098}: 'java.lang.Object java.lang.invoke.DirectMethodHandle$Holder.invokeStaticInit(java.lang.Object, java.lang.Object, java.lang.Object, java.lang.Object, java.lang.Object)'> (0x00000005c59f3098) 
thrown [src/hotspot/share/interpreter/linkResolver.cpp, line 759]
Event: 1.233 Thread 0x0000000128808a00 Exception <a 'sun/nio/fs/UnixException'{0x00000005c5a1c010}> (0x00000005c5a1c010) 
thrown [src/hotspot/share/prims/jni.cpp, line 516]
Event: 1.312 Thread 0x0000000128808a00 Exception <a 'sun/nio/fs/UnixException'{0x00000005c5b444c8}> (0x00000005c5b444c8) 
thrown [src/hotspot/share/prims/jni.cpp, line 516]
Event: 1.314 Thread 0x0000000128808a00 Exception <a 'java/lang/NoSuchMethodError'{0x00000005c5b550d8}: 'java.lang.Object java.lang.invoke.DirectMethodHandle$Holder.invokeStatic(java.lang.Object, long, java.lang.Object, java.lang.Object)'> (0x00000005c5b550d8) 
thrown [src/hotspot/share/interpreter/linkResolver.cpp, line 759]
Event: 1.314 Thread 0x0000000128808a00 Exception <a 'java/lang/NoSuchMethodError'{0x00000005c5b5c0e8}: 'java.lang.Object java.lang.invoke.DirectMethodHandle$Holder.newInvokeSpecial(java.lang.Object, long)'> (0x00000005c5b5c0e8) 
thrown [src/hotspot/share/interpreter/linkResolver.cpp, line 759]
Event: 1.331 Thread 0x0000000128808a00 Exception <a 'sun/nio/fs/UnixException'{0x00000005c5b764f0}> (0x00000005c5b764f0) 
thrown [src/hotspot/share/prims/jni.cpp, line 516]
Event: 1.331 Thread 0x0000000128808a00 Exception <a 'sun/nio/fs/UnixException'{0x00000005c5b76f20}> (0x00000005c5b76f20) 
thrown [src/hotspot/share/prims/jni.cpp, line 516]
Event: 1.376 Thread 0x0000000128808a00 Exception <a 'sun/nio/fs/UnixException'{0x00000005c5ba30f8}> (0x00000005c5ba30f8) 
thrown [src/hotspot/share/prims/jni.cpp, line 516]
Event: 1.444 Thread 0x0000000128808a00 Exception <a 'sun/nio/fs/UnixException'{0x00000005c5c3dee0}> (0x00000005c5c3dee0) 
thrown [src/hotspot/share/prims/jni.cpp, line 516]
Event: 1.444 Thread 0x0000000128808a00 Exception <a 'sun/nio/fs/UnixException'{0x00000005c5c3e8e0}> (0x00000005c5c3e8e0) 
thrown [src/hotspot/share/prims/jni.cpp, line 516]
Event: 1.475 Thread 0x0000000128808a00 Exception <a 'sun/nio/fs/UnixException'{0x00000005c5c40cc0}> (0x00000005c5c40cc0) 
thrown [src/hotspot/share/prims/jni.cpp, line 516]
Event: 1.507 Thread 0x0000000128808a00 Exception <a 'sun/nio/fs/UnixException'{0x00000005c5c4d788}> (0x00000005c5c4d788) 
thrown [src/hotspot/share/prims/jni.cpp, line 516]
Event: 1.507 Thread 0x0000000128808a00 Exception <a 'sun/nio/fs/UnixException'{0x00000005c5c4e188}> (0x00000005c5c4e188) 
thrown [src/hotspot/share/prims/jni.cpp, line 516]

VM Operations (20 events):
Event: 0.811 Executing VM operation: RedefineClasses
Event: 0.817 Executing VM operation: RedefineClasses done
Event: 0.817 Executing VM operation: HandshakeAllThreads
Event: 0.817 Executing VM operation: HandshakeAllThreads done
Event: 0.818 Executing VM operation: ICBufferFull
Event: 0.818 Executing VM operation: ICBufferFull done
Event: 0.820 Executing VM operation: ICBufferFull
Event: 0.820 Executing VM operation: ICBufferFull done
Event: 0.821 Executing VM operation: ICBufferFull
Event: 0.822 Executing VM operation: ICBufferFull done
Event: 0.851 Executing VM operation: ICBufferFull
Event: 0.851 Executing VM operation: ICBufferFull done
Event: 0.864 Executing VM operation: ICBufferFull
Event: 0.864 Executing VM operation: ICBufferFull done
Event: 0.874 Executing VM operation: RedefineClasses
Event: 0.878 Executing VM operation: RedefineClasses done
Event: 0.909 Executing VM operation: ICBufferFull
Event: 0.909 Executing VM operation: ICBufferFull done
Event: 1.310 Executing VM operation: ICBufferFull
Event: 1.310 Executing VM operation: ICBufferFull done

Memory protections (20 events):
Event: 0.011 Protecting memory [0x00000001756c8000,0x00000001756d4000] with protection modes 0
Event: 0.011 Protecting memory [0x00000001758d4000,0x00000001758e0000] with protection modes 0
Event: 0.014 Protecting memory [0x0000000175bf8000,0x0000000175c04000] with protection modes 0
Event: 0.014 Protecting memory [0x0000000175e04000,0x0000000175e10000] with protection modes 0
Event: 0.014 Protecting memory [0x0000000176010000,0x000000017601c000] with protection modes 0
Event: 0.014 Protecting memory [0x000000017621c000,0x0000000176228000] with protection modes 0
Event: 0.015 Protecting memory [0x0000000176634000,0x0000000176640000] with protection modes 0
Event: 0.015 Protecting memory [0x0000000176428000,0x0000000176434000] with protection modes 0
Event: 0.023 Protecting memory [0x0000000176840000,0x000000017684c000] with protection modes 0
Event: 0.034 Protecting memory [0x0000000176a4c000,0x0000000176a58000] with protection modes 0
Event: 0.034 Protecting memory [0x0000000176c58000,0x0000000176c64000] with protection modes 0
Event: 0.048 Protecting memory [0x0000000177070000,0x000000017707c000] with protection modes 0
Event: 0.431 Protecting memory [0x0000000177ec4000,0x0000000177ed0000] with protection modes 0
Event: 0.481 Protecting memory [0x0000000308628000,0x0000000308634000] with protection modes 0
Event: 0.583 Protecting memory [0x0000000177070000,0x000000017707c000] with protection modes 3
Event: 0.700 Protecting memory [0x0000000177070000,0x000000017707c000] with protection modes 0
Event: 1.170 Protecting memory [0x0000000177070000,0x000000017707c000] with protection modes 3
Event: 1.229 Protecting memory [0x0000000104724000,0x0000000104728000] with protection modes 1
Event: 1.238 Protecting memory [0x00000003092dc000,0x00000003092e8000] with protection modes 0
Event: 1.443 Protecting memory [0x00000003092dc000,0x00000003092e8000] with protection modes 3

Nmethod flushes (0 events):
No events

Events (20 events):
Event: 0.010 Thread 0x0000000128808a00 Thread added: 0x0000000128808a00
Event: 0.011 Thread 0x0000000128808a00 Thread added: 0x000000015900ee00
Event: 0.011 Thread 0x0000000128808a00 Thread added: 0x0000000139017800
Event: 0.014 Thread 0x0000000128808a00 Thread added: 0x0000000148812800
Event: 0.014 Thread 0x0000000128808a00 Thread added: 0x0000000148812e00
Event: 0.014 Thread 0x0000000128808a00 Thread added: 0x0000000148815000
Event: 0.014 Thread 0x0000000128808a00 Thread added: 0x0000000148815600
Event: 0.014 Thread 0x0000000128808a00 Thread added: 0x0000000148815c00
Event: 0.015 Thread 0x0000000128808a00 Thread added: 0x0000000139019a00
Event: 0.023 Thread 0x0000000128808a00 Thread added: 0x000000015882be00
Event: 0.034 Thread 0x0000000128808a00 Thread added: 0x000000015882c400
Event: 0.034 Thread 0x0000000128808a00 Thread added: 0x0000000158813600
Event: 0.048 Thread 0x0000000148815c00 Thread added: 0x000000015900b800
Event: 0.431 Thread 0x0000000128808a00 Thread added: 0x0000000128ae5000
Event: 0.481 Thread 0x0000000148812800 Thread added: 0x0000000128adc400
Event: 0.583 Thread 0x000000015900b800 Thread exited: 0x000000015900b800
Event: 0.700 Thread 0x0000000148815600 Thread added: 0x0000000105010800
Event: 1.170 Thread 0x0000000105010800 Thread exited: 0x0000000105010800
Event: 1.238 Thread 0x0000000148815c00 Thread added: 0x000000012e808200
Event: 1.443 Thread 0x000000012e808200 Thread exited: 0x000000012e808200


Dynamic libraries:
0x0000000104658000 	/Users/aliehsaeedi/Library/Java/JavaVirtualMachines/corretto-17.0.13/Contents/Home/lib/libjli.dylib
0x00000001b9ad5000 	/System/Library/Frameworks/Cocoa.framework/Versions/A/Cocoa
0x00000001a1287000 	/System/Library/Frameworks/AppKit.framework/Versions/C/AppKit
0x00000001a4577000 	/System/Library/Frameworks/CoreData.framework/Versions/A/CoreData
0x000000019e917000 	/System/Library/Frameworks/Foundation.framework/Versions/C/Foundation
0x00000001ab515000 	/usr/lib/libSystem.B.dylib
0x00000001a2718000 	/System/Library/PrivateFrameworks/UIFoundation.framework/Versions/A/UIFoundation
0x000000024b2ce000 	/System/Library/PrivateFrameworks/CollectionViewCore.framework/Versions/A/CollectionViewCore
0x00000001a909a000 	/System/Library/PrivateFrameworks/XCTTargetBootstrap.framework/Versions/A/XCTTargetBootstrap
0x00000001add0f000 	/System/Library/PrivateFrameworks/InternationalSupport.framework/Versions/A/InternationalSupport
0x00000001ae066000 	/System/Library/PrivateFrameworks/UserActivity.framework/Versions/A/UserActivity
0x0000000279c56000 	/System/Library/PrivateFrameworks/UIIntelligenceSupport.framework/Versions/A/UIIntelligenceSupport
0x0000000203dd9000 	/System/Library/Frameworks/SwiftUICore.framework/Versions/A/SwiftUICore
0x000000027ecdc000 	/System/Library/PrivateFrameworks/WritingTools.framework/Versions/A/WritingTools
0x000000027dd20000 	/System/Library/PrivateFrameworks/WindowManagement.framework/Versions/A/WindowManagement
0x000000019e57a000 	/System/Library/Frameworks/SystemConfiguration.framework/Versions/A/SystemConfiguration
0x00000001ad144000 	/usr/lib/libspindump.dylib
0x00000001a28ca000 	/System/Library/Frameworks/UniformTypeIdentifiers.framework/Versions/A/UniformTypeIdentifiers
0x00000001aa901000 	/usr/lib/libbsm.0.dylib
0x00000001a6b1b000 	/usr/lib/libapp_launch_measurement.dylib
0x00000001a5ec3000 	/System/Library/PrivateFrameworks/CoreAnalytics.framework/Versions/A/CoreAnalytics
0x00000001a6b1f000 	/System/Library/PrivateFrameworks/CoreAutoLayout.framework/Versions/A/CoreAutoLayout
0x00000001a86b4000 	/System/Library/Frameworks/Metal.framework/Versions/A/Metal
0x00000001a98dd000 	/usr/lib/liblangid.dylib
0x00000001a90a0000 	/System/Library/PrivateFrameworks/CoreSVG.framework/Versions/A/CoreSVG
0x00000001a32ef000 	/System/Library/PrivateFrameworks/SkyLight.framework/Versions/A/SkyLight
0x00000001a3816000 	/System/Library/Frameworks/CoreGraphics.framework/Versions/A/CoreGraphics
0x00000001b31e6000 	/System/Library/Frameworks/Accelerate.framework/Versions/A/Accelerate
0x00000001acf87000 	/System/Library/PrivateFrameworks/IconServices.framework/Versions/A/IconServices
0x00000001a8691000 	/System/Library/Frameworks/IOSurface.framework/Versions/A/IOSurface
0x00000001a5ef4000 	/usr/lib/libDiagnosticMessagesClient.dylib
0x00000001ab45f000 	/usr/lib/libz.1.dylib
0x00000001b70fb000 	/System/Library/Frameworks/ApplicationServices.framework/Versions/A/ApplicationServices
0x00000001a9085000 	/System/Library/PrivateFrameworks/DFRFoundation.framework/Versions/A/DFRFoundation
0x00000001a0aec000 	/usr/lib/libicucore.A.dylib
0x00000001af0ef000 	/System/Library/Frameworks/AudioToolbox.framework/Versions/A/AudioToolbox
0x00000001ae017000 	/System/Library/PrivateFrameworks/DataDetectorsCore.framework/Versions/A/DataDetectorsCore
0x00000001c9b85000 	/System/Library/PrivateFrameworks/TextInput.framework/Versions/A/TextInput
0x00000001a323a000 	/usr/lib/libMobileGestalt.dylib
0x00000001a8d7e000 	/System/Library/Frameworks/Carbon.framework/Versions/A/Frameworks/HIToolbox.framework/Versions/A/HIToolbox
0x00000001a63fc000 	/System/Library/Frameworks/QuartzCore.framework/Versions/A/QuartzCore
0x00000001a06e7000 	/System/Library/Frameworks/Security.framework/Versions/A/Security
0x00000001b2b43000 	/System/Library/Frameworks/Carbon.framework/Versions/A/Frameworks/SpeechRecognition.framework/Versions/A/SpeechRecognition
0x00000001a6822000 	/System/Library/PrivateFrameworks/CoreUI.framework/Versions/A/CoreUI
0x000000019ffb4000 	/System/Library/Frameworks/CoreAudio.framework/Versions/A/CoreAudio
0x00000001a5fe2000 	/System/Library/Frameworks/DiskArbitration.framework/Versions/A/DiskArbitration
0x00000001ad5ad000 	/System/Library/PrivateFrameworks/MultitouchSupport.framework/Versions/A/MultitouchSupport
0x00000001a3238000 	/usr/lib/libenergytrace.dylib
0x00000001be129000 	/System/Library/PrivateFrameworks/RenderBox.framework/Versions/A/RenderBox
0x00000001a1137000 	/System/Library/Frameworks/IOKit.framework/Versions/A/IOKit
0x00000001b2f3a000 	/System/Library/Frameworks/CoreServices.framework/Versions/A/CoreServices
0x00000001a6aac000 	/System/Library/PrivateFrameworks/PerformanceAnalysis.framework/Versions/A/PerformanceAnalysis
0x00000001fd79a000 	/System/Library/Frameworks/OpenGL.framework/Versions/A/OpenGL
0x00000001a6b69000 	/usr/lib/libxml2.2.dylib
0x00000001aa7e5000 	/System/Library/PrivateFrameworks/MobileKeyBag.framework/Versions/A/MobileKeyBag
0x000000019cebc000 	/usr/lib/libobjc.A.dylib
0x000000019d1ca000 	/usr/lib/libc++.1.dylib
0x00000001b2ebb000 	/System/Library/Frameworks/Accessibility.framework/Versions/A/Accessibility
0x00000001a3f47000 	/System/Library/Frameworks/ColorSync.framework/Versions/A/ColorSync
0x000000019d326000 	/System/Library/Frameworks/CoreFoundation.framework/Versions/A/CoreFoundation
0x00000001a945f000 	/System/Library/Frameworks/CoreImage.framework/Versions/A/CoreImage
0x000000019fd95000 	/System/Library/Frameworks/CoreText.framework/Versions/A/CoreText
0x00000001fece6000 	/System/Library/Frameworks/CoreTransferable.framework/Versions/A/CoreTransferable
0x00000001ff26b000 	/System/Library/Frameworks/DataDetection.framework/Versions/A/DataDetection
0x00000001ff26e000 	/System/Library/Frameworks/DeveloperToolsSupport.framework/Versions/A/DeveloperToolsSupport
0x00000001a90db000 	/System/Library/Frameworks/ImageIO.framework/Versions/A/ImageIO
0x000000020499c000 	/System/Library/Frameworks/Symbols.framework/Versions/A/Symbols
0x00000001f0f46000 	/System/Library/PrivateFrameworks/FeatureFlags.framework/Versions/A/FeatureFlags
0x00000001ab51a000 	/System/Library/PrivateFrameworks/SoftLinking.framework/Versions/A/SoftLinking
0x00000001dc7ff000 	/usr/lib/swift/libswiftAccelerate.dylib
0x00000001aea84000 	/usr/lib/swift/libswiftCore.dylib
0x00000001c6228000 	/usr/lib/swift/libswiftCoreFoundation.dylib
0x00000001c6282000 	/usr/lib/swift/libswiftCoreImage.dylib
0x00000001c3591000 	/usr/lib/swift/libswiftDarwin.dylib
0x00000002858f9000 	/usr/lib/swift/libswiftDataDetection.dylib
0x00000001b4a33000 	/usr/lib/swift/libswiftDispatch.dylib
0x00000001c6283000 	/usr/lib/swift/libswiftIOKit.dylib
0x00000001d2df3000 	/usr/lib/swift/libswiftMetal.dylib
0x00000001e1d98000 	/usr/lib/swift/libswiftOSLog.dylib
0x00000001b76b5000 	/usr/lib/swift/libswiftObjectiveC.dylib
0x0000000285926000 	/usr/lib/swift/libswiftObservation.dylib
0x00000001d8195000 	/usr/lib/swift/libswiftQuartzCore.dylib
0x00000001dc7f0000 	/usr/lib/swift/libswiftUniformTypeIdentifiers.dylib
0x00000001c623a000 	/usr/lib/swift/libswiftXPC.dylib
0x0000000285a0c000 	/usr/lib/swift/libswift_Builtin_float.dylib
0x0000000285a0f000 	/usr/lib/swift/libswift_Concurrency.dylib
0x0000000285b6e000 	/usr/lib/swift/libswift_StringProcessing.dylib
0x0000000285c01000 	/usr/lib/swift/libswift_errno.dylib
0x0000000285c03000 	/usr/lib/swift/libswift_math.dylib
0x0000000285c06000 	/usr/lib/swift/libswift_signal.dylib
0x0000000285c07000 	/usr/lib/swift/libswift_stdio.dylib
0x0000000285c08000 	/usr/lib/swift/libswift_time.dylib
0x00000001b76b9000 	/usr/lib/swift/libswiftos.dylib
0x00000001c9adc000 	/usr/lib/swift/libswiftsimd.dylib
0x0000000285c09000 	/usr/lib/swift/libswiftsys_time.dylib
0x0000000285c0a000 	/usr/lib/swift/libswiftunistd.dylib
0x00000001ab743000 	/usr/lib/libcompression.dylib
0x00000001adc6f000 	/System/Library/PrivateFrameworks/TextureIO.framework/Versions/A/TextureIO
0x00000001acc26000 	/usr/lib/libate.dylib
0x00000001ab50f000 	/usr/lib/system/libcache.dylib
0x00000001ab4ca000 	/usr/lib/system/libcommonCrypto.dylib
0x00000001ab4f5000 	/usr/lib/system/libcompiler_rt.dylib
0x00000001ab4ea000 	/usr/lib/system/libcopyfile.dylib
0x000000019d017000 	/usr/lib/system/libcorecrypto.dylib
0x000000019d0fe000 	/usr/lib/system/libdispatch.dylib
0x000000019d2be000 	/usr/lib/system/libdyld.dylib
0x00000001ab505000 	/usr/lib/system/libkeymgr.dylib
0x00000001ab4ad000 	/usr/lib/system/libmacho.dylib
0x00000001aa8da000 	/usr/lib/system/libquarantine.dylib
0x00000001ab502000 	/usr/lib/system/libremovefile.dylib
0x00000001a32b4000 	/usr/lib/system/libsystem_asl.dylib
0x000000019cfac000 	/usr/lib/system/libsystem_blocks.dylib
0x000000019d148000 	/usr/lib/system/libsystem_c.dylib
0x00000001ab4f9000 	/usr/lib/system/libsystem_collections.dylib
0x00000001a98ca000 	/usr/lib/system/libsystem_configuration.dylib
0x00000001a8660000 	/usr/lib/system/libsystem_containermanager.dylib
0x00000001aaff0000 	/usr/lib/system/libsystem_coreservices.dylib
0x00000001a0db8000 	/usr/lib/system/libsystem_darwin.dylib
0x0000000285d41000 	/usr/lib/system/libsystem_darwindirectory.dylib
0x00000001ab506000 	/usr/lib/system/libsystem_dnssd.dylib
0x0000000285d45000 	/usr/lib/system/libsystem_eligibility.dylib
0x000000019d145000 	/usr/lib/system/libsystem_featureflags.dylib
0x000000019d2f6000 	/usr/lib/system/libsystem_info.dylib
0x00000001ab46e000 	/usr/lib/system/libsystem_m.dylib
0x000000019d0b6000 	/usr/lib/system/libsystem_malloc.dylib
0x00000001a321d000 	/usr/lib/system/libsystem_networkextension.dylib
0x00000001a121a000 	/usr/lib/system/libsystem_notify.dylib
0x00000001a98cf000 	/usr/lib/system/libsystem_sandbox.dylib
0x0000000285d4d000 	/usr/lib/system/libsystem_sanitizers.dylib
0x00000001ab4fe000 	/usr/lib/system/libsystem_secinit.dylib
0x000000019d275000 	/usr/lib/system/libsystem_kernel.dylib
0x000000019d2ee000 	/usr/lib/system/libsystem_platform.dylib
0x000000019d2b1000 	/usr/lib/system/libsystem_pthread.dylib
0x00000001a4e11000 	/usr/lib/system/libsystem_symptoms.dylib
0x000000019cffb000 	/usr/lib/system/libsystem_trace.dylib
0x00000001ab4d8000 	/usr/lib/system/libunwind.dylib
0x000000019cfb0000 	/usr/lib/system/libxpc.dylib
0x000000019d257000 	/usr/lib/libc++abi.dylib
0x0000000284916000 	/usr/lib/libRosetta.dylib
0x00000001a10b6000 	/System/Library/PrivateFrameworks/CoreServicesInternal.framework/Versions/A/CoreServicesInternal
0x00000001ab4e2000 	/usr/lib/liboah.dylib
0x00000001ab517000 	/usr/lib/libfakelink.dylib
0x00000001b6bae000 	/System/Library/PrivateFrameworks/DiskImages.framework/Versions/A/DiskImages
0x00000001c30ba000 	/System/Library/Frameworks/NetFS.framework/Versions/A/NetFS
0x00000001a2e53000 	/System/Library/Frameworks/CFNetwork.framework/Versions/A/CFNetwork
0x00000001a6ae3000 	/System/Library/Frameworks/CoreServices.framework/Versions/A/Frameworks/FSEvents.framework/Versions/A/FSEvents
0x00000001a0dc3000 	/System/Library/Frameworks/CoreServices.framework/Versions/A/Frameworks/CarbonCore.framework/Versions/A/CarbonCore
0x00000001a5f57000 	/System/Library/Frameworks/CoreServices.framework/Versions/A/Frameworks/Metadata.framework/Versions/A/Metadata
0x00000001aaff7000 	/System/Library/Frameworks/CoreServices.framework/Versions/A/Frameworks/OSServices.framework/Versions/A/OSServices
0x00000001ab664000 	/System/Library/Frameworks/CoreServices.framework/Versions/A/Frameworks/SearchKit.framework/Versions/A/SearchKit
0x00000001a4d8c000 	/System/Library/Frameworks/CoreServices.framework/Versions/A/Frameworks/AE.framework/Versions/A/AE
0x000000019d865000 	/System/Library/Frameworks/CoreServices.framework/Versions/A/Frameworks/LaunchServices.framework/Versions/A/LaunchServices
0x00000001aca7b000 	/System/Library/Frameworks/CoreServices.framework/Versions/A/Frameworks/DictionaryServices.framework/Versions/A/DictionaryServices
0x00000001a6af1000 	/System/Library/Frameworks/CoreServices.framework/Versions/A/Frameworks/SharedFileList.framework/Versions/A/SharedFileList
0x00000001ab6fa000 	/usr/lib/libapple_nghttp2.dylib
0x00000001a49ed000 	/usr/lib/libsqlite3.dylib
0x00000001af732000 	/System/Library/Frameworks/GSS.framework/Versions/A/GSS
0x00000001a4d23000 	/System/Library/PrivateFrameworks/RunningBoardServices.framework/Versions/A/RunningBoardServices
0x00000001a4e1a000 	/System/Library/Frameworks/Network.framework/Versions/A/Network
0x00000001ab4b1000 	/usr/lib/system/libkxld.dylib
0x0000000247159000 	/System/Library/PrivateFrameworks/AppleKeyStore.framework/Versions/A/AppleKeyStore
0x000000028476e000 	/usr/lib/libCoreEntitlements.dylib
0x0000000262147000 	/System/Library/PrivateFrameworks/MessageSecurity.framework/Versions/A/MessageSecurity
0x00000001a49d2000 	/System/Library/PrivateFrameworks/ProtocolBuffer.framework/Versions/A/ProtocolBuffer
0x00000001aafd7000 	/System/Library/PrivateFrameworks/AppleFSCompression.framework/Versions/A/AppleFSCompression
0x00000001aa8e9000 	/usr/lib/libcoretls.dylib
0x00000001acaf1000 	/usr/lib/libcoretls_cfhelpers.dylib
0x00000001ab73d000 	/usr/lib/libpam.2.dylib
0x00000001acb65000 	/usr/lib/libxar.1.dylib
0x00000001ab56c000 	/usr/lib/libarchive.2.dylib
0x00000001b0e35000 	/System/Library/Frameworks/Combine.framework/Versions/A/Combine
0x000000024b2f2000 	/System/Library/PrivateFrameworks/CollectionsInternal.framework/Versions/A/CollectionsInternal
0x000000026b1a2000 	/System/Library/PrivateFrameworks/ReflectionInternal.framework/Versions/A/ReflectionInternal
0x000000026be79000 	/System/Library/PrivateFrameworks/RuntimeInternal.framework/Versions/A/RuntimeInternal
0x000000028599d000 	/usr/lib/swift/libswiftSystem.dylib
0x00000001a98d8000 	/System/Library/PrivateFrameworks/AppleSystemInfo.framework/Versions/A/AppleSystemInfo
0x00000001c6113000 	/System/Library/PrivateFrameworks/LoggingSupport.framework/Versions/A/LoggingSupport
0x00000001b3ef4000 	/System/Library/PrivateFrameworks/PowerLog.framework/Versions/A/PowerLog
0x0000000203c9e000 	/System/Library/Frameworks/SwiftData.framework/Versions/A/SwiftData
0x00000001a6cf4000 	/System/Library/PrivateFrameworks/UserManagement.framework/Versions/A/UserManagement
0x00000001a2d81000 	/usr/lib/libboringssl.dylib
0x00000001a4e00000 	/usr/lib/libdns_services.dylib
0x00000001c52c2000 	/usr/lib/libquic.dylib
0x00000001aea13000 	/usr/lib/libusrtcp.dylib
0x00000001e9c0d000 	/System/Library/PrivateFrameworks/InternalSwiftProtobuf.framework/Versions/A/InternalSwiftProtobuf
0x00000002858fa000 	/usr/lib/swift/libswiftDistributed.dylib
0x0000000285993000 	/usr/lib/swift/libswiftSynchronization.dylib
0x00000001a2e52000 	/usr/lib/libnetwork.dylib
0x00000001d6dc9000 	/System/Library/PrivateFrameworks/OSAnalytics.framework/Versions/A/OSAnalytics
0x00000001ab6d5000 	/System/Library/PrivateFrameworks/AppleSauce.framework/Versions/A/AppleSauce
0x00000001b51c9000 	/System/Library/PrivateFrameworks/CoreSymbolication.framework/Versions/A/CoreSymbolication
0x00000001e58d6000 	/System/Library/PrivateFrameworks/Symbolication.framework/Versions/A/Symbolication
0x00000001b51a5000 	/System/Library/PrivateFrameworks/DebugSymbols.framework/Versions/A/DebugSymbols
0x0000000284639000 	/usr/lib/libAppleArchive.dylib
0x00000001aafe3000 	/usr/lib/libbz2.1.0.dylib
0x00000001acad2000 	/usr/lib/liblzma.5.dylib
0x00000001aa5d5000 	/System/Library/PrivateFrameworks/IOMobileFramebuffer.framework/Versions/A/IOMobileFramebuffer
0x00000001c619c000 	/System/Library/PrivateFrameworks/MallocStackLogging.framework/Versions/A/MallocStackLogging
0x00000001accc0000 	/System/Library/PrivateFrameworks/CrashReporterSupport.framework/Versions/A/CrashReporterSupport
0x000000019e371000 	/System/Library/PrivateFrameworks/Lexicon.framework/Versions/A/Lexicon
0x000000025a486000 	/System/Library/PrivateFrameworks/IO80211.framework/Versions/A/IO80211
0x00000001b4ccb000 	/System/Library/PrivateFrameworks/FrontBoardServices.framework/Versions/A/FrontBoardServices
0x00000001aa811000 	/System/Library/Frameworks/SecurityFoundation.framework/Versions/A/SecurityFoundation
0x00000001aa973000 	/usr/lib/libgermantok.dylib
0x00000001a99fc000 	/System/Library/PrivateFrameworks/LinguisticData.framework/Versions/A/LinguisticData
0x00000001a4c3e000 	/System/Library/PrivateFrameworks/BaseBoard.framework/Versions/A/BaseBoard
0x00000001b4d98000 	/System/Library/PrivateFrameworks/BoardServices.framework/Versions/A/BoardServices
0x00000001aa802000 	/System/Library/PrivateFrameworks/AssertionServices.framework/Versions/A/AssertionServices
0x00000001b69e8000 	/System/Library/PrivateFrameworks/BackBoardServices.framework/Versions/A/BackBoardServices
0x00000001a8aab000 	/System/Library/PrivateFrameworks/FontServices.framework/libFontParser.dylib
0x00000001a32cc000 	/System/Library/PrivateFrameworks/TCC.framework/Versions/A/TCC
0x00000001ba3e3000 	/System/Library/PrivateFrameworks/IOSurfaceAccelerator.framework/Versions/A/IOSurfaceAccelerator
0x00000001ad5ab000 	/System/Library/PrivateFrameworks/WatchdogClient.framework/Versions/A/WatchdogClient
0x000000019f8bc000 	/System/Library/Frameworks/CoreDisplay.framework/Versions/A/CoreDisplay
0x00000001a894f000 	/System/Library/Frameworks/CoreMedia.framework/Versions/A/CoreMedia
0x00000001a86aa000 	/System/Library/PrivateFrameworks/IOAccelerator.framework/Versions/A/IOAccelerator
0x00000001a6c53000 	/System/Library/Frameworks/CoreVideo.framework/Versions/A/CoreVideo
0x00000001ab73b000 	/System/Library/Frameworks/MetalPerformanceShaders.framework/Versions/A/MetalPerformanceShaders
0x000000026a4e0000 	/System/Library/PrivateFrameworks/ProDisplayLibrary.framework/Versions/A/ProDisplayLibrary
0x00000001ad5f3000 	/System/Library/Frameworks/VideoToolbox.framework/Versions/A/VideoToolbox
0x00000001a98d6000 	/System/Library/PrivateFrameworks/AggregateDictionary.framework/Versions/A/AggregateDictionary
0x00000001acaf3000 	/System/Library/PrivateFrameworks/APFS.framework/Versions/A/APFS
0x00000001acb74000 	/usr/lib/libutil.dylib
0x0000000275405000 	/System/Library/PrivateFrameworks/SwiftASN1Internal.framework/Versions/A/SwiftASN1Internal
0x00000001a5fec000 	/System/Library/Frameworks/Accelerate.framework/Versions/A/Frameworks/vImage.framework/Versions/A/vImage
0x00000001b2f15000 	/System/Library/Frameworks/Accelerate.framework/Versions/A/Frameworks/vecLib.framework/Versions/A/vecLib
0x00000001acbac000 	/System/Library/Frameworks/Accelerate.framework/Versions/A/Frameworks/vecLib.framework/Versions/A/libvMisc.dylib
0x000000019dcdd000 	/System/Library/Frameworks/Accelerate.framework/Versions/A/Frameworks/vecLib.framework/Versions/A/libBLAS.dylib
0x00000001af33f000 	/System/Library/Frameworks/ApplicationServices.framework/Versions/A/Frameworks/ATS.framework/Versions/A/ATS
0x00000001a40fd000 	/System/Library/Frameworks/ApplicationServices.framework/Versions/A/Frameworks/HIServices.framework/Versions/A/HIServices
0x00000001adbf8000 	/System/Library/Frameworks/ApplicationServices.framework/Versions/A/Frameworks/PrintCore.framework/Versions/A/PrintCore
0x00000001af6fc000 	/System/Library/Frameworks/ApplicationServices.framework/Versions/A/Frameworks/QD.framework/Versions/A/QD
0x00000001af6f3000 	/System/Library/Frameworks/ApplicationServices.framework/Versions/A/Frameworks/ColorSyncLegacy.framework/Versions/A/ColorSyncLegacy
0x00000001af311000 	/System/Library/Frameworks/ApplicationServices.framework/Versions/A/Frameworks/SpeechSynthesis.framework/Versions/A/SpeechSynthesis
0x00000001aa5a2000 	/System/Library/PrivateFrameworks/CoreEmoji.framework/Versions/A/CoreEmoji
0x000000025154b000 	/System/Library/PrivateFrameworks/FontServices.framework/Versions/A/FontServices
0x00000001ad0f9000 	/System/Library/PrivateFrameworks/OTSVG.framework/Versions/A/OTSVG
0x00000001a67d0000 	/System/Library/Frameworks/ApplicationServices.framework/Versions/A/Frameworks/ATS.framework/Versions/A/Resources/libFontRegistry.dylib
0x0000000284cfb000 	/usr/lib/libhvf.dylib
0x00000002663e4000 	/System/Library/PrivateFrameworks/ParsingInternal.framework/Versions/A/ParsingInternal
0x0000000285943000 	/usr/lib/swift/libswiftRegexBuilder.dylib
0x0000000285acb000 	/usr/lib/swift/libswift_RegexParser.dylib
0x00000001ad474000 	/System/Library/PrivateFrameworks/AppleJPEG.framework/Versions/A/AppleJPEG
0x00000001acf15000 	/usr/lib/libexpat.1.dylib
0x00000001adace000 	/System/Library/Frameworks/ImageIO.framework/Versions/A/Resources/libPng.dylib
0x00000001adaf9000 	/System/Library/Frameworks/ImageIO.framework/Versions/A/Resources/libTIFF.dylib
0x00000001adbe3000 	/System/Library/Frameworks/ImageIO.framework/Versions/A/Resources/libGIF.dylib
0x00000001ad4ba000 	/System/Library/Frameworks/ImageIO.framework/Versions/A/Resources/libJP2.dylib
0x00000001adb8a000 	/System/Library/Frameworks/ImageIO.framework/Versions/A/Resources/libJPEG.dylib
0x00000001adb81000 	/System/Library/Frameworks/ImageIO.framework/Versions/A/Resources/libRadiance.dylib
0x000000025621a000 	/System/Library/PrivateFrameworks/GPUCompiler.framework/Versions/32023/Libraries/libllvm-flatbuffers.dylib
0x0000000251616000 	/System/Library/PrivateFrameworks/FramePacing.framework/Versions/A/FramePacing
0x00000001fd78c000 	/System/Library/Frameworks/OpenGL.framework/Versions/A/Libraries/libCoreFSCache.dylib
0x000000025218b000 	/System/Library/PrivateFrameworks/GPUCompiler.framework/Versions/32023/Libraries/libGPUCompilerUtils.dylib
0x000000025154c000 	/System/Library/PrivateFrameworks/FontServices.framework/libXTFontStaticRegistryData.dylib
0x00000001b87f8000 	/System/Library/PrivateFrameworks/ASEProcessing.framework/Versions/A/ASEProcessing
0x000000026964d000 	/System/Library/PrivateFrameworks/PhotosensitivityProcessing.framework/Versions/A/PhotosensitivityProcessing
0x00000001ad0ed000 	/System/Library/PrivateFrameworks/GraphVisualizer.framework/Versions/A/GraphVisualizer
0x00000001fd7ea000 	/System/Library/Frameworks/OpenGL.framework/Versions/A/Libraries/libGLU.dylib
0x00000001fd7ae000 	/System/Library/Frameworks/OpenGL.framework/Versions/A/Libraries/libGFXShared.dylib
0x00000001fd976000 	/System/Library/Frameworks/OpenGL.framework/Versions/A/Libraries/libGL.dylib
0x00000001fd7b7000 	/System/Library/Frameworks/OpenGL.framework/Versions/A/Libraries/libGLImage.dylib
0x00000001fd7ab000 	/System/Library/Frameworks/OpenGL.framework/Versions/A/Libraries/libCVMSPluginSupport.dylib
0x00000001fd794000 	/System/Library/Frameworks/OpenGL.framework/Versions/A/Libraries/libCoreVMClient.dylib
0x00000001a981a000 	/System/Library/Frameworks/MetalPerformanceShaders.framework/Versions/A/Frameworks/MPSCore.framework/Versions/A/MPSCore
0x00000001aaf42000 	/System/Library/Frameworks/MetalPerformanceShaders.framework/Versions/A/Frameworks/MPSImage.framework/Versions/A/MPSImage
0x00000001aa98b000 	/System/Library/Frameworks/MetalPerformanceShaders.framework/Versions/A/Frameworks/MPSNeuralNetwork.framework/Versions/A/MPSNeuralNetwork
0x00000001aadc2000 	/System/Library/Frameworks/MetalPerformanceShaders.framework/Versions/A/Frameworks/MPSMatrix.framework/Versions/A/MPSMatrix
0x00000001aabd7000 	/System/Library/Frameworks/MetalPerformanceShaders.framework/Versions/A/Frameworks/MPSRayIntersector.framework/Versions/A/MPSRayIntersector
0x00000001aadf4000 	/System/Library/Frameworks/MetalPerformanceShaders.framework/Versions/A/Frameworks/MPSNDArray.framework/Versions/A/MPSNDArray
0x000000020108c000 	/System/Library/Frameworks/MetalPerformanceShaders.framework/Versions/A/Frameworks/MPSFunctions.framework/Versions/A/MPSFunctions
0x000000020106e000 	/System/Library/Frameworks/MetalPerformanceShaders.framework/Versions/A/Frameworks/MPSBenchmarkLoop.framework/Versions/A/MPSBenchmarkLoop
0x000000019db58000 	/System/Library/PrivateFrameworks/MetalTools.framework/Versions/A/MetalTools
0x00000001cae85000 	/System/Library/PrivateFrameworks/IOAccelMemoryInfo.framework/Versions/A/IOAccelMemoryInfo
0x00000001d858a000 	/System/Library/PrivateFrameworks/kperf.framework/Versions/A/kperf
0x00000001c6203000 	/System/Library/PrivateFrameworks/GPURawCounter.framework/Versions/A/GPURawCounter
0x00000001adbb5000 	/System/Library/Frameworks/ApplicationServices.framework/Versions/A/Frameworks/ATSUI.framework/Versions/A/ATSUI
0x00000001af687000 	/usr/lib/libcups.2.dylib
0x00000001af721000 	/System/Library/Frameworks/Kerberos.framework/Versions/A/Kerberos
0x00000001af387000 	/usr/lib/libresolv.9.dylib
0x00000001ab551000 	/usr/lib/libiconv.2.dylib
0x00000001ad14b000 	/System/Library/PrivateFrameworks/Heimdal.framework/Versions/A/Heimdal
0x00000001b760c000 	/System/Library/Frameworks/Kerberos.framework/Versions/A/Libraries/libHeimdalProxy.dylib
0x00000001acf30000 	/usr/lib/libheimdal-asn1.dylib
0x00000001a6ab6000 	/System/Library/Frameworks/OpenDirectory.framework/Versions/A/OpenDirectory
0x00000001af784000 	/System/Library/PrivateFrameworks/CommonAuth.framework/Versions/A/CommonAuth
0x00000001a6ac4000 	/System/Library/Frameworks/OpenDirectory.framework/Versions/A/Frameworks/CFOpenDirectory.framework/Versions/A/CFOpenDirectory
0x00000001ab4ac000 	/usr/lib/libcharset.1.dylib
0x00000001fdd12000 	/System/Library/Frameworks/AVFAudio.framework/Versions/A/AVFAudio
0x00000001bfaef000 	/System/Library/PrivateFrameworks/AXCoreUtilities.framework/Versions/A/AXCoreUtilities
0x000000025ddbf000 	/System/Library/PrivateFrameworks/IsolatedCoreAudioClient.framework/Versions/A/IsolatedCoreAudioClient
0x00000001af2f8000 	/usr/lib/libAudioStatistics.dylib
0x00000001a8927000 	/System/Library/PrivateFrameworks/caulk.framework/Versions/A/caulk
0x000000019f9dd000 	/System/Library/PrivateFrameworks/AudioToolboxCore.framework/Versions/A/AudioToolboxCore
0x00000001b9902000 	/System/Library/Frameworks/CoreMIDI.framework/Versions/A/CoreMIDI
0x00000001af29a000 	/System/Library/PrivateFrameworks/AudioSession.framework/Versions/A/AudioSession
0x00000001b0b9d000 	/System/Library/Frameworks/IOBluetooth.framework/Versions/A/IOBluetooth
0x00000001ad01a000 	/System/Library/PrivateFrameworks/MediaExperience.framework/Versions/A/MediaExperience
0x0000000277ec9000 	/System/Library/PrivateFrameworks/Tightbeam.framework/Versions/A/Tightbeam
0x000000024bdb0000 	/System/Library/PrivateFrameworks/CoreAudioOrchestration.framework/Versions/A/CoreAudioOrchestration
0x00000001dcec2000 	/System/Library/PrivateFrameworks/AFKUser.framework/Versions/A/AFKUser
0x00000001c6207000 	/usr/lib/swift/libswiftCoreAudio.dylib
0x00000001ad13a000 	/System/Library/PrivateFrameworks/AppServerSupport.framework/Versions/A/AppServerSupport
0x00000001af705000 	/System/Library/PrivateFrameworks/perfdata.framework/Versions/A/perfdata
0x00000001c53bb000 	/System/Library/PrivateFrameworks/SystemPolicy.framework/Versions/A/SystemPolicy
0x00000001af5a6000 	/usr/lib/libSMC.dylib
0x00000001ada98000 	/usr/lib/libAudioToolboxUtility.dylib
0x00000001af713000 	/usr/lib/libperfcheck.dylib
0x0000000247cd7000 	/System/Library/PrivateFrameworks/AudioAnalytics.framework/Versions/A/AudioAnalytics
0x00000001e99d4000 	/System/Library/Frameworks/OSLog.framework/Versions/A/OSLog
0x00000001c61ce000 	/usr/lib/libmis.dylib
0x00000001af0a8000 	/System/Library/PrivateFrameworks/AudioSession.framework/libSessionUtility.dylib
0x00000001adbe9000 	/System/Library/PrivateFrameworks/CMCaptureCore.framework/Versions/A/CMCaptureCore
0x00000001ff3bb000 	/System/Library/Frameworks/ExtensionFoundation.framework/Versions/A/ExtensionFoundation
0x00000001b52d6000 	/System/Library/PrivateFrameworks/CoreTime.framework/Versions/A/CoreTime
0x00000001ace14000 	/System/Library/PrivateFrameworks/PlugInKit.framework/Versions/A/PlugInKit
0x00000001b3dfd000 	/System/Library/Frameworks/CoreBluetooth.framework/Versions/A/CoreBluetooth
0x00000001b760d000 	/System/Library/Frameworks/AudioUnit.framework/Versions/A/AudioUnit
0x00000001aa666000 	/System/Library/PrivateFrameworks/CoreUtils.framework/Versions/A/CoreUtils
0x000000024ed63000 	/System/Library/PrivateFrameworks/CoreUtilsExtras.framework/Versions/A/CoreUtilsExtras
0x00000001b3236000 	/System/Library/Frameworks/MediaAccessibility.framework/Versions/A/MediaAccessibility
0x00000001ce825000 	/System/Library/PrivateFrameworks/AttributeGraph.framework/Versions/A/AttributeGraph
0x00000002845b7000 	/usr/lib/libAXSafeCategoryBundle.dylib
0x00000001bfbab000 	/usr/lib/libAccessibility.dylib
0x00000001aa4b0000 	/System/Library/Frameworks/Accelerate.framework/Versions/A/Frameworks/vecLib.framework/Versions/A/libvDSP.dylib
0x00000001ab819000 	/System/Library/Frameworks/Accelerate.framework/Versions/A/Frameworks/vecLib.framework/Versions/A/libLAPACK.dylib
0x00000001aa976000 	/System/Library/Frameworks/Accelerate.framework/Versions/A/Frameworks/vecLib.framework/Versions/A/libLinearAlgebra.dylib
0x00000001ab714000 	/System/Library/Frameworks/Accelerate.framework/Versions/A/Frameworks/vecLib.framework/Versions/A/libSparseBLAS.dylib
0x00000001ab814000 	/System/Library/Frameworks/Accelerate.framework/Versions/A/Frameworks/vecLib.framework/Versions/A/libQuadrature.dylib
0x00000001a9a03000 	/System/Library/Frameworks/Accelerate.framework/Versions/A/Frameworks/vecLib.framework/Versions/A/libBNNS.dylib
0x000000019e47e000 	/System/Library/Frameworks/Accelerate.framework/Versions/A/Frameworks/vecLib.framework/Versions/A/libSparse.dylib
0x000000025f536000 	/System/Library/PrivateFrameworks/MIL.framework/Versions/A/MIL
0x00000001adb7c000 	/System/Library/PrivateFrameworks/GPUWrangler.framework/Versions/A/GPUWrangler
0x00000001adb5c000 	/System/Library/PrivateFrameworks/IOPresentment.framework/Versions/A/IOPresentment
0x00000001adb84000 	/System/Library/PrivateFrameworks/DSExternalDisplay.framework/Versions/A/DSExternalDisplay
0x00000001e9ddb000 	/System/Library/PrivateFrameworks/HIDDisplay.framework/Versions/A/HIDDisplay
0x00000001bedc9000 	/System/Library/PrivateFrameworks/HID.framework/Versions/A/HID
0x000000027b70b000 	/System/Library/PrivateFrameworks/VideoToolboxParavirtualizationSupport.framework/Versions/A/VideoToolboxParavirtualizationSupport
0x00000001acecc000 	/System/Library/PrivateFrameworks/AppleVA.framework/Versions/A/AppleVA
0x00000001b4e45000 	/System/Library/PrivateFrameworks/GraphicsServices.framework/Versions/A/GraphicsServices
0x00000001af8f7000 	/System/Library/PrivateFrameworks/CorePhoneNumbers.framework/Versions/A/CorePhoneNumbers
0x00000001b3fe5000 	/System/Library/PrivateFrameworks/MediaKit.framework/Versions/A/MediaKit
0x00000001b3f30000 	/System/Library/Frameworks/DiscRecording.framework/Versions/A/DiscRecording
0x00000001af6e6000 	/System/Library/PrivateFrameworks/NetAuth.framework/Versions/A/NetAuth
0x00000001a6cb4000 	/System/Library/PrivateFrameworks/login.framework/Versions/A/Frameworks/loginsupport.framework/Versions/A/loginsupport
0x00000001acf3a000 	/System/Library/PrivateFrameworks/IconFoundation.framework/Versions/A/IconFoundation
0x00000001accb7000 	/usr/lib/libIOReport.dylib
0x00000002478e7000 	/System/Library/PrivateFrameworks/AppleMobileFileIntegrity.framework/Versions/A/AppleMobileFileIntegrity
0x0000000284979000 	/usr/lib/libTLE.dylib
0x00000001fa7e8000 	/System/Library/PrivateFrameworks/ConfigProfileHelper.framework/Versions/A/ConfigProfileHelper
0x00000001aa913000 	/usr/lib/libmecab.dylib
0x000000019e60e000 	/usr/lib/libCRFSuite.dylib
0x00000001a98df000 	/System/Library/PrivateFrameworks/CoreNLP.framework/Versions/A/CoreNLP
0x00000001ab6cc000 	/usr/lib/libThaiTokenizer.dylib
0x00000001aa8dd000 	/usr/lib/libCheckFix.dylib
0x00000001a5ef6000 	/System/Library/PrivateFrameworks/MetadataUtilities.framework/Versions/A/MetadataUtilities
0x000000025ad6a000 	/System/Library/PrivateFrameworks/InstalledContentLibrary.framework/Versions/A/InstalledContentLibrary
0x00000001a10f6000 	/System/Library/PrivateFrameworks/CoreServicesStore.framework/Versions/A/CoreServicesStore
0x00000001d8694000 	/System/Library/PrivateFrameworks/MobileSystemServices.framework/Versions/A/MobileSystemServices
0x00000001acb78000 	/usr/lib/libxslt.1.dylib
0x00000001aa8a0000 	/System/Library/PrivateFrameworks/BackgroundTaskManagement.framework/Versions/A/BackgroundTaskManagement
0x00000001b6d6c000 	/usr/lib/libcurl.4.dylib
0x0000000284bad000 	/usr/lib/libcrypto.46.dylib
0x00000002856d7000 	/usr/lib/libssl.48.dylib
0x00000001b6a44000 	/System/Library/Frameworks/LDAP.framework/Versions/A/LDAP
0x00000001b6a80000 	/System/Library/PrivateFrameworks/TrustEvaluationAgent.framework/Versions/A/TrustEvaluationAgent
0x00000001af3a4000 	/usr/lib/libsasl2.2.dylib
0x00000001c3590000 	/usr/lib/swift/libswiftCoreGraphics.dylib
0x00000001b3865000 	/usr/lib/swift/libswiftFoundation.dylib
0x00000001fa272000 	/usr/lib/swift/libswiftSwiftOnoneSupport.dylib
0x00000001e6087000 	/System/Library/PrivateFrameworks/CoreMaterial.framework/Versions/A/CoreMaterial
0x000000026bf70000 	/System/Library/PrivateFrameworks/SFSymbols.framework/Versions/A/SFSymbols
0x00000001b2b30000 	/System/Library/PrivateFrameworks/SpeechRecognitionCore.framework/Versions/A/SpeechRecognitionCore
0x0000000105b00000 	/Users/aliehsaeedi/Library/Java/JavaVirtualMachines/corretto-17.0.13/Contents/Home/lib/server/libjvm.dylib
0x00000001046cc000 	/Users/aliehsaeedi/Library/Java/JavaVirtualMachines/corretto-17.0.13/Contents/Home/lib/libjimage.dylib
0x00000001046f8000 	/Users/aliehsaeedi/Library/Java/JavaVirtualMachines/corretto-17.0.13/Contents/Home/lib/libinstrument.dylib
0x0000000104744000 	/Users/aliehsaeedi/Library/Java/JavaVirtualMachines/corretto-17.0.13/Contents/Home/lib/libjava.dylib
0x0000000104a04000 	/Users/aliehsaeedi/Library/Java/JavaVirtualMachines/corretto-17.0.13/Contents/Home/lib/libzip.dylib
0x00000001049dc000 	/Users/aliehsaeedi/Library/Java/JavaVirtualMachines/corretto-17.0.13/Contents/Home/lib/libnio.dylib
0x0000000104ac4000 	/Users/aliehsaeedi/Library/Java/JavaVirtualMachines/corretto-17.0.13/Contents/Home/lib/libnet.dylib
0x0000000104a2c000 	/Users/aliehsaeedi/Library/Java/JavaVirtualMachines/corretto-17.0.13/Contents/Home/lib/libextnet.dylib
0x0000000104a40000 	/Users/aliehsaeedi/Library/Java/JavaVirtualMachines/corretto-17.0.13/Contents/Home/lib/libverify.dylib
0x0000000104ae8000 	/Users/aliehsaeedi/Library/Java/JavaVirtualMachines/corretto-17.0.13/Contents/Home/lib/libmanagement.dylib
0x0000000105900000 	/Users/aliehsaeedi/Library/Java/JavaVirtualMachines/corretto-17.0.13/Contents/Home/lib/libmanagement_ext.dylib
0x000000013f108000 	/private/var/folders/d_/n8z51h9d50j_xycm188cfhcc0000gp/T/librocksdbjni12255639931970389464.jnilib


VM Arguments:
jvm_args: -ea -Didea.test.cyclic.buffer.size=1048576 -javaagent:/Applications/IntelliJ IDEA.app/Contents/lib/idea_rt.jar=53927:/Applications/IntelliJ IDEA.app/Contents/bin -Dfile.encoding=UTF-8 
java_command: com.intellij.rt.junit.JUnitStarter -ideVersion5 -junit5 org.apache.kafka.streams.state.internals.RocksDBTimestampedStoreWithHeadersTest,shouldMigrateFromTimestampedToHeadersAwareColumnFamily
java_class_path (initial): /Applications/IntelliJ IDEA.app/Contents/lib/idea_rt.jar:/Applications/IntelliJ IDEA.app/Contents/plugins/junit/lib/junit5-rt.jar:/Applications/IntelliJ IDEA.app/Contents/plugins/junit/lib/junit-rt.jar:/Users/aliehsaeedi/IdeaProjects/MyAK/streams/build/classes/java/test:/Users/aliehsaeedi/IdeaProjects/MyAK/streams/build/resources/test:/Users/aliehsaeedi/IdeaProjects/MyAK/clients/build/classes/java/test:/Users/aliehsaeedi/IdeaProjects/MyAK/clients/build/resources/test:/Users/aliehsaeedi/IdeaProjects/MyAK/streams/test-utils/build/classes/java/main:/Users/aliehsaeedi/IdeaProjects/MyAK/clients/build/classes/java/main:/Users/aliehsaeedi/IdeaProjects/MyAK/clients/build/resources/main:/Users/aliehsaeedi/IdeaProjects/MyAK/clients/build/libs/kafka-clients-4.3.0-SNAPSHOT.jar:/Users/aliehsaeedi/.gradle/caches/modules-2/files-2.1/org.rocksdb/rocksdbjni/10.1.3/46a1e0a0f175508717976971fc6a9e189f5dc0b1/rocksdbjni-10.1.3.jar:/Users/aliehsaeedi/.gradle/caches/modules-2/files-2.1/com.fasterxml.jackson.dataformat/jackson-dataformat-yaml/2.20.1/e6da043059c9ec631a3429ded461d5d92f240c3f/jackson-dataformat-yaml-2.20.1.jar:/Users/aliehsaeedi/.gradle/caches/modules-2/files-2.1/com.fasterxml.jackson.core/jackson-databind/2.20.1/9586a7fe0e1775de0e54237fa6a2c8455c93ac06/jackson-databind-2.20.1.jar:/Users/aliehsaeedi/.gradle/caches/modules-2/files-2.1/com.fasterxml.jackson.core/jackson-annotations/2.20/6a5e7291ea3f2b590a7ce400adb7b3aea4d7e12c/jackson-annotations-2.20.jar:/Users/aliehsaeedi/.gradle/caches/modules-2/files-2.1/biz.aQute.bnd/biz.aQute.bndlib/7.1.0/8cb7c6b6ff0e1daaac0da7a74e4f6e70a34334eb/biz.aQute.bndlib-7.1.0.jar:/Users/aliehsaeedi/.gradle/caches/modules-2/files-2.1/org.apache.logging.log4j/log4j-slf4j-impl/2.25.3/4a173925524d8f6c3f39ae8954ee348e8244afd7/log4j-slf4j-impl-2.25.3.jar:/Users/aliehsaeedi/.gradle/caches/modules-2/files-2.1/org.slf4j/slf4j-api/1.7.36/6c62681a2f655b49963a5983b8b0950a6120ae14/slf4j-api-1.7.36.jar:/Users/aliehsaeedi/.gradle/cac
Launcher Type: SUN_STANDARD

[Global flags]
     intx CICompilerCount                          = 4                                         {product} {ergonomic}
     uint ConcGCThreads                            = 3                                         {product} {ergonomic}
     uint G1ConcRefinementThreads                  = 10                                        {product} {ergonomic}
   size_t G1HeapRegionSize                         = 8388608                                   {product} {ergonomic}
    uintx GCDrainStackTargetSize                   = 64                                        {product} {ergonomic}
   size_t InitialHeapSize                          = 603979776                                 {product} {ergonomic}
   size_t MarkStackSize                            = 4194304                                   {product} {ergonomic}
   size_t MaxHeapSize                              = 9663676416                                {product} {ergonomic}
   size_t MaxNewSize                               = 5796528128                                {product} {ergonomic}
   size_t MinHeapDeltaBytes                        = 8388608                                   {product} {ergonomic}
   size_t MinHeapSize                              = 8388608                                   {product} {ergonomic}
    uintx NonNMethodCodeHeapSize                   = 5839564                                {pd product} {ergonomic}
    uintx NonProfiledCodeHeapSize                  = 122909338                              {pd product} {ergonomic}
    uintx ProfiledCodeHeapSize                     = 122909338                              {pd product} {ergonomic}
    uintx ReservedCodeCacheSize                    = 251658240                              {pd product} {ergonomic}
     bool SegmentedCodeCache                       = true                                      {product} {ergonomic}
   size_t SoftMaxHeapSize                          = 9663676416                             {manageable} {ergonomic}
     bool UseCompressedClassPointers               = true                           {product lp64_product} {ergonomic}
     bool UseCompressedOops                        = true                           {product lp64_product} {ergonomic}
     bool UseG1GC                                  = true                                      {product} {ergonomic}
     bool UseNUMA                                  = false                                     {product} {ergonomic}
     bool UseNUMAInterleaving                      = false                                     {product} {ergonomic}

Logging:
Log output configuration:
 #0: stdout all=warning uptime,level,tags
 #1: stderr all=off uptime,level,tags

Environment Variables:
PATH=/Users/aliehsaeedi/bin:/Users/aliehsaeedi/bin:/Users/aliehsaeedi/.pyenv/shims:/Users/aliehsaeedi/.pyenv/bin:/Users/aliehsaeedi/.pyenv/bin:/opt/homebrew/share/google-cloud-sdk/bin:/opt/homebrew/bin:/opt/homebrew/sbin:/usr/local/libexec/airlock-agent:/usr/local/bin:/System/Cryptexes/App/usr/bin:/usr/bin:/bin:/usr/sbin:/sbin:/var/run/com.apple.security.cryptexd/codex.system/bootstrap/usr/local/bin:/var/run/com.apple.security.cryptexd/codex.system/bootstrap/usr/bin:/var/run/com.apple.security.cryptexd/codex.system/bootstrap/usr/appleinternal/bin:/Users/aliehsaeedi/Library/Application Support/JetBrains/Toolbox/scripts:/Users/aliehsaeedi/.local/bin:/Users/aliehsaeedi/.cc-dotfiles/bin/access-ga:/Users/aliehsaeedi/.cc-dotfiles/bin/shoreline-ga:/Users/aliehsaeedi/.cc-dotfiles/bin/cloud-ga:/Users/aliehsaeedi/.cc-dotfiles/bin/connect-ga:/Users/aliehsaeedi/.cc-dotfiles/bin/k8saas-ga:/Users/aliehsaeedi/.cc-dotfiles/bin/devprod-ga:/Users/aliehsaeedi/.cc-dotfiles/bin/traffic-ga:/Users/aliehsaeedi/.cc-dotfiles/bin/ksql-ga:/Users/aliehsaeedi/.cc-dotfiles/bin/orchestrator-ga:/Users/aliehsaeedi/.cc-dotfiles/bin/kafka-ga:/Users/aliehsaeedi/git/go/src/github.com/confluentinc/halyard/bin:/Users/aliehsaeedi/.local/bin
SHELL=/bin/zsh
LC_CTYPE=en_US.UTF-8
TMPDIR=/var/folders/d_/n8z51h9d50j_xycm188cfhcc0000gp/T/

Active Locale:
LC_ALL=C/en_US.UTF-8/C/C/C/C
LC_COLLATE=C
LC_CTYPE=en_US.UTF-8
LC_MESSAGES=C
LC_MONETARY=C
LC_NUMERIC=C
LC_TIME=C

Signal Handlers:
   SIGSEGV: crash_handler in libjvm.dylib, mask=11100110000111110111111111111111, flags=SA_RESTART|SA_SIGINFO, unblocked
    SIGBUS: crash_handler in libjvm.dylib, mask=11100110000111110111111111111111, flags=SA_RESTART|SA_SIGINFO, unblocked
    SIGFPE: crash_handler in libjvm.dylib, mask=11100110000111110111111111111111, flags=SA_RESTART|SA_SIGINFO, unblocked
   SIGPIPE: javaSignalHandler in libjvm.dylib, mask=11100110000111110111111111111111, flags=SA_RESTART|SA_SIGINFO, blocked
   SIGXFSZ: javaSignalHandler in libjvm.dylib, mask=11100110000111110111111111111111, flags=SA_RESTART|SA_SIGINFO, blocked
    SIGILL: crash_handler in libjvm.dylib, mask=11100110000111110111111111111111, flags=SA_RESTART|SA_SIGINFO, unblocked
   SIGUSR2: SR_handler in libjvm.dylib, mask=00000000000000000000000000000000, flags=SA_RESTART|SA_SIGINFO, blocked
    SIGHUP: UserHandler in libjvm.dylib, mask=11100110000111110111111111111111, flags=SA_RESTART|SA_SIGINFO, blocked
    SIGINT: UserHandler in libjvm.dylib, mask=11100110000111110111111111111111, flags=SA_RESTART|SA_SIGINFO, blocked
   SIGTERM: UserHandler in libjvm.dylib, mask=11100110000111110111111111111111, flags=SA_RESTART|SA_SIGINFO, blocked
   SIGQUIT: UserHandler in libjvm.dylib, mask=11100110000111110111111111111111, flags=SA_RESTART|SA_SIGINFO, blocked
   SIGTRAP: crash_handler in libjvm.dylib, mask=11100110000111110111111111111111, flags=SA_RESTART|SA_SIGINFO, unblocked


Periodic native trim disabled


---------------  S Y S T E M  ---------------

OS:
uname: Darwin 24.6.0 Darwin Kernel Version 24.6.0: Wed Nov  5 21:33:32 PST 2025; root:xnu-11417.140.69.705.2~1/RELEASE_ARM64_T6030 arm64
OS uptime: 0 days 3:12 hours
rlimit (soft/hard): STACK 8176k/65520k , CORE 0k/infinity , NPROC 6000/9000 , NOFILE 2147483647/infinity , AS infinity/infinity , CPU infinity/infinity , DATA infinity/infinity , FSIZE infinity/infinity , MEMLOCK infinity/infinity , RSS infinity/infinity
load average: 3.38 3.32 2.89

CPU: total 12 (initial active 12) 0x61:0x0:0x5f4dea93:0, fp, simd, crc, lse
machdep.cpu.brand_string:Apple M3 Pro
hw.cachelinesize:128
hw.l1icachesize:131072
hw.l1dcachesize:65536
hw.l2cachesize:4194304

Memory: 16k page, physical 37748736k(446208k free), swap 0k(0k free)

vm_info: OpenJDK 64-Bit Server VM (17.0.13+11-LTS) for bsd-aarch64 JRE (17.0.13+11-LTS), built on Oct 10 2024 19:36:04 by "ec2user" with clang Apple LLVM 14.0.0 (clang-1400.0.29.202)

END.
