#
# A fatal error has been detected by the Java Runtime Environment:
#
#  SIGBUS (0xa) at pc=0x000000014a924d2c, pid=58166, tid=5379
#
# JRE version: OpenJDK Runtime Environment Corretto-17.0.13.11.1 (17.0.13+11) (build 17.0.13+11-LTS)
# Java VM: OpenJDK 64-Bit Server VM Corretto-17.0.13.11.1 (17.0.13+11-LTS, mixed mode, sharing, tiered, compressed oops, compressed class ptrs, g1 gc, bsd-aarch64)
# Problematic frame:
# C  [librocksdbjni2096419112503733867.jnilib+0x1cd2c]  Java_org_rocksdb_FlushOptions_disposeInternalJni+0x368
#
# No core dump will be written. Core dumps have been disabled. To enable core dumping, try "ulimit -c unlimited" before starting Java again
#
# If you would like to submit a bug report, please visit:
#   https://github.com/corretto/corretto-17/issues/
# The crash happened outside the Java Virtual Machine in native code.
# See problematic frame for where to report the bug.
#

---------------  S U M M A R Y ------------

Command Line: -agentlib:jdwp=transport=dt_socket,address=127.0.0.1:63327,suspend=y,server=n -ea -Didea.test.cyclic.buffer.size=1048576 -javaagent:/Users/aliehsaeedi/Library/Caches/JetBrains/IntelliJIdea2024.2/captureAgent/debugger-agent.jar=file:/private/var/folders/d_/n8z51h9d50j_xycm188cfhcc0000gp/T/capture.props -Dkotlinx.coroutines.debug.enable.creation.stack.trace=false -Ddebugger.agent.enable.coroutines=true -Dfile.encoding=UTF-8 com.intellij.rt.junit.JUnitStarter -ideVersion5 -junit5 org.apache.kafka.streams.state.internals.RocksDBTimestampedStoreWithHeadersTest,shouldMigrateFromTimestampedToHeadersAwareColumnFamily

Host: "Mac15,7" arm64, 12 cores, 36G, Darwin 24.6.0, macOS 15.7.3 (24G419)
Time: Thu Feb 12 22:03:58 2026 CET elapsed time: 1.530594 seconds (0d 0h 0m 1s)

---------------  T H R E A D  ---------------

Current thread (0x0000000120808a00):  JavaThread "main" [_thread_in_native, id=5379, stack(0x000000016cf90000,0x000000016d193000)]

Stack: [0x000000016cf90000,0x000000016d193000],  sp=0x000000016d18e3a0,  free space=2040k
Native frames: (J=compiled Java code, j=interpreted, Vv=VM code, C=native code)
C  [librocksdbjni2096419112503733867.jnilib+0x1cd2c]  Java_org_rocksdb_FlushOptions_disposeInternalJni+0x368
C  [librocksdbjni2096419112503733867.jnilib+0x385c04]  rocksdb::GetStringFromMutableDBOptions(rocksdb::ConfigOptions const&, rocksdb::MutableDBOptions const&, std::__1::basic_string<char, std::__1::char_traits<char>, std::__1::allocator<char>>*)+0x588
C  [librocksdbjni2096419112503733867.jnilib+0x383b24]  rocksdb::DBOptionsAsConfigurable(rocksdb::DBOptions const&, std::__1::unordered_map<std::__1::basic_string<char, std::__1::char_traits<char>, std::__1::allocator<char>>, std::__1::basic_string<char, std::__1::char_traits<char>, std::__1::allocator<char>>, std::__1::hash<std::__1::basic_string<char, std::__1::char_traits<char>, std::__1::allocator<char>>>, std::__1::equal_to<std::__1::basic_string<char, std::__1::char_traits<char>, std::__1::allocator<char>>>, std::__1::allocator<std::__1::pair<std::__1::basic_string<char, std::__1::char_traits<char>, std::__1::allocator<char>> const, std::__1::basic_string<char, std::__1::char_traits<char>, std::__1::allocator<char>>>>> const*)+0x34
C  [librocksdbjni2096419112503733867.jnilib+0x3a92c4]  rocksdb::ValidateOptions(rocksdb::DBOptions const&, rocksdb::ColumnFamilyOptions const&)+0x38
C  [librocksdbjni2096419112503733867.jnilib+0x19b9b0]  rocksdb::DBImpl::Open(rocksdb::DBOptions const&, std::__1::basic_string<char, std::__1::char_traits<char>, std::__1::allocator<char>> const&, std::__1::vector<rocksdb::ColumnFamilyDescriptor, std::__1::allocator<rocksdb::ColumnFamilyDescriptor>> const&, std::__1::vector<rocksdb::ColumnFamilyHandle*, std::__1::allocator<rocksdb::ColumnFamilyHandle*>>*, std::__1::unique_ptr<rocksdb::DB, std::__1::default_delete<rocksdb::DB>>*, bool, bool, bool, bool*)+0xa0
C  [librocksdbjni2096419112503733867.jnilib+0x19b878]  rocksdb::DB::Open(rocksdb::DBOptions const&, std::__1::basic_string<char, std::__1::char_traits<char>, std::__1::allocator<char>> const&, std::__1::vector<rocksdb::ColumnFamilyDescriptor, std::__1::allocator<rocksdb::ColumnFamilyDescriptor>> const&, std::__1::vector<rocksdb::ColumnFamilyHandle*, std::__1::allocator<rocksdb::ColumnFamilyHandle*>>*, std::__1::unique_ptr<rocksdb::DB, std::__1::default_delete<rocksdb::DB>>*)+0x90
C  [librocksdbjni2096419112503733867.jnilib+0x1fdac]  rocksdb::DB::Open(rocksdb::DBOptions const&, std::__1::basic_string<char, std::__1::char_traits<char>, std::__1::allocator<char>> const&, std::__1::vector<rocksdb::ColumnFamilyDescriptor, std::__1::allocator<rocksdb::ColumnFamilyDescriptor>> const&, std::__1::vector<rocksdb::ColumnFamilyHandle*, std::__1::allocator<rocksdb::ColumnFamilyHandle*>>*, rocksdb::DB**)+0x20
C  [librocksdbjni2096419112503733867.jnilib+0x1f610]  rocksdb_open_helper(JNIEnv_*, long, _jstring*, _jobjectArray*, _jlongArray*, std::__1::function<rocksdb::Status (rocksdb::DBOptions const&, std::__1::basic_string<char, std::__1::char_traits<char>, std::__1::allocator<char>> const&, std::__1::vector<rocksdb::ColumnFamilyDescriptor, std::__1::allocator<rocksdb::ColumnFamilyDescriptor>> const&, std::__1::vector<rocksdb::ColumnFamilyHandle*, std::__1::allocator<rocksdb::ColumnFamilyHandle*>>*, rocksdb::DB**)>)+0x254
C  [librocksdbjni2096419112503733867.jnilib+0x1fd00]  Java_org_rocksdb_RocksDB_open__JLjava_lang_String_2_3_3B_3J+0x5c
j  org.rocksdb.RocksDB.open(JLjava/lang/String;[[B[J)[J+0
j  org.rocksdb.RocksDB.open(Lorg/rocksdb/DBOptions;Ljava/lang/String;Ljava/util/List;Ljava/util/List;)Lorg/rocksdb/RocksDB;+122
j  org.apache.kafka.streams.state.internals.RocksDBTimestampedStoreWithHeadersTest.clearLegacyColumnFamily(Lorg/rocksdb/DBOptions;Ljava/util/List;Lorg/rocksdb/ColumnFamilyOptions;)V+59
j  org.apache.kafka.streams.state.internals.RocksDBTimestampedStoreWithHeadersTest.verifyOldAndNewColumnFamily()V+92
j  org.apache.kafka.streams.state.internals.RocksDBTimestampedStoreWithHeadersTest.shouldMigrateFromTimestampedToHeadersAwareColumnFamily()V+533
v  ~StubRoutines::call_stub
V  [libjvm.dylib+0x48f108]  JavaCalls::call_helper(JavaValue*, methodHandle const&, JavaCallArguments*, JavaThread*)+0x38c
V  [libjvm.dylib+0x870260]  invoke(InstanceKlass*, methodHandle const&, Handle, bool, objArrayHandle, BasicType, objArrayHandle, bool, JavaThread*)+0x91c
V  [libjvm.dylib+0x86f8e4]  Reflection::invoke_method(oopDesc*, Handle, objArrayHandle, JavaThread*)+0x160
V  [libjvm.dylib+0x54d480]  JVM_InvokeMethod+0x31c
J 2030  jdk.internal.reflect.NativeMethodAccessorImpl.invoke0(Ljava/lang/reflect/Method;Ljava/lang/Object;[Ljava/lang/Object;)Ljava/lang/Object; java.base@17.0.13 (0 bytes) @ 0x00000001303b9868 [0x00000001303b97c0+0x00000000000000a8]
C  0x00000005c5df2320

Java frames: (J=compiled Java code, j=interpreted, Vv=VM code)
j  org.rocksdb.RocksDB.open(JLjava/lang/String;[[B[J)[J+0
j  org.rocksdb.RocksDB.open(Lorg/rocksdb/DBOptions;Ljava/lang/String;Ljava/util/List;Ljava/util/List;)Lorg/rocksdb/RocksDB;+122
j  org.apache.kafka.streams.state.internals.RocksDBTimestampedStoreWithHeadersTest.clearLegacyColumnFamily(Lorg/rocksdb/DBOptions;Ljava/util/List;Lorg/rocksdb/ColumnFamilyOptions;)V+59
j  org.apache.kafka.streams.state.internals.RocksDBTimestampedStoreWithHeadersTest.verifyOldAndNewColumnFamily()V+92
j  org.apache.kafka.streams.state.internals.RocksDBTimestampedStoreWithHeadersTest.shouldMigrateFromTimestampedToHeadersAwareColumnFamily()V+533
v  ~StubRoutines::call_stub
J 2030  jdk.internal.reflect.NativeMethodAccessorImpl.invoke0(Ljava/lang/reflect/Method;Ljava/lang/Object;[Ljava/lang/Object;)Ljava/lang/Object; java.base@17.0.13 (0 bytes) @ 0x00000001303b9868 [0x00000001303b97c0+0x00000000000000a8]
j  jdk.internal.reflect.NativeMethodAccessorImpl.invoke(Ljava/lang/Object;[Ljava/lang/Object;)Ljava/lang/Object;+133 java.base@17.0.13
J 2091 c1 jdk.internal.reflect.DelegatingMethodAccessorImpl.invoke(Ljava/lang/Object;[Ljava/lang/Object;)Ljava/lang/Object; java.base@17.0.13 (10 bytes) @ 0x0000000128c32914 [0x0000000128c327c0+0x0000000000000154]
J 2418 c1 java.lang.reflect.Method.invoke(Ljava/lang/Object;[Ljava/lang/Object;)Ljava/lang/Object; java.base@17.0.13 (65 bytes) @ 0x0000000128cbfc44 [0x0000000128cbfb00+0x0000000000000144]
j  org.junit.platform.commons.util.ReflectionUtils.invokeMethod(Ljava/lang/reflect/Method;Ljava/lang/Object;[Ljava/lang/Object;)Ljava/lang/Object;+42
j  org.junit.platform.commons.support.ReflectionSupport.invokeMethod(Ljava/lang/reflect/Method;Ljava/lang/Object;[Ljava/lang/Object;)Ljava/lang/Object;+3
j  org.junit.jupiter.engine.execution.MethodInvocation.proceed()Ljava/lang/Object;+16
j  org.junit.jupiter.engine.execution.InvocationInterceptorChain$ValidatingInvocation.proceed()Ljava/lang/Object;+8
j  org.junit.jupiter.engine.extension.TimeoutExtension.intercept(Lorg/junit/jupiter/api/extension/InvocationInterceptor$Invocation;Lorg/junit/jupiter/api/extension/ReflectiveInvocationContext;Lorg/junit/jupiter/api/extension/ExtensionContext;Lorg/junit/jupiter/engine/extension/TimeoutDuration;Lorg/junit/jupiter/engine/extension/TimeoutExtension$TimeoutProvider;)Ljava/lang/Object;+28
j  org.junit.jupiter.engine.extension.TimeoutExtension.interceptTestableMethod(Lorg/junit/jupiter/api/extension/InvocationInterceptor$Invocation;Lorg/junit/jupiter/api/extension/ReflectiveInvocationContext;Lorg/junit/jupiter/api/extension/ExtensionContext;Lorg/junit/jupiter/engine/extension/TimeoutExtension$TimeoutProvider;)Ljava/lang/Object;+31
j  org.junit.jupiter.engine.extension.TimeoutExtension.interceptTestMethod(Lorg/junit/jupiter/api/extension/InvocationInterceptor$Invocation;Lorg/junit/jupiter/api/extension/ReflectiveInvocationContext;Lorg/junit/jupiter/api/extension/ExtensionContext;)V+9
j  org.junit.jupiter.engine.descriptor.TestMethodTestDescriptor$$Lambda$369+0x00000078011aca70.apply(Lorg/junit/jupiter/api/extension/InvocationInterceptor;Lorg/junit/jupiter/api/extension/InvocationInterceptor$Invocation;Lorg/junit/jupiter/api/extension/ReflectiveInvocationContext;Lorg/junit/jupiter/api/extension/ExtensionContext;)V+5
j  org.junit.jupiter.engine.execution.InterceptingExecutableInvoker$ReflectiveInterceptorCall.lambda$ofVoidMethod$0(Lorg/junit/jupiter/engine/execution/InterceptingExecutableInvoker$ReflectiveInterceptorCall$VoidMethodInterceptorCall;Lorg/junit/jupiter/api/extension/InvocationInterceptor;Lorg/junit/jupiter/api/extension/InvocationInterceptor$Invocation;Lorg/junit/jupiter/api/extension/ReflectiveInvocationContext;Lorg/junit/jupiter/api/extension/ExtensionContext;)Ljava/lang/Void;+6
j  org.junit.jupiter.engine.execution.InterceptingExecutableInvoker$ReflectiveInterceptorCall$$Lambda$370+0x00000078011ace90.apply(Lorg/junit/jupiter/api/extension/InvocationInterceptor;Lorg/junit/jupiter/api/extension/InvocationInterceptor$Invocation;Lorg/junit/jupiter/api/extension/ReflectiveInvocationContext;Lorg/junit/jupiter/api/extension/ExtensionContext;)Ljava/lang/Object;+9
j  org.junit.jupiter.engine.execution.InterceptingExecutableInvoker.lambda$invoke$0(Lorg/junit/jupiter/engine/execution/InterceptingExecutableInvoker$ReflectiveInterceptorCall;Lorg/junit/jupiter/api/extension/ReflectiveInvocationContext;Lorg/junit/jupiter/api/extension/ExtensionContext;Lorg/junit/jupiter/api/extension/InvocationInterceptor;Lorg/junit/jupiter/api/extension/InvocationInterceptor$Invocation;)Ljava/lang/Object;+6
j  org.junit.jupiter.engine.execution.InterceptingExecutableInvoker$$Lambda$627+0x00000078013477f0.apply(Lorg/junit/jupiter/api/extension/InvocationInterceptor;Lorg/junit/jupiter/api/extension/InvocationInterceptor$Invocation;)Ljava/lang/Object;+14
j  org.junit.jupiter.engine.execution.InvocationInterceptorChain$InterceptedInvocation.proceed()Ljava/lang/Object;+12
j  org.junit.jupiter.engine.execution.InvocationInterceptorChain.proceed(Lorg/junit/jupiter/api/extension/InvocationInterceptor$Invocation;)Ljava/lang/Object;+1
j  org.junit.jupiter.engine.execution.InvocationInterceptorChain.chainAndInvoke(Lorg/junit/jupiter/api/extension/InvocationInterceptor$Invocation;Lorg/junit/jupiter/engine/execution/InvocationInterceptorChain$InterceptorCall;Ljava/util/List;)Ljava/lang/Object;+24
j  org.junit.jupiter.engine.execution.InvocationInterceptorChain.invoke(Lorg/junit/jupiter/api/extension/InvocationInterceptor$Invocation;Lorg/junit/jupiter/engine/extension/ExtensionRegistry;Lorg/junit/jupiter/engine/execution/InvocationInterceptorChain$InterceptorCall;)Ljava/lang/Object;+31
j  org.junit.jupiter.engine.execution.InterceptingExecutableInvoker.invoke(Lorg/junit/jupiter/api/extension/InvocationInterceptor$Invocation;Lorg/junit/jupiter/api/extension/ReflectiveInvocationContext;Lorg/junit/jupiter/api/extension/ExtensionContext;Lorg/junit/jupiter/engine/extension/ExtensionRegistry;Lorg/junit/jupiter/engine/execution/InterceptingExecutableInvoker$ReflectiveInterceptorCall;)Ljava/lang/Object;+15
j  org.junit.jupiter.engine.execution.InterceptingExecutableInvoker.invoke(Ljava/lang/reflect/Method;Ljava/lang/Object;Lorg/junit/jupiter/api/extension/ExtensionContext;Lorg/junit/jupiter/engine/extension/ExtensionRegistry;Lorg/junit/jupiter/engine/execution/InterceptingExecutableInvoker$ReflectiveInterceptorCall;)Ljava/lang/Object;+55
j  org.junit.jupiter.engine.descriptor.TestMethodTestDescriptor.lambda$invokeTestMethod$4(Lorg/junit/jupiter/api/extension/ExtensionContext;Lorg/junit/jupiter/engine/execution/JupiterEngineExecutionContext;)V+28
j  org.junit.jupiter.engine.descriptor.TestMethodTestDescriptor$$Lambda$696+0x000000780138ba78.execute()V+12
j  org.junit.platform.engine.support.hierarchical.ThrowableCollector.execute(Lorg/junit/platform/engine/support/hierarchical/ThrowableCollector$Executable;)V+1
j  org.junit.jupiter.engine.descriptor.TestMethodTestDescriptor.invokeTestMethod(Lorg/junit/jupiter/engine/execution/JupiterEngineExecutionContext;Lorg/junit/platform/engine/support/hierarchical/Node$DynamicTestExecutor;)V+21
j  org.junit.jupiter.engine.descriptor.TestMethodTestDescriptor.execute(Lorg/junit/jupiter/engine/execution/JupiterEngineExecutionContext;Lorg/junit/platform/engine/support/hierarchical/Node$DynamicTestExecutor;)Lorg/junit/jupiter/engine/execution/JupiterEngineExecutionContext;+44
j  org.junit.jupiter.engine.descriptor.TestMethodTestDescriptor.execute(Lorg/junit/platform/engine/support/hierarchical/EngineExecutionContext;Lorg/junit/platform/engine/support/hierarchical/Node$DynamicTestExecutor;)Lorg/junit/platform/engine/support/hierarchical/EngineExecutionContext;+6
j  org.junit.platform.engine.support.hierarchical.NodeTestTask.lambda$executeRecursively$6()V+79
j  org.junit.platform.engine.support.hierarchical.NodeTestTask$$Lambda$523+0x00000078011cfba0.execute()V+4
j  org.junit.platform.engine.support.hierarchical.ThrowableCollector.execute(Lorg/junit/platform/engine/support/hierarchical/ThrowableCollector$Executable;)V+1
j  org.junit.platform.engine.support.hierarchical.NodeTestTask.lambda$executeRecursively$8(Lorg/junit/platform/engine/support/hierarchical/EngineExecutionContext;)V+15
j  org.junit.platform.engine.support.hierarchical.NodeTestTask$$Lambda$522+0x00000078011cf978.invoke(Lorg/junit/platform/engine/support/hierarchical/EngineExecutionContext;)V+5
j  org.junit.platform.engine.support.hierarchical.Node.around(Lorg/junit/platform/engine/support/hierarchical/EngineExecutionContext;Lorg/junit/platform/engine/support/hierarchical/Node$Invocation;)V+2
j  org.junit.platform.engine.support.hierarchical.NodeTestTask.lambda$executeRecursively$9()V+14
j  org.junit.platform.engine.support.hierarchical.NodeTestTask$$Lambda$521+0x00000078011cf550.execute()V+4
j  org.junit.platform.engine.support.hierarchical.ThrowableCollector.execute(Lorg/junit/platform/engine/support/hierarchical/ThrowableCollector$Executable;)V+1
j  org.junit.platform.engine.support.hierarchical.NodeTestTask.executeRecursively()V+31
j  org.junit.platform.engine.support.hierarchical.NodeTestTask.execute()V+55
j  org.junit.platform.engine.support.hierarchical.SameThreadHierarchicalTestExecutorService$$Lambda$527+0x00000078011d06d0.accept(Ljava/lang/Object;)V+4
j  java.util.ArrayList.forEach(Ljava/util/function/Consumer;)V+46 java.base@17.0.13
j  org.junit.platform.engine.support.hierarchical.SameThreadHierarchicalTestExecutorService.invokeAll(Ljava/util/List;)V+6
j  org.junit.platform.engine.support.hierarchical.NodeTestTask.lambda$executeRecursively$6()V+116
j  org.junit.platform.engine.support.hierarchical.NodeTestTask$$Lambda$523+0x00000078011cfba0.execute()V+4
j  org.junit.platform.engine.support.hierarchical.ThrowableCollector.execute(Lorg/junit/platform/engine/support/hierarchical/ThrowableCollector$Executable;)V+1
j  org.junit.platform.engine.support.hierarchical.NodeTestTask.lambda$executeRecursively$8(Lorg/junit/platform/engine/support/hierarchical/EngineExecutionContext;)V+15
j  org.junit.platform.engine.support.hierarchical.NodeTestTask$$Lambda$522+0x00000078011cf978.invoke(Lorg/junit/platform/engine/support/hierarchical/EngineExecutionContext;)V+5
j  org.junit.platform.engine.support.hierarchical.Node.around(Lorg/junit/platform/engine/support/hierarchical/EngineExecutionContext;Lorg/junit/platform/engine/support/hierarchical/Node$Invocation;)V+2
j  org.junit.platform.engine.support.hierarchical.NodeTestTask.lambda$executeRecursively$9()V+14
j  org.junit.platform.engine.support.hierarchical.NodeTestTask$$Lambda$521+0x00000078011cf550.execute()V+4
j  org.junit.platform.engine.support.hierarchical.ThrowableCollector.execute(Lorg/junit/platform/engine/support/hierarchical/ThrowableCollector$Executable;)V+1
j  org.junit.platform.engine.support.hierarchical.NodeTestTask.executeRecursively()V+31
j  org.junit.platform.engine.support.hierarchical.NodeTestTask.execute()V+55
j  org.junit.platform.engine.support.hierarchical.SameThreadHierarchicalTestExecutorService$$Lambda$527+0x00000078011d06d0.accept(Ljava/lang/Object;)V+4
j  java.util.ArrayList.forEach(Ljava/util/function/Consumer;)V+46 java.base@17.0.13
j  org.junit.platform.engine.support.hierarchical.SameThreadHierarchicalTestExecutorService.invokeAll(Ljava/util/List;)V+6
j  org.junit.platform.engine.support.hierarchical.NodeTestTask.lambda$executeRecursively$6()V+116
j  org.junit.platform.engine.support.hierarchical.NodeTestTask$$Lambda$523+0x00000078011cfba0.execute()V+4
j  org.junit.platform.engine.support.hierarchical.ThrowableCollector.execute(Lorg/junit/platform/engine/support/hierarchical/ThrowableCollector$Executable;)V+1
j  org.junit.platform.engine.support.hierarchical.NodeTestTask.lambda$executeRecursively$8(Lorg/junit/platform/engine/support/hierarchical/EngineExecutionContext;)V+15
j  org.junit.platform.engine.support.hierarchical.NodeTestTask$$Lambda$522+0x00000078011cf978.invoke(Lorg/junit/platform/engine/support/hierarchical/EngineExecutionContext;)V+5
j  org.junit.platform.engine.support.hierarchical.Node.around(Lorg/junit/platform/engine/support/hierarchical/EngineExecutionContext;Lorg/junit/platform/engine/support/hierarchical/Node$Invocation;)V+2
j  org.junit.platform.engine.support.hierarchical.NodeTestTask.lambda$executeRecursively$9()V+14
j  org.junit.platform.engine.support.hierarchical.NodeTestTask$$Lambda$521+0x00000078011cf550.execute()V+4
j  org.junit.platform.engine.support.hierarchical.ThrowableCollector.execute(Lorg/junit/platform/engine/support/hierarchical/ThrowableCollector$Executable;)V+1
j  org.junit.platform.engine.support.hierarchical.NodeTestTask.executeRecursively()V+31
j  org.junit.platform.engine.support.hierarchical.NodeTestTask.execute()V+55
j  org.junit.platform.engine.support.hierarchical.SameThreadHierarchicalTestExecutorService.submit(Lorg/junit/platform/engine/support/hierarchical/HierarchicalTestExecutorService$TestTask;)Ljava/util/concurrent/Future;+1
j  org.junit.platform.engine.support.hierarchical.HierarchicalTestExecutor.execute()Ljava/util/concurrent/Future;+74
j  org.junit.platform.engine.support.hierarchical.HierarchicalTestEngine.execute(Lorg/junit/platform/engine/ExecutionRequest;)V+31
j  org.junit.platform.launcher.core.EngineExecutionOrchestrator.executeEngine(Lorg/junit/platform/engine/TestDescriptor;Lorg/junit/platform/engine/EngineExecutionListener;Lorg/junit/platform/engine/ConfigurationParameters;Lorg/junit/platform/engine/TestEngine;Lorg/junit/platform/engine/reporting/OutputDirectoryProvider;Lorg/junit/platform/launcher/core/DiscoveryIssueNotifier;Lorg/junit/platform/engine/support/store/NamespacedHierarchicalStore;)V+24
j  org.junit.platform.launcher.core.EngineExecutionOrchestrator.failOrExecuteEngine(Lorg/junit/platform/launcher/core/LauncherDiscoveryResult;Lorg/junit/platform/engine/EngineExecutionListener;Lorg/junit/platform/engine/TestEngine;Lorg/junit/platform/engine/support/store/NamespacedHierarchicalStore;)V+124
j  org.junit.platform.launcher.core.EngineExecutionOrchestrator.execute(Lorg/junit/platform/launcher/core/LauncherDiscoveryResult;Lorg/junit/platform/engine/EngineExecutionListener;Lorg/junit/platform/engine/support/store/NamespacedHierarchicalStore;)V+68
j  org.junit.platform.launcher.core.EngineExecutionOrchestrator.execute(Lorg/junit/platform/launcher/core/InternalTestPlan;Lorg/junit/platform/engine/EngineExecutionListener;Lorg/junit/platform/launcher/TestExecutionListener;Lorg/junit/platform/engine/support/store/NamespacedHierarchicalStore;)V+57
j  org.junit.platform.launcher.core.EngineExecutionOrchestrator.lambda$execute$0(Lorg/junit/platform/launcher/core/InternalTestPlan;Lorg/junit/platform/engine/support/store/NamespacedHierarchicalStore;Lorg/junit/platform/launcher/TestExecutionListener;)V+7
j  org.junit.platform.launcher.core.EngineExecutionOrchestrator$$Lambda$437+0x00000078011b7430.accept(Ljava/lang/Object;)V+16
j  org.junit.platform.launcher.core.EngineExecutionOrchestrator.withInterceptedStreams(Lorg/junit/platform/engine/ConfigurationParameters;Lorg/junit/platform/launcher/core/ListenerRegistry;Ljava/util/function/Consumer;)V+51
j  org.junit.platform.launcher.core.EngineExecutionOrchestrator.execute(Lorg/junit/platform/launcher/core/InternalTestPlan;Lorg/junit/platform/engine/support/store/NamespacedHierarchicalStore;[Lorg/junit/platform/launcher/TestExecutionListener;)V+26
j  org.junit.platform.launcher.core.DefaultLauncher.execute(Lorg/junit/platform/launcher/core/InternalTestPlan;[Lorg/junit/platform/launcher/TestExecutionListener;)V+12
j  org.junit.platform.launcher.core.DefaultLauncher.execute(Lorg/junit/platform/launcher/LauncherDiscoveryRequest;[Lorg/junit/platform/launcher/TestExecutionListener;)V+34
j  org.junit.platform.launcher.core.DelegatingLauncher.execute(Lorg/junit/platform/launcher/LauncherDiscoveryRequest;[Lorg/junit/platform/launcher/TestExecutionListener;)V+6
j  org.junit.platform.launcher.core.InterceptingLauncher.lambda$execute$1(Lorg/junit/platform/launcher/LauncherDiscoveryRequest;[Lorg/junit/platform/launcher/TestExecutionListener;)Ljava/lang/Object;+3
j  org.junit.platform.launcher.core.InterceptingLauncher$$Lambda$199+0x000000780116fa28.proceed()Ljava/lang/Object;+12
j  org.junit.platform.launcher.core.ClasspathAlignmentCheckingLauncherInterceptor.intercept(Lorg/junit/platform/launcher/LauncherInterceptor$Invocation;)Ljava/lang/Object;+1
j  org.junit.platform.launcher.core.InterceptingLauncher.execute(Lorg/junit/platform/launcher/LauncherDiscoveryRequest;[Lorg/junit/platform/launcher/TestExecutionListener;)V+12
j  org.junit.platform.launcher.core.DelegatingLauncher.execute(Lorg/junit/platform/launcher/LauncherDiscoveryRequest;[Lorg/junit/platform/launcher/TestExecutionListener;)V+6
j  org.junit.platform.launcher.core.SessionPerRequestLauncher.execute(Lorg/junit/platform/launcher/LauncherDiscoveryRequest;[Lorg/junit/platform/launcher/TestExecutionListener;)V+13
j  com.intellij.junit5.JUnit5IdeaTestRunner.startRunnerWithArgs([Ljava/lang/String;Ljava/lang/String;IZ)I+203
j  com.intellij.rt.junit.IdeaTestRunner$Repeater$1.execute(Z)I+17
j  com.intellij.rt.execution.junit.TestsRepeater.repeat(IZLcom/intellij/rt/execution/junit/TestsRepeater$TestRun;)I+7
j  com.intellij.rt.junit.IdeaTestRunner$Repeater.startRunnerWithArgs(Lcom/intellij/rt/junit/IdeaTestRunner;[Ljava/lang/String;Ljava/util/ArrayList;Ljava/lang/String;IZ)I+25
j  com.intellij.rt.junit.JUnitStarter.prepareStreamsAndStart([Ljava/lang/String;Ljava/lang/String;Ljava/util/ArrayList;Ljava/lang/String;)I+117
j  com.intellij.rt.junit.JUnitStarter.main([Ljava/lang/String;)V+97
v  ~StubRoutines::call_stub

siginfo: si_signo: 10 (SIGBUS), si_code: 1 (BUS_ADRALN), si_addr: 0x0000001800000960

Registers:
 x0=0x0000000103dd04f8  x1=0x0000000117738110  x2=0x0000000000000000  x3=0x00006000029682a0
 x4=0x0000000117738280  x5=0x0000000000000011  x6=0x0000000000000000  x7=0x000000016d18d8d0
 x8=0x0000001800000960  x9=0x0000000000000001 x10=0x00000000000001ff x11=0x0000000000000280
x12=0x00000000000007fb x13=0x00000000000007fd x14=0x0000000088af4015 x15=0x00000000888f3833
x16=0x0000000088a00000 x17=0x0000000000000015 x18=0x0000000000000000 x19=0x0000000103dd04f8
x20=0x0000000103dd02b0 x21=0x0000000103dd04f8 x22=0x0000000117738110 x23=0x000000016d18e650
x24=0x0000000117738110 x25=0x0000000000000000 x26=0x0000000000000001 x27=0x000000016d18f1e8
x28=0x0000000103dcfe08  fp=0x000000016d18e3f0  lr=0x000000014ac8dc04  sp=0x000000016d18e3a0
pc=0x000000014a924d2c cpsr=0x0000000060001000

Register to memory mapping:

 x0=0x0000000103dd04f8 points into unknown readable memory: 0x0000017000000016 | 16 00 00 00 70 01 00 00
 x1=0x0000000117738110 points into unknown readable memory: 0x0000017000000016 | 16 00 00 00 70 01 00 00
 x2=0x0 is NULL
 x3=0x00006000029682a0 points into unknown readable memory: 0x00001cc086bb82a0 | a0 82 bb 86 c0 1c 00 00
 x4=0x0000000117738280 points into unknown readable memory: 0x0000000000000000 | 00 00 00 00 00 00 00 00
 x5=0x0000000000000011 is an unknown value
 x6=0x0 is NULL
 x7=0x000000016d18d8d0 is pointing into the stack for thread: 0x0000000120808a00
 x8=0x0000001800000960 is an unknown value
 x9=0x0000000000000001 is an unknown value
x10=0x00000000000001ff is an unknown value
x11=0x0000000000000280 is an unknown value
x12=0x00000000000007fb is an unknown value
x13=0x00000000000007fd is an unknown value
x14=0x0000000088af4015 is an unknown value
x15=0x00000000888f3833 is an unknown value
x16=0x0000000088a00000 is an unknown value
x17=0x0000000000000015 is an unknown value
x18=0x0 is NULL
x19=0x0000000103dd04f8 points into unknown readable memory: 0x0000017000000016 | 16 00 00 00 70 01 00 00
x20=0x0000000103dd02b0 points into unknown readable memory: 0x0000010101000000 | 00 00 00 01 01 01 00 00
x21=0x0000000103dd04f8 points into unknown readable memory: 0x0000017000000016 | 16 00 00 00 70 01 00 00
x22=0x0000000117738110 points into unknown readable memory: 0x0000017000000016 | 16 00 00 00 70 01 00 00
x23=0x000000016d18e650 is pointing into the stack for thread: 0x0000000120808a00
x24=0x0000000117738110 points into unknown readable memory: 0x0000017000000016 | 16 00 00 00 70 01 00 00
x25=0x0 is NULL
x26=0x0000000000000001 is an unknown value
x27=0x000000016d18f1e8 is pointing into the stack for thread: 0x0000000120808a00
x28=0x0000000103dcfe08 points into unknown readable memory: 0x615f7761722220a8 | a8 20 22 72 61 77 5f 61


Top of Stack: (sp=0x000000016d18e3a0)
0x000000016d18e3a0:   0000000103dcfe08 000000016d18f1e8
0x000000016d18e3b0:   0000000000000001 0000000000000000
0x000000016d18e3c0:   0000000117738110 000000016d18e650
0x000000016d18e3d0:   0000000117738110 0000000103dd04f8
0x000000016d18e3e0:   0000000103dd02b0 0000000103dd0200
0x000000016d18e3f0:   000000016d18e930 000000014ac8dc04
0x000000016d18e400:   00006000028f4060 0000600003df4100
0x000000016d18e410:   0010000000001000 000000000e796829
0x000000016d18e420:   0000000002dd42f5 0000000002dd42f5
0x000000016d18e430:   0000000072c2d652 0000000072927648
0x000000016d18e440:   0000001a01000010 0000001a00000000
0x000000016d18e450:   0000000104909080 0000000073667061
0x000000016d18e460:   0000000000000000 2f6d65747379532f
0x000000016d18e470:   2f73656d756c6f56 0000000061746144
0x000000016d18e480:   0000000000000000 0000000000000000
0x000000016d18e490:   0000000000000000 0000000000000000
0x000000016d18e4a0:   0000000000000000 0000000000000000
0x000000016d18e4b0:   0000000000000000 0000000000000000
0x000000016d18e4c0:   0000000000000000 0000000000000000
0x000000016d18e4d0:   0000000000000000 0000000000000000
0x000000016d18e4e0:   0000000000000000 0000000000000000
0x000000016d18e4f0:   0000000000000000 0000000000000000
0x000000016d18e500:   0000000000000000 0000000000000000
0x000000016d18e510:   0000000000000006 000000000000000f
0x000000016d18e520:   000000014b0196ec ffffffffffffffff
0x000000016d18e530:   0000000000000010 000000016d18e6a0
0x000000016d18e540:   0000000000000004 00000000fffffffd
0x000000016d18e550:   000000019d903bd8 000000000000000a
0x000000016d18e560:   000000016d18e960 000000019d88c5fc
0x000000016d18e570:   0000000000000000 0000000000000000
0x000000016d18e580:   0000000000000000 0000000000000000
0x000000016d18e590:   0000000100000000 000000016d18e866 

Instructions: (pc=0x000000014a924d2c)
0x000000014a924c2c:   e0 03 14 aa 00 01 3f d6 e0 03 14 aa cc 4e 1a 94
0x000000014a924c3c:   09 00 00 14 88 02 40 f9 08 09 40 f9 e0 03 14 aa
0x000000014a924c4c:   00 01 3f d6 e0 03 14 aa c5 4e 1a 94 74 22 40 f9
0x000000014a924c5c:   d4 fd ff b5 74 1a 40 f9 b4 00 00 b4 88 22 00 91
0x000000014a924c6c:   09 00 80 92 08 01 e9 f8 c8 01 00 b4 74 12 40 f9
0x000000014a924c7c:   94 02 00 b4 88 22 00 91 09 00 80 92 08 01 e9 f8
0x000000014a924c8c:   08 02 00 b5 88 02 40 f9 08 09 40 f9 e0 03 14 aa
0x000000014a924c9c:   00 01 3f d6 e0 03 14 aa b1 4e 1a 94 09 00 00 14
0x000000014a924cac:   88 02 40 f9 08 09 40 f9 e0 03 14 aa 00 01 3f d6
0x000000014a924cbc:   e0 03 14 aa aa 4e 1a 94 74 12 40 f9 d4 fd ff b5
0x000000014a924ccc:   e0 03 13 aa fd 7b 43 a9 f4 4f 42 a9 f6 57 41 a9
0x000000014a924cdc:   f8 5f c4 a8 c0 03 5f d6 fc 6f ba a9 fa 67 01 a9
0x000000014a924cec:   f8 5f 02 a9 f6 57 03 a9 f4 4f 04 a9 fd 7b 05 a9
0x000000014a924cfc:   fd 43 01 91 f6 03 01 aa f3 03 00 aa 20 00 c0 3d
0x000000014a924d0c:   28 08 40 f9 08 08 00 f9 00 00 80 3d 29 a0 41 a9
0x000000014a924d1c:   09 a0 01 a9 88 00 00 b4 08 21 00 91 29 00 80 52
0x000000014a924d2c:   08 01 29 f8 c9 a2 42 a9 69 a2 02 a9 88 00 00 b4
0x000000014a924d3c:   08 21 00 91 29 00 80 52 08 01 29 f8 c9 a2 43 a9
0x000000014a924d4c:   69 a2 03 a9 88 00 00 b4 08 21 00 91 29 00 80 52
0x000000014a924d5c:   08 01 29 f8 c0 82 c4 3c c8 2e 40 f9 68 2e 00 f9
0x000000014a924d6c:   60 82 84 3c c9 22 46 a9 69 22 06 a9 88 00 00 b4
0x000000014a924d7c:   08 21 00 91 29 00 80 52 08 01 29 f8 c8 c2 41 39
0x000000014a924d8c:   68 c2 01 39 74 e2 01 91 c1 e2 01 91 e0 03 14 aa
0x000000014a924d9c:   ce 9f ff 97 75 42 02 91 c1 42 02 91 e0 03 15 aa
0x000000014a924dac:   f1 4d 1a 94 77 a2 02 91 c1 a2 02 91 e0 03 17 aa
0x000000014a924dbc:   ed 4d 1a 94 c0 32 c0 3d 60 32 80 3d c0 86 46 ad
0x000000014a924dcc:   c2 8e 47 ad 62 8e 07 ad 60 86 06 ad c0 86 48 ad
0x000000014a924ddc:   c2 8e 49 ad 62 8e 09 ad 60 86 08 ad c9 22 55 a9
0x000000014a924dec:   69 22 15 a9 88 00 00 b4 08 21 00 91 29 00 80 52
0x000000014a924dfc:   08 01 29 f8 68 82 05 91 c9 82 05 91 c0 06 4b ad
0x000000014a924e0c:   22 91 c1 3c 02 91 81 3c 60 06 0b ad 78 42 06 91
0x000000014a924e1c:   c1 42 06 91 e0 03 18 aa 08 01 00 94 68 a2 06 91 


Stack slot to memory mapping:
stack at sp + 0 slots: 0x0000000103dcfe08 points into unknown readable memory: 0x615f7761722220a8 | a8 20 22 72 61 77 5f 61
stack at sp + 1 slots: 0x000000016d18f1e8 is pointing into the stack for thread: 0x0000000120808a00
stack at sp + 2 slots: 0x0000000000000001 is an unknown value
stack at sp + 3 slots: 0x0 is NULL
stack at sp + 4 slots: 0x0000000117738110 points into unknown readable memory: 0x0000017000000016 | 16 00 00 00 70 01 00 00
stack at sp + 5 slots: 0x000000016d18e650 is pointing into the stack for thread: 0x0000000120808a00
stack at sp + 6 slots: 0x0000000117738110 points into unknown readable memory: 0x0000017000000016 | 16 00 00 00 70 01 00 00
stack at sp + 7 slots: 0x0000000103dd04f8 points into unknown readable memory: 0x0000017000000016 | 16 00 00 00 70 01 00 00


Compiled method (n/a)    1544 2030     n 0       jdk.internal.reflect.NativeMethodAccessorImpl::invoke0 (native)
 total in heap  [0x00000001303b9610,0x00000001303b9a08] = 1016
 relocation     [0x00000001303b9768,0x00000001303b9798] = 48
 main code      [0x00000001303b97c0,0x00000001303b99f8] = 568
 oops           [0x00000001303b99f8,0x00000001303b9a00] = 8
 metadata       [0x00000001303b9a00,0x00000001303b9a08] = 8

[Constant Pool (empty)]

[MachCode]
[Entry Point]
  # {method} {0x00000078001c1da8} 'invoke0' '(Ljava/lang/reflect/Method;Ljava/lang/Object;[Ljava/lang/Object;)Ljava/lang/Object;' in 'jdk/internal/reflect/NativeMethodAccessorImpl'
  # parm0:    c_rarg1:c_rarg1 
                        = 'java/lang/reflect/Method'
  # parm1:    c_rarg2:c_rarg2 
                        = 'java/lang/Object'
  # parm2:    c_rarg3:c_rarg3 
                        = '[Ljava/lang/Object;'
  #           [sp+0x60]  (sp of caller)
  0x00000001303b97c0: 2808 40b9 | 3f01 086b | 4000 0054 

  0x00000001303b97cc: ;   {runtime_call ic_miss_stub}
  0x00000001303b97cc: 0ded e617 
[Verified Entry Point]
  0x00000001303b97d0: 1f20 03d5 | e953 40d1 | 3f01 00f9 | fd7b bfa9 | fd03 0091 | ff43 01d1 | e30b 00f9 | 7f00 1feb 
  0x00000001303b97f0: e443 0091 | e403 849a | e207 00f9 | 5f00 1feb | e323 0091 | e303 839a | e103 00f9 | 3f00 1feb 
  0x00000001303b9810: e203 00d1 | e203 829a 

  0x00000001303b9818: ;   {oop(a 'java/lang/Class'{0x00000007ff716e50} = 'jdk/internal/reflect/NativeMethodAccessorImpl')}
  0x00000001303b9818: 01ca 8dd2 | 21ee bff2 | e100 c0f2 | e123 00f9 | e103 0191 | e801 0010 | 884f 01f9 | e803 0091 
  0x00000001303b9838: 884b 01f9 

  0x00000001303b983c: ;   {external_word}
  0x00000001303b983c: a869 ead0 | 08a9 5539 | 280a 0035 | 80c3 0a91 | e803 7eb2 | 8903 0d91 | 28fd 9f88 

  0x00000001303b9858: ;   {runtime_call Java_jdk_internal_reflect_NativeMethodAccessorImpl_invoke0}
  0x00000001303b9858: 887b 91d2 | a860 a0f2 | 2800 c0f2 | 0001 3fd6 | a800 80d2 | 8843 03b9 | bf3b 03d5 | 8823 0d91 
  0x00000001303b9878: 08fd dfc8 | bf03 08eb | 4807 0054 | 8833 43b9 | 0807 0035 | e803 7db2 | 8903 0d91 | 28fd 9f88 
  0x00000001303b9898: 88c3 4e39 | 1f09 0071 | 6005 0054 

  0x00000001303b98a4: ;   {external_word}
  0x00000001303b98a4: a869 ead0 | 08a9 5539 | c808 0035 | 9f4b 01f9 | 9f4f 01f9 | a003 00b4 | 6003 0036 | 00f0 5ff8 
  0x00000001303b98c4: fd7b bfa9 | fd03 0091 | 89e3 4039 | 6902 0034 | 4002 00b4 | 8913 40f9 | e900 00b4 | 2921 00d1 
  0x00000001303b98e4: 8913 00f9 | 881b 40f9 | 2901 088b | 2001 00f9 | 0a00 0014 | e07f bfa9 | e103 1caa | e833 bfa9 
  0x00000001303b9904: 8842 85d2 | c88f a0f2 | 2800 c0f2 | 0001 3fd6 | e833 c1a8 | e07f c1a8 | bf03 0091 | fd7b c1a8 
  0x00000001303b9924: 0200 0014 | 0000 40f9 | 826f 40f9 | 5f80 00f9 | bf03 0091 | fd7b c1a8 | 8807 40f9 | 4800 00b5 
  0x00000001303b9944: c003 5fd6 

  0x00000001303b9948: ;   {runtime_call StubRoutines (1)}
  0x00000001303b9948: cee9 e517 | a083 1ff8 

  0x00000001303b9950: ;   {runtime_call SharedRuntime::reguard_yellow_pages()}
  0x00000001303b9950: 0892 87d2 | e899 a0f2 | 2800 c0f2 | 0001 3fd6 | a083 5ff8 | d0ff ff17 | a083 1ff8 | e003 1caa 
  0x00000001303b9970: ;   {runtime_call JavaThread::check_special_condition_for_native_trans(JavaThread*)}
  0x00000001303b9970: 08ff 90d2 | 689c a0f2 | 2800 c0f2 | 0001 3fd6 | a083 5ff8 | c2ff ff17 | e10b bea9 | e313 01a9 
  0x00000001303b9990: ;   {metadata({method} {0x00000078001c1da8} 'invoke0' '(Ljava/lang/reflect/Method;Ljava/lang/Object;[Ljava/lang/Object;)Ljava/lang/Object;' in 'jdk/internal/reflect/NativeMethodAccessorImpl')}
  0x00000001303b9990: 01b5 83d2 | 8103 a0f2 | 010f c0f2 | e003 1caa | e833 bfa9 | 0858 83d2 | e899 a0f2 | 2800 c0f2 
  0x00000001303b99b0: 0001 3fd6 | e833 c1a8 | e313 41a9 | e10b c2a8 | a2ff ff17 | a083 1ff8 

  0x00000001303b99c8: ;   {metadata({method} {0x00000078001c1da8} 'invoke0' '(Ljava/lang/reflect/Method;Ljava/lang/Object;[Ljava/lang/Object;)Ljava/lang/Object;' in 'jdk/internal/reflect/NativeMethodAccessorImpl')}
  0x00000001303b99c8: 01b5 83d2 | 8103 a0f2 | 010f c0f2 | e003 1caa | e833 bfa9 | 086c 83d2 | e899 a0f2 | 2800 c0f2 
  0x00000001303b99e8: 0001 3fd6 | e833 c1a8 | a083 5ff8 | afff ff17 
[/MachCode]


Compiled method (c1)    1552 2091       3       jdk.internal.reflect.DelegatingMethodAccessorImpl::invoke (10 bytes)
 total in heap  [0x0000000128c32610,0x0000000128c32a70] = 1120
 relocation     [0x0000000128c32768,0x0000000128c327a0] = 56
 main code      [0x0000000128c327c0,0x0000000128c32980] = 448
 stub code      [0x0000000128c32980,0x0000000128c329c8] = 72
 metadata       [0x0000000128c329c8,0x0000000128c329e0] = 24
 scopes data    [0x0000000128c329e0,0x0000000128c32a08] = 40
 scopes pcs     [0x0000000128c32a08,0x0000000128c32a58] = 80
 dependencies   [0x0000000128c32a58,0x0000000128c32a60] = 8
 nul chk table  [0x0000000128c32a60,0x0000000128c32a70] = 16

[Constant Pool (empty)]

[MachCode]
[Entry Point]
  # {method} {0x00000078001c1758} 'invoke' '(Ljava/lang/Object;[Ljava/lang/Object;)Ljava/lang/Object;' in 'jdk/internal/reflect/DelegatingMethodAccessorImpl'
  # this:     c_rarg1:c_rarg1 
                        = 'jdk/internal/reflect/DelegatingMethodAccessorImpl'
  # parm0:    c_rarg2:c_rarg2 
                        = 'java/lang/Object'
  # parm1:    c_rarg3:c_rarg3 
                        = '[Ljava/lang/Object;'
  #           [sp+0x50]  (sp of caller)
  0x0000000128c327c0: 2808 40b9 | 3f01 086b | c001 0054 

  0x0000000128c327cc: ;   {runtime_call ic_miss_stub}
  0x0000000128c327cc: 0d09 c515 | 1f20 03d5 | 1f20 03d5 | 1f20 03d5 | 1f20 03d5 | 1f20 03d5 | 1f20 03d5 | 1f20 03d5 
  0x0000000128c327ec: 1f20 03d5 | 1f20 03d5 | 1f20 03d5 | 1f20 03d5 | 1f20 03d5 
[Verified Entry Point]
  0x0000000128c32800: 1f20 03d5 | e953 40d1 | 3f01 00f9 | ff43 01d1 | fd7b 04a9 

  0x0000000128c32814: ;   {metadata(method data for {method} {0x00000078001c1758} 'invoke' '(Ljava/lang/Object;[Ljava/lang/Object;)Ljava/lang/Object;' in 'jdk/internal/reflect/DelegatingMethodAccessorImpl')}
  0x0000000128c32814: 0010 9fd2 | c07f a2f2 | 2000 c0f2 | 04ac 40b9 | 8408 0011 | 04ac 00b9 | 8424 1f12 | 9f00 0071 
  0x0000000128c32834: c007 0054 | 200c 40b9 | 00f0 7dd3 

  0x0000000128c32840: ; implicit exception: dispatches to 0x0000000128c3294c
  0x0000000128c32840: 1f00 40f9 | e403 00aa 

  0x0000000128c32848: ;   {metadata(method data for {method} {0x00000078001c1758} 'invoke' '(Ljava/lang/Object;[Ljava/lang/Object;)Ljava/lang/Object;' in 'jdk/internal/reflect/DelegatingMethodAccessorImpl')}
  0x0000000128c32848: 0510 9fd2 | c57f a2f2 | 2500 c0f2 | 8408 40b9 | 840c 5dd2 | a900 0491 | 2801 40f9 | 9f00 08eb 
  0x0000000128c32868: a100 0054 | a884 40f9 | 0805 0091 | a884 00f9 | 1c00 0014 | a940 0491 | 2801 40f9 | 9f00 08eb 
  0x0000000128c32888: a100 0054 | a88c 40f9 | 0805 0091 | a88c 00f9 | 1400 0014 | a900 0491 | 2801 40f9 | c800 00b5 
  0x0000000128c328a8: 2401 00f9 | e803 40b2 | a920 0491 | 2801 00f9 | 0c00 0014 | a940 0491 | 2801 40f9 | c800 00b5 
  0x0000000128c328c8: 2401 00f9 | e803 40b2 | a960 0491 | 2801 00f9 | 0400 0014 | a878 40f9 | 0805 0091 | a878 00f9 
  0x0000000128c328e8: e403 02aa | e203 04aa | e503 03aa | e303 05aa | e113 00f9 | e103 00aa | e593 02a9 | e9ff 9fd2 
  0x0000000128c32908: e9ff bff2 | e9ff dff2 

  0x0000000128c32910: ; ImmutableOopMap {[32]=Oop [40]=Oop [48]=Oop }
                      ;*invokevirtual invoke {reexecute=0 rethrow=0 return_oop=0}
                      ; - jdk.internal.reflect.DelegatingMethodAccessorImpl::invoke@6 (line 43)
                      ;   {virtual_call}
  0x0000000128c32910: 8e22 c895 | fd7b 44a9 | ff43 0191 

  0x0000000128c3291c: ;   {poll_return}
  0x0000000128c3291c: 88a7 41f9 | ff63 28eb | 6801 0054 | c003 5fd6 

  0x0000000128c3292c: ;   {metadata({method} {0x00000078001c1758} 'invoke' '(Ljava/lang/Object;[Ljava/lang/Object;)Ljava/lang/Object;' in 'jdk/internal/reflect/DelegatingMethodAccessorImpl')}
  0x0000000128c3292c: 08eb 82d2 | 8803 a0f2 | 080f c0f2 | e807 00f9 | 0800 8092 | e803 00f9 

  0x0000000128c32944: ; ImmutableOopMap {c_rarg1=Oop c_rarg2=Oop c_rarg3=Oop }
                      ;*synchronization entry
                      ; - jdk.internal.reflect.DelegatingMethodAccessorImpl::invoke@-1 (line 43)
                      ;   {runtime_call counter_overflow Runtime1 stub}
  0x0000000128c32944: 8f00 c895 | bcff ff17 

  0x0000000128c3294c: ; ImmutableOopMap {c_rarg1=Oop c_rarg2=Oop c_rarg3=Oop c_rarg0=Oop }
                      ;*invokevirtual invoke {reexecute=0 rethrow=0 return_oop=0}
                      ; - jdk.internal.reflect.DelegatingMethodAccessorImpl::invoke@6 (line 43)
                      ;   {runtime_call throw_null_pointer_exception Runtime1 stub}
  0x0000000128c3294c: 0ded c795 

  0x0000000128c32950: ;   {internal_word}
  0x0000000128c32950: 68fe ff10 | 88b3 01f9 

  0x0000000128c32958: ;   {runtime_call SafepointBlob}
  0x0000000128c32958: 2a22 c515 | 1f20 03d5 | 1f20 03d5 | 80ef 41f9 | 9fef 01f9 | 9ff3 01f9 | fd7b 44a9 | ff43 0191 
  0x0000000128c32978: ;   {runtime_call unwind_exception Runtime1 stub}
  0x0000000128c32978: e2b2 c515 | 0000 0000 
[Stub Code]
  0x0000000128c32980: ;   {no_reloc}
  0x0000000128c32980: df3f 03d5 

  0x0000000128c32984: ;   {metadata(NULL)}
  0x0000000128c32984: 0c00 80d2 | 0c00 a0f2 | 0c00 c0f2 | 0800 80d2 | 0800 a0f2 | 0800 c0f2 | 0001 1fd6 

  0x0000000128c329a0: ;   {trampoline_stub}
  0x0000000128c329a0: 4800 0058 | 0001 1fd6 | 48b3 e32f | 0100 0000 
[Exception Handler]
  0x0000000128c329b0: ;   {runtime_call handle_exception_from_callee Runtime1 stub}
  0x0000000128c329b0: 74f4 c795 | c1d5 bbd4 | fae7 f404 | 0100 0000 
[Deopt Handler Code]
  0x0000000128c329c0: 1e00 0010 

  0x0000000128c329c4: ;   {runtime_call DeoptimizationBlob}
  0x0000000128c329c4: df22 c515 
[/MachCode]


Compiled method (c1)    1559 2418       2       java.lang.reflect.Method::invoke (65 bytes)
 total in heap  [0x0000000128cbf910,0x0000000128cbfed8] = 1480
 relocation     [0x0000000128cbfa68,0x0000000128cbfad0] = 104
 main code      [0x0000000128cbfb00,0x0000000128cbfcc0] = 448
 stub code      [0x0000000128cbfcc0,0x0000000128cbfd98] = 216
 metadata       [0x0000000128cbfd98,0x0000000128cbfdd0] = 56
 scopes data    [0x0000000128cbfdd0,0x0000000128cbfe40] = 112
 scopes pcs     [0x0000000128cbfe40,0x0000000128cbfec0] = 128
 dependencies   [0x0000000128cbfec0,0x0000000128cbfec8] = 8
 nul chk table  [0x0000000128cbfec8,0x0000000128cbfed8] = 16

[Constant Pool (empty)]

[MachCode]
[Entry Point]
  # {method} {0x00000078003d3d08} 'invoke' '(Ljava/lang/Object;[Ljava/lang/Object;)Ljava/lang/Object;' in 'java/lang/reflect/Method'
  # this:     c_rarg1:c_rarg1 
                        = 'java/lang/reflect/Method'
  # parm0:    c_rarg2:c_rarg2 
                        = 'java/lang/Object'
  # parm1:    c_rarg3:c_rarg3 
                        = '[Ljava/lang/Object;'
  #           [sp+0x90]  (sp of caller)
  0x0000000128cbfb00: 2808 40b9 | 3f01 086b | c001 0054 

  0x0000000128cbfb0c: ;   {runtime_call ic_miss_stub}
  0x0000000128cbfb0c: 3dd4 c215 | 1f20 03d5 | 1f20 03d5 | 1f20 03d5 | 1f20 03d5 | 1f20 03d5 | 1f20 03d5 | 1f20 03d5 
  0x0000000128cbfb2c: 1f20 03d5 | 1f20 03d5 | 1f20 03d5 | 1f20 03d5 | 1f20 03d5 
[Verified Entry Point]
  0x0000000128cbfb40: 1f20 03d5 | e953 40d1 | 3f01 00f9 | ff43 02d1 | fd7b 08a9 | e18b 04a9 | e32f 00f9 | 001f 88d2 
  0x0000000128cbfb60: 2060 a2f2 | 2000 c0f2 | 0408 40b9 | 8408 0011 | 0408 00b9 | 8428 1f12 | 9f00 0071 | 0007 0054 
  0x0000000128cbfb80: 2030 4039 | 1f00 0071 | 2103 0054 

  0x0000000128cbfb8c: ; ImmutableOopMap {[88]=Oop [72]=Oop [80]=Oop }
                      ;*invokestatic getCallerClass {reexecute=0 rethrow=0 return_oop=0}
                      ; - java.lang.reflect.Method::invoke@7 (line 560)
                      ;   {static_call}
  0x0000000128cbfb8c: b176 d895 | e127 40f9 | 2324 40b9 | 63f0 7dd3 | 2520 40b9 | a200 1d12 | 5f00 0071 | e207 9f9a 
  0x0000000128cbfbac: 4200 0012 | 5f00 0071 | 6000 0054 | e403 1faa | 0600 0014 | e22b 40f9 

  0x0000000128cbfbc4: ; implicit exception: dispatches to 0x0000000128cbfc7c
  0x0000000128cbfbc4: 4408 40b9 | 840c 5dd2 | 8438 40f9 | 8400 40f9 | e203 00aa | e703 01aa | e103 07aa | e033 00f9 
  0x0000000128cbfbe4: ; ImmutableOopMap {[88]=Oop [80]=Oop [96]=Oop [72]=Oop }
                      ;*invokevirtual checkAccess {reexecute=0 rethrow=0 return_oop=0}
                      ; - java.lang.reflect.Method::invoke@39 (line 561)
                      ;   {optimized virtual_call}
  0x0000000128cbfbe4: 57b5 fb97 | e127 40f9 | bf3b 03d5 | 204c 40b9 | 00f0 7dd3 | bf39 03d5 | e203 1faa | 1f00 02eb 
  0x0000000128cbfc04: a100 0054 | e037 00f9 | e203 01aa | e103 02aa 

  0x0000000128cbfc14: ; ImmutableOopMap {[88]=Oop [80]=Oop [104]=Oop [72]=Oop }
                      ;*invokevirtual acquireMethodAccessor {reexecute=0 rethrow=0 return_oop=0}
                      ; - java.lang.reflect.Method::invoke@52 (line 567)
                      ;   {optimized virtual_call}
  0x0000000128cbfc14: 4300 0094 | e20f 45a9 | e403 02aa | e203 04aa | e503 03aa | e303 05aa | e103 00aa | e03b 00f9 
  0x0000000128cbfc34: 09a4 82d2 | 8903 a0f2 | 090f c0f2 

  0x0000000128cbfc40: ; ImmutableOopMap {[112]=Oop [88]=Oop [80]=Oop [72]=Oop }
                      ;*invokeinterface invoke {reexecute=0 rethrow=0 return_oop=0}
                      ; - java.lang.reflect.Method::invoke@59 (line 569)
                      ;   {virtual_call}
  0x0000000128cbfc40: e0ca fd97 | fd7b 48a9 | ff43 0291 

  0x0000000128cbfc4c: ;   {poll_return}
  0x0000000128cbfc4c: 88a7 41f9 | ff63 28eb | 6801 0054 | c003 5fd6 

  0x0000000128cbfc5c: ;   {metadata({method} {0x00000078003d3d08} 'invoke' '(Ljava/lang/Object;[Ljava/lang/Object;)Ljava/lang/Object;' in 'java/lang/reflect/Method')}
  0x0000000128cbfc5c: 08a1 87d2 | a807 a0f2 | 080f c0f2 | e807 00f9 | 0800 8092 | e803 00f9 

  0x0000000128cbfc74: ; ImmutableOopMap {c_rarg1=Oop [72]=Oop c_rarg2=Oop [80]=Oop c_rarg3=Oop [88]=Oop }
                      ;*synchronization entry
                      ; - java.lang.reflect.Method::invoke@-1 (line 559)
                      ;   {runtime_call counter_overflow Runtime1 stub}
  0x0000000128cbfc74: c3cb c595 | c2ff ff17 

  0x0000000128cbfc7c: ; ImmutableOopMap {[88]=Oop c_rarg0=Oop c_rarg1=Oop [72]=Oop c_rarg3=Oop c_rarg2=Oop [80]=Oop }
                      ;*invokevirtual getClass {reexecute=0 rethrow=0 return_oop=0}
                      ; - java.lang.reflect.Method::invoke@32 (line 562)
                      ;   {runtime_call throw_null_pointer_exception Runtime1 stub}
  0x0000000128cbfc7c: 41b8 c595 

  0x0000000128cbfc80: ;   {internal_word}
  0x0000000128cbfc80: 68fe ff10 | 88b3 01f9 

  0x0000000128cbfc88: ;   {runtime_call SafepointBlob}
  0x0000000128cbfc88: 5eed c215 | 1f20 03d5 | 1f20 03d5 | 80ef 41f9 | 9fef 01f9 | 9ff3 01f9 | fd7b 48a9 | ff43 0291 
  0x0000000128cbfca8: ;   {runtime_call unwind_exception Runtime1 stub}
  0x0000000128cbfca8: 167e c315 | 0000 0000 | 0000 0000 | 0000 0000 | 0000 0000 | 0000 0000 
[Stub Code]
  0x0000000128cbfcc0: ;   {no_reloc}
  0x0000000128cbfcc0: df3f 03d5 

  0x0000000128cbfcc4: ;   {metadata(NULL)}
  0x0000000128cbfcc4: 0c00 80d2 | 0c00 a0f2 | 0c00 c0f2 | 0800 80d2 | 0800 a0f2 | 0800 c0f2 | 0001 1fd6 

  0x0000000128cbfce0: ;   {trampoline_stub}
  0x0000000128cbfce0: 4800 0058 | 0001 1fd6 | 50d6 2d30 | 0100 0000 

  0x0000000128cbfcf0: ;   {static_stub}
  0x0000000128cbfcf0: df3f 03d5 

  0x0000000128cbfcf4: ;   {metadata(NULL)}
  0x0000000128cbfcf4: 0c00 80d2 | 0c00 a0f2 | 0c00 c0f2 | 0800 80d2 | 0800 a0f2 | 0800 c0f2 | 0001 1fd6 

  0x0000000128cbfd10: ;   {trampoline_stub}
  0x0000000128cbfd10: 4800 0058 | 0001 1fd6 | 40d1 ba28 | 0100 0000 

  0x0000000128cbfd20: ;   {static_stub}
  0x0000000128cbfd20: df3f 03d5 

  0x0000000128cbfd24: ;   {metadata({method} {0x00000078003d3940} 'acquireMethodAccessor' '()Ljdk/internal/reflect/MethodAccessor;' in 'java/lang/reflect/Method')}
  0x0000000128cbfd24: 0c28 87d2 | ac07 a0f2 | 0c0f c0f2 | 0857 88d2 | e8fa a5f2 | 2800 c0f2 | 0001 1fd6 

  0x0000000128cbfd40: ;   {trampoline_stub}
  0x0000000128cbfd40: 4800 0058 | 0001 1fd6 | 20fd cb28 | 0100 0000 

  0x0000000128cbfd50: ;   {static_stub}
  0x0000000128cbfd50: df3f 03d5 

  0x0000000128cbfd54: ;   {metadata(NULL)}
  0x0000000128cbfd54: 0c00 80d2 | 0c00 a0f2 | 0c00 c0f2 | 0800 80d2 | 0800 a0f2 | 0800 c0f2 | 0001 1fd6 

  0x0000000128cbfd70: ;   {trampoline_stub}
  0x0000000128cbfd70: 4800 0058 | 0001 1fd6 | c027 c328 | 0100 0000 
[Exception Handler]
  0x0000000128cbfd80: ;   {runtime_call handle_exception_from_callee Runtime1 stub}
  0x0000000128cbfd80: 80bf c595 | c1d5 bbd4 | fae7 f404 | 0100 0000 
[Deopt Handler Code]
  0x0000000128cbfd90: 1e00 0010 

  0x0000000128cbfd94: ;   {runtime_call DeoptimizationBlob}
  0x0000000128cbfd94: ebed c215 
[/MachCode]


---------------  P R O C E S S  ---------------

Threads class SMR info:
_java_thread_list=0x0000600002960220, length=17, elements={
0x0000000120808a00, 0x000000012804ac00, 0x00000001038cb800, 0x0000000120811600,
0x0000000120812a00, 0x0000000120813000, 0x0000000120813600, 0x0000000120813c00,
0x0000000120814200, 0x0000000120019c00, 0x000000012084c200, 0x0000000120024400,
0x0000000120024a00, 0x00000001038c9c00, 0x000000012091d200, 0x0000000127821800,
0x00000001209ae400
}

Java Threads: ( => current thread )
=>0x0000000120808a00 JavaThread "main" [_thread_in_native, id=5379, stack(0x000000016cf90000,0x000000016d193000)]
  0x000000012804ac00 JavaThread "Reference Handler" daemon [_thread_blocked, id=30723, stack(0x000000016dde4000,0x000000016dfe7000)]
  0x00000001038cb800 JavaThread "Finalizer" daemon [_thread_blocked, id=30211, stack(0x000000016dff0000,0x000000016e1f3000)]
  0x0000000120811600 JavaThread "Signal Dispatcher" daemon [_thread_blocked, id=28163, stack(0x000000016e314000,0x000000016e517000)]
  0x0000000120812a00 JavaThread "Service Thread" daemon [_thread_blocked, id=23811, stack(0x000000016e520000,0x000000016e723000)]
  0x0000000120813000 JavaThread "Monitor Deflation Thread" daemon [_thread_blocked, id=24323, stack(0x000000016e72c000,0x000000016e92f000)]
  0x0000000120813600 JavaThread "C2 CompilerThread0" daemon [_thread_blocked, id=24835, stack(0x000000016e938000,0x000000016eb3b000)]
  0x0000000120813c00 JavaThread "C1 CompilerThread0" daemon [_thread_blocked, id=25347, stack(0x000000016eb44000,0x000000016ed47000)]
  0x0000000120814200 JavaThread "Sweeper thread" daemon [_thread_blocked, id=27651, stack(0x000000016ed50000,0x000000016ef53000)]
  0x0000000120019c00 JavaThread "Common-Cleaner" daemon [_thread_blocked, id=25859, stack(0x000000016ef5c000,0x000000016f15f000)]
  0x000000012084c200 JavaThread "JDWP Transport Listener: dt_socket" daemon [_thread_blocked, id=26371, stack(0x000000016f168000,0x000000016f36b000)]
  0x0000000120024400 JavaThread "JDWP Event Helper Thread" daemon [_thread_blocked, id=27139, stack(0x000000016f374000,0x000000016f577000)]
  0x0000000120024a00 JavaThread "JDWP Command Reader" daemon [_thread_in_native, id=32771, stack(0x000000016f580000,0x000000016f783000)]
  0x00000001038c9c00 JavaThread "Notification Thread" daemon [_thread_blocked, id=43267, stack(0x000000016f78c000,0x000000016f98f000)]
  0x000000012091d200 JavaThread "process reaper" daemon [_thread_blocked, id=40451, stack(0x000000016ffbc000,0x000000016fff3000)]
  0x0000000127821800 JavaThread "Attach Listener" daemon [_thread_blocked, id=39939, stack(0x0000000301270000,0x0000000301473000)]
  0x00000001209ae400 JavaThread "C2 CompilerThread1" daemon [_thread_blocked, id=44575, stack(0x0000000301da4000,0x0000000301fa7000)]

Other Threads:
  0x000000011760a850 VMThread "VM Thread" [stack: 0x000000016dbd8000,0x000000016dddb000] [id=17667]
  0x000000011770bc70 WatcherThread [stack: 0x000000016f998000,0x000000016fb9b000] [id=33539]
  0x00000001178041a0 GCTaskThread "GC Thread#0" [stack: 0x000000016d19c000,0x000000016d39f000] [id=15107]
  0x00000001177137c0 GCTaskThread "GC Thread#1" [stack: 0x000000016fdb0000,0x000000016ffb3000] [id=42755]
  0x0000000117713c40 GCTaskThread "GC Thread#2" [stack: 0x0000000300004000,0x0000000300207000] [id=42499]
  0x000000010350fa10 GCTaskThread "GC Thread#3" [stack: 0x0000000300210000,0x0000000300413000] [id=42243]
  0x000000010350fe90 GCTaskThread "GC Thread#4" [stack: 0x000000030041c000,0x000000030061f000] [id=35075]
  0x0000000103510310 GCTaskThread "GC Thread#5" [stack: 0x0000000300628000,0x000000030082b000] [id=41731]
  0x00000001177140c0 GCTaskThread "GC Thread#6" [stack: 0x0000000300834000,0x0000000300a37000] [id=41475]
  0x0000000117714540 GCTaskThread "GC Thread#7" [stack: 0x0000000300a40000,0x0000000300c43000] [id=35843]
  0x00000001177149c0 GCTaskThread "GC Thread#8" [stack: 0x0000000300c4c000,0x0000000300e4f000] [id=36355]
  0x0000000117715230 GCTaskThread "GC Thread#9" [stack: 0x0000000300e58000,0x000000030105b000] [id=36611]
  0x0000000117607300 ConcurrentGCThread "G1 Main Marker" [stack: 0x000000016d3a8000,0x000000016d5ab000] [id=14595]
  0x0000000127606190 ConcurrentGCThread "G1 Conc#0" [stack: 0x000000016d5b4000,0x000000016d7b7000] [id=13571]
  0x000000010352aca0 ConcurrentGCThread "G1 Conc#1" [stack: 0x0000000301064000,0x0000000301267000] [id=36871]
  0x0000000103606910 ConcurrentGCThread "G1 Conc#2" [stack: 0x000000030147c000,0x000000030167f000] [id=39427]
  0x0000000117705c80 ConcurrentGCThread "G1 Refine#0" [stack: 0x000000016d7c0000,0x000000016d9c3000] [id=21507]
  0x0000000117706520 ConcurrentGCThread "G1 Service" [stack: 0x000000016d9cc000,0x000000016dbcf000] [id=21251]

Threads with active compile tasks:

VM state: not at safepoint (normal execution)

VM Mutex/Monitor currently owned by a thread: None

Heap address: 0x00000005c0000000, size: 9216 MB, Compressed Oops mode: Zero based, Oop shift amount: 3

CDS archive(s) mapped at: [0x0000007800000000-0x0000007800bc0000-0x0000007800bc0000), size 12320768, SharedBaseAddress: 0x0000007800000000, ArchiveRelocationMode: 1.
Compressed class space mapped at: 0x0000007801000000-0x0000007841000000, reserved size: 1073741824
Narrow klass base: 0x0000007800000000, Narrow klass shift: 0, Narrow klass range: 0x100000000

GC Precious Log:
 CPUs: 12 total, 12 available
 Memory: 36864M
 Large Page Support: Disabled
 NUMA Support: Disabled
 Compressed Oops: Enabled (Zero based)
 Heap Region Size: 8M
 Heap Min Capacity: 8M
 Heap Initial Capacity: 576M
 Heap Max Capacity: 9G
 Pre-touch: Disabled
 Parallel Workers: 10
 Concurrent Workers: 3
 Concurrent Refinement Workers: 10
 Periodic GC: Disabled

Heap:
 garbage-first heap   total 139264K, used 42055K [0x00000005c0000000, 0x0000000800000000)
  region size 8192K, 5 young (40960K), 1 survivors (8192K)
 Metaspace       used 24990K, committed 25280K, reserved 1114112K
  class space    used 3460K, committed 3584K, reserved 1048576K

Heap Regions: E=young(eden), S=young(survivor), O=old, HS=humongous(starts), HC=humongous(continues), CS=collection set, F=free, OA=open archive, CA=closed archive, TAMS=top-at-mark-start (previous, next)
|   0|0x00000005c0000000, 0x00000005c04b4a00, 0x00000005c0800000| 58%| O|  |TAMS 0x00000005c04b4a00, 0x00000005c0000000| Complete 
|   1|0x00000005c0800000, 0x00000005c0800000, 0x00000005c1000000|  0%| F|  |TAMS 0x00000005c0800000, 0x00000005c0800000| Untracked 
|   2|0x00000005c1000000, 0x00000005c1000000, 0x00000005c1800000|  0%| F|  |TAMS 0x00000005c1000000, 0x00000005c1000000| Untracked 
|   3|0x00000005c1800000, 0x00000005c1800000, 0x00000005c2000000|  0%| F|  |TAMS 0x00000005c1800000, 0x00000005c1800000| Untracked 
|   4|0x00000005c2000000, 0x00000005c2000000, 0x00000005c2800000|  0%| F|  |TAMS 0x00000005c2000000, 0x00000005c2000000| Untracked 
|   5|0x00000005c2800000, 0x00000005c2800000, 0x00000005c3000000|  0%| F|  |TAMS 0x00000005c2800000, 0x00000005c2800000| Untracked 
|   6|0x00000005c3000000, 0x00000005c3000000, 0x00000005c3800000|  0%| F|  |TAMS 0x00000005c3000000, 0x00000005c3000000| Untracked 
|   7|0x00000005c3800000, 0x00000005c3800000, 0x00000005c4000000|  0%| F|  |TAMS 0x00000005c3800000, 0x00000005c3800000| Untracked 
|   8|0x00000005c4000000, 0x00000005c4000000, 0x00000005c4800000|  0%| F|  |TAMS 0x00000005c4000000, 0x00000005c4000000| Untracked 
|   9|0x00000005c4800000, 0x00000005c4800000, 0x00000005c5000000|  0%| F|  |TAMS 0x00000005c4800000, 0x00000005c4800000| Untracked 
|  10|0x00000005c5000000, 0x00000005c5400000, 0x00000005c5800000| 50%| E|  |TAMS 0x00000005c5000000, 0x00000005c5000000| Complete 
|  11|0x00000005c5800000, 0x00000005c6000000, 0x00000005c6000000|100%| E|CS|TAMS 0x00000005c5800000, 0x00000005c5800000| Complete 
|  12|0x00000005c6000000, 0x00000005c6800000, 0x00000005c6800000|100%| E|CS|TAMS 0x00000005c6000000, 0x00000005c6000000| Complete 
|  63|0x00000005df800000, 0x00000005dfc75220, 0x00000005e0000000| 55%| S|CS|TAMS 0x00000005df800000, 0x00000005df800000| Complete 
|  71|0x00000005e3800000, 0x00000005e4000000, 0x00000005e4000000|100%| E|CS|TAMS 0x00000005e3800000, 0x00000005e3800000| Complete 
|1150|0x00000007ff000000, 0x00000007ff774000, 0x00000007ff800000| 93%|OA|  |TAMS 0x00000007ff774000, 0x00000007ff000000| Untracked 
|1151|0x00000007ff800000, 0x00000007ff874000, 0x0000000800000000|  5%|CA|  |TAMS 0x00000007ff874000, 0x00000007ff800000| Untracked 

Card table byte_map: [0x000000010e188000,0x000000010f388000] _byte_map_base: 0x000000010b388000

Marking Bits (Prev, Next): (CMBitMap*) 0x0000000128016450, (CMBitMap*) 0x0000000128016410
 Prev Bits: [0x0000000140800000, 0x0000000149800000)
 Next Bits: [0x0000000137800000, 0x0000000140800000)

Polling page: 0x0000000102f9c000

Metaspace:

Usage:
  Non-class:     21.03 MB used.
      Class:      3.38 MB used.
       Both:     24.40 MB used.

Virtual space:
  Non-class space:       64.00 MB reserved,      21.19 MB ( 33%) committed,  1 nodes.
      Class space:        1.00 GB reserved,       3.50 MB ( <1%) committed,  1 nodes.
             Both:        1.06 GB reserved,      24.69 MB (  2%) committed. 

Chunk freelists:
   Non-Class:  10.28 MB
       Class:  12.41 MB
        Both:  22.69 MB

MaxMetaspaceSize: unlimited
CompressedClassSpaceSize: 1.00 GB
Initial GC threshold: 21.00 MB
Current GC threshold: 35.56 MB
CDS: on
MetaspaceReclaimPolicy: balanced
 - commit_granule_bytes: 65536.
 - commit_granule_words: 8192.
 - virtual_space_node_default_size: 8388608.
 - enlarge_chunks_in_place: 1.
 - new_chunks_are_fully_committed: 0.
 - uncommit_free_chunks: 1.
 - use_allocation_guard: 0.
 - handle_deallocations: 1.


Internal statistics:

num_allocs_failed_limit: 3.
num_arena_births: 302.
num_arena_deaths: 0.
num_vsnodes_births: 2.
num_vsnodes_deaths: 0.
num_space_committed: 395.
num_space_uncommitted: 0.
num_chunks_returned_to_freelist: 3.
num_chunks_taken_from_freelist: 1187.
num_chunk_merges: 3.
num_chunk_splits: 817.
num_chunks_enlarged: 638.
num_inconsistent_stats: 0.

CodeHeap 'non-profiled nmethods': size=120032Kb used=1503Kb max_used=1503Kb free=118528Kb
 bounds [0x00000001302c8000, 0x0000000130538000, 0x0000000137800000]
CodeHeap 'profiled nmethods': size=120016Kb used=5800Kb max_used=5800Kb free=114215Kb
 bounds [0x0000000128800000, 0x0000000128db0000, 0x000000012fd34000]
CodeHeap 'non-nmethods': size=5712Kb used=1302Kb max_used=1439Kb free=4409Kb
 bounds [0x000000012fd34000, 0x000000012ffa4000, 0x00000001302c8000]
 total_blobs=3468 nmethods=2871 adapters=512
 compilation: enabled
              stopped_count=0, restarted_count=0
 full_count=0

Compilation events (20 events):
Event: 1.500 Thread 0x0000000120813c00 2972       3       java.lang.String::getBytes (15 bytes)
Event: 1.501 Thread 0x0000000120813c00 nmethod 2972 0x0000000128da5690 code [0x0000000128da5880, 0x0000000128da5af8]
Event: 1.501 Thread 0x0000000120813c00 2973       3       jdk.internal.loader.URLClassPath$FileLoader$1::getCodeSourceURL (8 bytes)
Event: 1.501 Thread 0x0000000120813c00 nmethod 2973 0x0000000128da5c10 code [0x0000000128da5dc0, 0x0000000128da5f98]
Event: 1.501 Thread 0x0000000120813c00 2974       3       jdk.internal.loader.URLClassPath$FileLoader$1::getInputStream (12 bytes)
Event: 1.501 Thread 0x0000000120813c00 nmethod 2974 0x0000000128da6090 code [0x0000000128da6240, 0x0000000128da6408]
Event: 1.501 Thread 0x0000000120813c00 2975       3       jdk.internal.loader.URLClassPath$FileLoader$1::getContentLength (9 bytes)
Event: 1.501 Thread 0x0000000120813c00 nmethod 2975 0x0000000128da6510 code [0x0000000128da6740, 0x0000000128da6c28]
Event: 1.501 Thread 0x0000000120813c00 2976       3       java.lang.StringBuilder::length (5 bytes)
Event: 1.501 Thread 0x0000000120813c00 nmethod 2976 0x0000000128da6e10 code [0x0000000128da6fc0, 0x0000000128da70d8]
Event: 1.502 Thread 0x0000000120813c00 2977       3       java.lang.invoke.VarHandle::checkExactAccessMode (28 bytes)
Event: 1.502 Thread 0x0000000120813c00 nmethod 2977 0x0000000128da7190 code [0x0000000128da7440, 0x0000000128da8068]
Event: 1.502 Thread 0x0000000120813c00 2978       3       java.lang.invoke.VarForm::getMemberName (31 bytes)
Event: 1.502 Thread 0x0000000120813c00 nmethod 2978 0x0000000128da8490 code [0x0000000128da8680, 0x0000000128da8978]
Event: 1.502 Thread 0x0000000120813c00 2981       3       java.lang.invoke.DirectMethodHandle$Holder::newInvokeSpecial (24 bytes)
Event: 1.502 Thread 0x0000000120813c00 nmethod 2981 0x0000000128da8b10 code [0x0000000128da8d40, 0x0000000128da9580]
Event: 1.502 Thread 0x0000000120813c00 2980       3       java.lang.invoke.DirectMethodHandle$Holder::invokeStatic (17 bytes)
Event: 1.502 Thread 0x0000000120813c00 nmethod 2980 0x0000000128da9790 code [0x0000000128da9980, 0x0000000128da9f10]
Event: 1.502 Thread 0x0000000120813c00 2979       1       org.apache.kafka.streams.state.internals.metrics.RocksDBMetrics$RocksDBMetricContext::metricsScope (5 bytes)
Event: 1.502 Thread 0x0000000120813c00 nmethod 2979 0x000000013043fc90 code [0x000000013043fe00, 0x000000013043fe98]

GC Heap History (8 events):
Event: 0.159 GC heap before
{Heap before GC invocations=0 (full 0):
 garbage-first heap   total 606208K, used 32672K [0x00000005c0000000, 0x0000000800000000)
  region size 8192K, 3 young (24576K), 0 survivors (0K)
 Metaspace       used 3966K, committed 4096K, reserved 1114112K
  class space    used 399K, committed 448K, reserved 1048576K
}
Event: 0.160 GC heap after
{Heap after GC invocations=1 (full 0):
 garbage-first heap   total 606208K, used 13230K [0x00000005c0000000, 0x0000000800000000)
  region size 8192K, 1 young (8192K), 1 survivors (8192K)
 Metaspace       used 3966K, committed 4096K, reserved 1114112K
  class space    used 399K, committed 448K, reserved 1048576K
}
Event: 0.211 GC heap before
{Heap before GC invocations=1 (full 0):
 garbage-first heap   total 606208K, used 29614K [0x00000005c0000000, 0x0000000800000000)
  region size 8192K, 3 young (24576K), 1 survivors (8192K)
 Metaspace       used 6678K, committed 6848K, reserved 1114112K
  class space    used 754K, committed 832K, reserved 1048576K
}
Event: 0.212 GC heap after
{Heap after GC invocations=2 (full 0):
 garbage-first heap   total 606208K, used 13648K [0x00000005c0000000, 0x0000000800000000)
  region size 8192K, 1 young (8192K), 1 survivors (8192K)
 Metaspace       used 6678K, committed 6848K, reserved 1114112K
  class space    used 754K, committed 832K, reserved 1048576K
}
Event: 0.434 GC heap before
{Heap before GC invocations=2 (full 0):
 garbage-first heap   total 606208K, used 62800K [0x00000005c0000000, 0x0000000800000000)
  region size 8192K, 7 young (57344K), 1 survivors (8192K)
 Metaspace       used 14463K, committed 14656K, reserved 1114112K
  class space    used 1841K, committed 1920K, reserved 1048576K
}
Event: 0.435 GC heap after
{Heap after GC invocations=3 (full 0):
 garbage-first heap   total 606208K, used 15893K [0x00000005c0000000, 0x0000000800000000)
  region size 8192K, 1 young (8192K), 1 survivors (8192K)
 Metaspace       used 14463K, committed 14656K, reserved 1114112K
  class space    used 1841K, committed 1920K, reserved 1048576K
}
Event: 0.824 GC heap before
{Heap before GC invocations=3 (full 0):
 garbage-first heap   total 606208K, used 65045K [0x00000005c0000000, 0x0000000800000000)
  region size 8192K, 8 young (65536K), 1 survivors (8192K)
 Metaspace       used 21261K, committed 21504K, reserved 1114112K
  class space    used 2967K, committed 3072K, reserved 1048576K
}
Event: 0.827 GC heap after
{Heap after GC invocations=4 (full 0):
 garbage-first heap   total 606208K, used 17479K [0x00000005c0000000, 0x0000000800000000)
  region size 8192K, 1 young (8192K), 1 survivors (8192K)
 Metaspace       used 21261K, committed 21504K, reserved 1114112K
  class space    used 2967K, committed 3072K, reserved 1048576K
}

Dll operation events (20 events):
Event: 0.971 Loading shared library /System/Library/Java/Extensions/librocksdbjni-osx-arm64.jnilib failed, dlopen(/System/Library/Java/Extensions/librocksdbjni-osx-arm64.jnilib, 0x0001): tried: '/System/Library/Java/Extensions/librocksdbjni-osx-arm64.jnilib' (no such 
Event: 0.971 Loading shared library /usr/lib/java/librocksdbjni-osx-arm64.dylib failed, dlopen(/usr/lib/java/librocksdbjni-osx-arm64.dylib, 0x0001): tried: '/usr/lib/java/librocksdbjni-osx-arm64.dylib' (no such file), '/System/Volumes/Preboot/Cryptexes/OS/usr/lib/java
Event: 0.971 Loading shared library /usr/lib/java/librocksdbjni-osx-arm64.jnilib failed, dlopen(/usr/lib/java/librocksdbjni-osx-arm64.jnilib, 0x0001): tried: '/usr/lib/java/librocksdbjni-osx-arm64.jnilib' (no such file), '/System/Volumes/Preboot/Cryptexes/OS/usr/lib/j
Event: 0.971 Loading shared library /Users/aliehsaeedi/IdeaProjects/MyAK/streams/librocksdbjni-osx-arm64.dylib failed, dlopen(/Users/aliehsaeedi/IdeaProjects/MyAK/streams/librocksdbjni-osx-arm64.dylib, 0x0001): tried: '/Users/aliehsaeedi/IdeaProjects/MyAK/streams/libr
Event: 0.971 Loading shared library /Users/aliehsaeedi/IdeaProjects/MyAK/streams/librocksdbjni-osx-arm64.jnilib failed, dlopen(/Users/aliehsaeedi/IdeaProjects/MyAK/streams/librocksdbjni-osx-arm64.jnilib, 0x0001): tried: '/Users/aliehsaeedi/IdeaProjects/MyAK/streams/li
Event: 0.971 Loading shared library /Users/aliehsaeedi/Library/Java/JavaVirtualMachines/corretto-17.0.13/Contents/Home/lib/librocksdbjni-osx.dylib failed, dlopen(/Users/aliehsaeedi/Library/Java/JavaVirtualMachines/corretto-17.0.13/Contents/Home/lib/librocksdbjni-osx.d
Event: 0.972 Loading shared library /Users/aliehsaeedi/Library/Java/JavaVirtualMachines/corretto-17.0.13/Contents/Home/lib/librocksdbjni-osx.jnilib failed, dlopen(/Users/aliehsaeedi/Library/Java/JavaVirtualMachines/corretto-17.0.13/Contents/Home/lib/librocksdbjni-osx.
Event: 0.972 Loading shared library /Users/aliehsaeedi/Library/Java/Extensions/librocksdbjni-osx.dylib failed, dlopen(/Users/aliehsaeedi/Library/Java/Extensions/librocksdbjni-osx.dylib, 0x0001): tried: '/Users/aliehsaeedi/Library/Java/Extensions/librocksdbjni-osx.dyli
Event: 0.972 Loading shared library /Users/aliehsaeedi/Library/Java/Extensions/librocksdbjni-osx.jnilib failed, dlopen(/Users/aliehsaeedi/Library/Java/Extensions/librocksdbjni-osx.jnilib, 0x0001): tried: '/Users/aliehsaeedi/Library/Java/Extensions/librocksdbjni-osx.jn
Event: 0.972 Loading shared library /Library/Java/Extensions/librocksdbjni-osx.dylib failed, dlopen(/Library/Java/Extensions/librocksdbjni-osx.dylib, 0x0001): tried: '/Library/Java/Extensions/librocksdbjni-osx.dylib' (no such file), '/System/Volumes/Preboot/Cryptexes/
Event: 0.972 Loading shared library /Library/Java/Extensions/librocksdbjni-osx.jnilib failed, dlopen(/Library/Java/Extensions/librocksdbjni-osx.jnilib, 0x0001): tried: '/Library/Java/Extensions/librocksdbjni-osx.jnilib' (no such file), '/System/Volumes/Preboot/Cryptex
Event: 0.972 Loading shared library /Network/Library/Java/Extensions/librocksdbjni-osx.dylib failed, dlopen(/Network/Library/Java/Extensions/librocksdbjni-osx.dylib, 0x0001): tried: '/Network/Library/Java/Extensions/librocksdbjni-osx.dylib' (no such file), '/System/Vo
Event: 0.972 Loading shared library /Network/Library/Java/Extensions/librocksdbjni-osx.jnilib failed, dlopen(/Network/Library/Java/Extensions/librocksdbjni-osx.jnilib, 0x0001): tried: '/Network/Library/Java/Extensions/librocksdbjni-osx.jnilib' (no such file), '/System
Event: 0.972 Loading shared library /System/Library/Java/Extensions/librocksdbjni-osx.dylib failed, dlopen(/System/Library/Java/Extensions/librocksdbjni-osx.dylib, 0x0001): tried: '/System/Library/Java/Extensions/librocksdbjni-osx.dylib' (no such file), '/System/Volum
Event: 0.972 Loading shared library /System/Library/Java/Extensions/librocksdbjni-osx.jnilib failed, dlopen(/System/Library/Java/Extensions/librocksdbjni-osx.jnilib, 0x0001): tried: '/System/Library/Java/Extensions/librocksdbjni-osx.jnilib' (no such file), '/System/Vo
Event: 0.972 Loading shared library /usr/lib/java/librocksdbjni-osx.dylib failed, dlopen(/usr/lib/java/librocksdbjni-osx.dylib, 0x0001): tried: '/usr/lib/java/librocksdbjni-osx.dylib' (no such file), '/System/Volumes/Preboot/Cryptexes/OS/usr/lib/java/librocksdbjni-osx
Event: 0.972 Loading shared library /usr/lib/java/librocksdbjni-osx.jnilib failed, dlopen(/usr/lib/java/librocksdbjni-osx.jnilib, 0x0001): tried: '/usr/lib/java/librocksdbjni-osx.jnilib' (no such file), '/System/Volumes/Preboot/Cryptexes/OS/usr/lib/java/librocksdbjni-
Event: 0.972 Loading shared library /Users/aliehsaeedi/IdeaProjects/MyAK/streams/librocksdbjni-osx.dylib failed, dlopen(/Users/aliehsaeedi/IdeaProjects/MyAK/streams/librocksdbjni-osx.dylib, 0x0001): tried: '/Users/aliehsaeedi/IdeaProjects/MyAK/streams/librocksdbjni-os
Event: 0.972 Loading shared library /Users/aliehsaeedi/IdeaProjects/MyAK/streams/librocksdbjni-osx.jnilib failed, dlopen(/Users/aliehsaeedi/IdeaProjects/MyAK/streams/librocksdbjni-osx.jnilib, 0x0001): tried: '/Users/aliehsaeedi/IdeaProjects/MyAK/streams/librocksdbjni-
Event: 1.236 Loaded shared library /private/var/folders/d_/n8z51h9d50j_xycm188cfhcc0000gp/T/librocksdbjni2096419112503733867.jnilib

Deoptimization events (20 events):
Event: 0.946 Thread 0x0000000120808a00 Uncommon trap: trap_request=0xffffffc6 fr.pc=0x00000001303e9c58 relative=0x0000000000000d98
Event: 0.946 Thread 0x0000000120808a00 Uncommon trap: reason=bimorphic_or_optimized_type_check action=maybe_recompile pc=0x00000001303e9c58 method=java.util.HashMap.putVal(ILjava/lang/Object;Ljava/lang/Object;ZZ)Ljava/lang/Object; @ 152 c2
Event: 0.946 Thread 0x0000000120808a00 DEOPT PACKING pc=0x00000001303e9c58 sp=0x000000016d18ea30
Event: 0.946 Thread 0x0000000120808a00 DEOPT UNPACKING pc=0x000000012fd7b91c sp=0x000000016d18e990 mode 2
Event: 0.946 Thread 0x0000000120808a00 Uncommon trap: trap_request=0xffffffc6 fr.pc=0x00000001303e9c58 relative=0x0000000000000d98
Event: 0.946 Thread 0x0000000120808a00 Uncommon trap: reason=bimorphic_or_optimized_type_check action=maybe_recompile pc=0x00000001303e9c58 method=java.util.HashMap.putVal(ILjava/lang/Object;Ljava/lang/Object;ZZ)Ljava/lang/Object; @ 152 c2
Event: 0.946 Thread 0x0000000120808a00 DEOPT PACKING pc=0x00000001303e9c58 sp=0x000000016d18ea30
Event: 0.946 Thread 0x0000000120808a00 DEOPT UNPACKING pc=0x000000012fd7b91c sp=0x000000016d18e990 mode 2
Event: 0.946 Thread 0x0000000120808a00 Uncommon trap: trap_request=0xffffffc6 fr.pc=0x00000001303e9c58 relative=0x0000000000000d98
Event: 0.946 Thread 0x0000000120808a00 Uncommon trap: reason=bimorphic_or_optimized_type_check action=maybe_recompile pc=0x00000001303e9c58 method=java.util.HashMap.putVal(ILjava/lang/Object;Ljava/lang/Object;ZZ)Ljava/lang/Object; @ 152 c2
Event: 0.946 Thread 0x0000000120808a00 DEOPT PACKING pc=0x00000001303e9c58 sp=0x000000016d18ea00
Event: 0.946 Thread 0x0000000120808a00 DEOPT UNPACKING pc=0x000000012fd7b91c sp=0x000000016d18e960 mode 2
Event: 1.402 Thread 0x0000000120808a00 Uncommon trap: trap_request=0xffffffde fr.pc=0x0000000130431510 relative=0x0000000000000050
Event: 1.402 Thread 0x0000000120808a00 Uncommon trap: reason=class_check action=maybe_recompile pc=0x0000000130431510 method=java.lang.StringConcatHelper.stringOf(Ljava/lang/Object;)Ljava/lang/String; @ 5 c2
Event: 1.402 Thread 0x0000000120808a00 DEOPT PACKING pc=0x0000000130431510 sp=0x000000016d18f2f0
Event: 1.402 Thread 0x0000000120808a00 DEOPT UNPACKING pc=0x000000012fd7b91c sp=0x000000016d18f280 mode 2
Event: 1.502 Thread 0x0000000120808a00 Uncommon trap: trap_request=0xffffffde fr.pc=0x0000000130431510 relative=0x0000000000000050
Event: 1.502 Thread 0x0000000120808a00 Uncommon trap: reason=class_check action=maybe_recompile pc=0x0000000130431510 method=java.lang.StringConcatHelper.stringOf(Ljava/lang/Object;)Ljava/lang/String; @ 5 c2
Event: 1.502 Thread 0x0000000120808a00 DEOPT PACKING pc=0x0000000130431510 sp=0x000000016d18f1e0
Event: 1.502 Thread 0x0000000120808a00 DEOPT UNPACKING pc=0x000000012fd7b91c sp=0x000000016d18f170 mode 2

Classes loaded (20 events):
Event: 1.449 Loading class org/apache/kafka/common/utils/AbstractIterator$State
Event: 1.449 Loading class org/apache/kafka/common/utils/AbstractIterator$State done
Event: 1.449 Loading class org/apache/kafka/common/utils/AbstractIterator$1
Event: 1.449 Loading class org/apache/kafka/common/utils/AbstractIterator$1 done
Event: 1.449 Loading class org/junit/jupiter/api/AssertArrayEquals
Event: 1.449 Loading class org/junit/jupiter/api/AssertArrayEquals done
Event: 1.450 Loading class org/junit/jupiter/api/AssertFalse
Event: 1.450 Loading class org/junit/jupiter/api/AssertFalse done
Event: 1.450 Loading class org/apache/kafka/streams/state/internals/DualColumnFamilyAccessor$RocksDBDualCFRangeIterator
Event: 1.450 Loading class org/apache/kafka/streams/state/internals/DualColumnFamilyAccessor$RocksDBDualCFRangeIterator done
Event: 1.500 Loading class org/apache/kafka/streams/state/internals/ValueTimestampHeadersDeserializer
Event: 1.500 Loading class org/apache/kafka/streams/state/internals/ValueTimestampHeadersDeserializer done
Event: 1.501 Loading class org/apache/kafka/streams/kstream/internals/WrappingNullableDeserializer
Event: 1.501 Loading class org/apache/kafka/streams/kstream/internals/WrappingNullableDeserializer done
Event: 1.501 Loading class org/apache/kafka/common/serialization/LongDeserializer
Event: 1.501 Loading class org/apache/kafka/common/serialization/LongDeserializer done
Event: 1.501 Loading class org/apache/kafka/streams/state/internals/HeadersDeserializer
Event: 1.501 Loading class org/apache/kafka/streams/state/internals/HeadersDeserializer done
Event: 1.501 Loading class org/apache/kafka/common/utils/ByteUtils
Event: 1.501 Loading class org/apache/kafka/common/utils/ByteUtils done

Classes unloaded (0 events):
No events

Classes redefined (3 events):
Event: 0.868 Thread 0x000000011760a850 redefined class name=org.apache.kafka.streams.state.internals.metrics.RocksDBMetricsRecorder, count=1
Event: 0.868 Thread 0x000000011760a850 redefined class name=java.lang.Object, count=1
Event: 0.907 Thread 0x000000011760a850 redefined class name=org.apache.kafka.streams.processor.internals.ProcessorTopology, count=1

Internal exceptions (20 events):
Event: 0.911 Thread 0x0000000120808a00 Exception <a 'java/lang/NoSuchMethodError'{0x00000005c63e3ad8}: 'java.lang.Object java.lang.invoke.DirectMethodHandle$Holder.newInvokeSpecial(java.lang.Object, java.lang.Object, java.lang.Object, java.lang.Object, java.lang.Object, java.lang.Object, java.lang.Object, java.lang.Object, java.lang.Object)'> (0x00000005c63e3ad8) 
thrown [src/hotspot/share/interpreter/linkResolver.cpp, line 759]
Event: 0.911 Thread 0x0000000120808a00 Exception <a 'java/lang/NoSuchMethodError'{0x00000005c63e9818}: 'java.lang.Object java.lang.invoke.DirectMethodHandle$Holder.invokeSpecial(java.lang.Object, java.lang.Object, java.lang.Object, java.lang.Object, java.lang.Object, java.lang.Object, java.lang.Object, java.lang.Object, java.lang.Object, java.lang.Object)'> (0x00000005c63e9818) 
thrown [src/hotspot/share/interpreter/linkResolver.cpp, line 759]
Event: 0.911 Thread 0x0000000120808a00 Exception <a 'java/lang/NoSuchMethodError'{0x00000005c63ee390}: 'java.lang.Object java.lang.invoke.Invokers$Holder.invoker(java.lang.Object, java.lang.Object, java.lang.Object, java.lang.Object, java.lang.Object, java.lang.Object, java.lang.Object, java.lang.Object, java.lang.Object, java.lang.Object)'> (0x00000005c63ee390) 
thrown [src/hotspot/share/interpreter/linkResolver.cpp, line 759]
Event: 0.911 Thread 0x0000000120808a00 Exception <a 'java/lang/NoSuchMethodError'{0x00000005c63f41c0}: 'java.lang.Object java.lang.invoke.DirectMethodHandle$Holder.invokeSpecial(java.lang.Object, java.lang.Object, java.lang.Object, java.lang.Object, java.lang.Object, java.lang.Object, java.lang.Object, java.lang.Object, java.lang.Object, java.lang.Object, java.lang.Object)'> (0x00000005c63f41c0) 
thrown [src/hotspot/share/interpreter/linkResolver.cpp, line 759]
Event: 0.914 Thread 0x0000000120808a00 Exception <a 'java/lang/IncompatibleClassChangeError'{0x00000005c6477808}: Found class java.lang.Object, but interface was expected> (0x00000005c6477808) 
thrown [src/hotspot/share/interpreter/linkResolver.cpp, line 826]
Event: 0.932 Thread 0x0000000120808a00 Exception <a 'java/lang/NoSuchMethodError'{0x00000005c6753148}: 'void java.lang.invoke.DirectMethodHandle$Holder.invokeStatic(java.lang.Object, int, java.lang.Object)'> (0x00000005c6753148) 
thrown [src/hotspot/share/interpreter/linkResolver.cpp, line 759]
Event: 0.932 Thread 0x0000000120808a00 Exception <a 'java/lang/NoSuchMethodError'{0x00000005c6756f18}: 'void java.lang.invoke.DirectMethodHandle$Holder.invokeStaticInit(java.lang.Object, int, java.lang.Object)'> (0x00000005c6756f18) 
thrown [src/hotspot/share/interpreter/linkResolver.cpp, line 759]
Event: 0.954 Thread 0x0000000120808a00 Exception <a 'java/lang/NoSuchMethodError'{0x00000005c5bd7188}: 'java.lang.Object java.lang.invoke.DirectMethodHandle$Holder.invokeVirtual(java.lang.Object, java.lang.Object, java.lang.Object, java.lang.Object)'> (0x00000005c5bd7188) 
thrown [src/hotspot/share/interpreter/linkResolver.cpp, line 759]
Event: 0.958 Thread 0x0000000120808a00 Exception <a 'java/lang/NoSuchMethodError'{0x00000005c5c57290}: 'java.lang.Object java.lang.invoke.DirectMethodHandle$Holder.invokeSpecial(java.lang.Object, java.lang.Object, java.lang.Object, java.lang.Object, long)'> (0x00000005c5c57290) 
thrown [src/hotspot/share/interpreter/linkResolver.cpp, line 759]
Event: 1.306 Thread 0x0000000120808a00 Exception <a 'java/lang/NoSuchMethodError'{0x00000005c5d73ce0}: 'java.lang.Object java.lang.invoke.DirectMethodHandle$Holder.invokeStaticInit(java.lang.Object, java.lang.Object, java.lang.Object, java.lang.Object, java.lang.Object)'> (0x00000005c5d73ce0) 
thrown [src/hotspot/share/interpreter/linkResolver.cpp, line 759]
Event: 1.307 Thread 0x0000000120808a00 Exception <a 'sun/nio/fs/UnixException'{0x00000005c5da07f8}> (0x00000005c5da07f8) 
thrown [src/hotspot/share/prims/jni.cpp, line 516]
Event: 1.382 Thread 0x0000000120808a00 Exception <a 'sun/nio/fs/UnixException'{0x00000005c5ee5208}> (0x00000005c5ee5208) 
thrown [src/hotspot/share/prims/jni.cpp, line 516]
Event: 1.383 Thread 0x0000000120808a00 Exception <a 'java/lang/NoSuchMethodError'{0x00000005c5ef7230}: 'java.lang.Object java.lang.invoke.DirectMethodHandle$Holder.invokeStatic(java.lang.Object, long, java.lang.Object, java.lang.Object)'> (0x00000005c5ef7230) 
thrown [src/hotspot/share/interpreter/linkResolver.cpp, line 759]
Event: 1.383 Thread 0x0000000120808a00 Exception <a 'java/lang/NoSuchMethodError'{0x00000005c5efe240}: 'java.lang.Object java.lang.invoke.DirectMethodHandle$Holder.newInvokeSpecial(java.lang.Object, long)'> (0x00000005c5efe240) 
thrown [src/hotspot/share/interpreter/linkResolver.cpp, line 759]
Event: 1.402 Thread 0x0000000120808a00 Exception <a 'sun/nio/fs/UnixException'{0x00000005c5f1a920}> (0x00000005c5f1a920) 
thrown [src/hotspot/share/prims/jni.cpp, line 516]
Event: 1.402 Thread 0x0000000120808a00 Exception <a 'sun/nio/fs/UnixException'{0x00000005c5f1b350}> (0x00000005c5f1b350) 
thrown [src/hotspot/share/prims/jni.cpp, line 516]
Event: 1.446 Thread 0x0000000120808a00 Exception <a 'sun/nio/fs/UnixException'{0x00000005c5f4cf30}> (0x00000005c5f4cf30) 
thrown [src/hotspot/share/prims/jni.cpp, line 516]
Event: 1.502 Thread 0x0000000120808a00 Exception <a 'sun/nio/fs/UnixException'{0x00000005c50204f0}> (0x00000005c50204f0) 
thrown [src/hotspot/share/prims/jni.cpp, line 516]
Event: 1.502 Thread 0x0000000120808a00 Exception <a 'sun/nio/fs/UnixException'{0x00000005c5020ef0}> (0x00000005c5020ef0) 
thrown [src/hotspot/share/prims/jni.cpp, line 516]
Event: 1.529 Thread 0x0000000120808a00 Exception <a 'sun/nio/fs/UnixException'{0x00000005c50232a0}> (0x00000005c50232a0) 
thrown [src/hotspot/share/prims/jni.cpp, line 516]

VM Operations (20 events):
Event: 0.843 Executing VM operation: G1PauseCleanup
Event: 0.843 Executing VM operation: G1PauseCleanup done
Event: 0.865 Executing VM operation: ICBufferFull
Event: 0.865 Executing VM operation: ICBufferFull done
Event: 0.867 Executing VM operation: RedefineClasses
Event: 0.871 Executing VM operation: RedefineClasses done
Event: 0.871 Executing VM operation: HandshakeAllThreads
Event: 0.871 Executing VM operation: HandshakeAllThreads done
Event: 0.872 Executing VM operation: get/set locals
Event: 0.872 Executing VM operation: get/set locals done
Event: 0.879 Executing VM operation: ICBufferFull
Event: 0.879 Executing VM operation: ICBufferFull done
Event: 0.903 Executing VM operation: ICBufferFull
Event: 0.903 Executing VM operation: ICBufferFull done
Event: 0.906 Executing VM operation: RedefineClasses
Event: 0.910 Executing VM operation: RedefineClasses done
Event: 0.910 Executing VM operation: get/set locals
Event: 0.910 Executing VM operation: get/set locals done
Event: 1.309 Executing VM operation: ICBufferFull
Event: 1.309 Executing VM operation: ICBufferFull done

Memory protections (20 events):
Event: 0.015 Protecting memory [0x000000016e938000,0x000000016e944000] with protection modes 0
Event: 0.015 Protecting memory [0x000000016eb44000,0x000000016eb50000] with protection modes 0
Event: 0.015 Protecting memory [0x000000016ed50000,0x000000016ed5c000] with protection modes 0
Event: 0.022 Protecting memory [0x000000016ef5c000,0x000000016ef68000] with protection modes 0
Event: 0.032 Protecting memory [0x000000016f168000,0x000000016f174000] with protection modes 0
Event: 0.032 Protecting memory [0x000000016f374000,0x000000016f380000] with protection modes 0
Event: 0.032 Protecting memory [0x000000016f580000,0x000000016f58c000] with protection modes 0
Event: 0.040 Protecting memory [0x000000016f78c000,0x000000016f798000] with protection modes 0
Event: 0.056 Protecting memory [0x000000016fba4000,0x000000016fbb0000] with protection modes 0
Event: 0.412 Protecting memory [0x0000000301064000,0x0000000301070000] with protection modes 0
Event: 0.466 Protecting memory [0x000000016ffbc000,0x000000016ffc8000] with protection modes 0
Event: 0.513 Protecting memory [0x0000000301270000,0x000000030127c000] with protection modes 0
Event: 0.618 Protecting memory [0x0000000301064000,0x0000000301070000] with protection modes 3
Event: 0.622 Protecting memory [0x000000016fba4000,0x000000016fbb0000] with protection modes 3
Event: 0.718 Protecting memory [0x000000016fba4000,0x000000016fbb0000] with protection modes 0
Event: 0.877 Protecting memory [0x0000000301688000,0x0000000301694000] with protection modes 0
Event: 1.240 Protecting memory [0x0000000301688000,0x0000000301694000] with protection modes 3
Event: 1.240 Protecting memory [0x000000016fba4000,0x000000016fbb0000] with protection modes 3
Event: 1.304 Protecting memory [0x00000001030cc000,0x00000001030d0000] with protection modes 1
Event: 1.310 Protecting memory [0x0000000301da4000,0x0000000301db0000] with protection modes 0

Nmethod flushes (0 events):
No events

Events (20 events):
Event: 0.015 Thread 0x0000000120808a00 Thread added: 0x0000000120813000
Event: 0.015 Thread 0x0000000120808a00 Thread added: 0x0000000120813600
Event: 0.015 Thread 0x0000000120808a00 Thread added: 0x0000000120813c00
Event: 0.015 Thread 0x0000000120808a00 Thread added: 0x0000000120814200
Event: 0.022 Thread 0x0000000120808a00 Thread added: 0x0000000120019c00
Event: 0.032 Thread 0x0000000120808a00 Thread added: 0x000000012084c200
Event: 0.032 Thread 0x0000000120808a00 Thread added: 0x0000000120024400
Event: 0.032 Thread 0x000000012084c200 Thread added: 0x0000000120024a00
Event: 0.040 Thread 0x0000000120808a00 Thread added: 0x00000001038c9c00
Event: 0.056 Thread 0x0000000120813c00 Thread added: 0x000000012802a000
Event: 0.412 Thread 0x0000000120813c00 Thread added: 0x0000000103aa9200
Event: 0.466 Thread 0x0000000120808a00 Thread added: 0x000000012091d200
Event: 0.513 Thread 0x0000000120811600 Thread added: 0x0000000127821800
Event: 0.619 Thread 0x0000000103aa9200 Thread exited: 0x0000000103aa9200
Event: 0.622 Thread 0x000000012802a000 Thread exited: 0x000000012802a000
Event: 0.718 Thread 0x0000000120813c00 Thread added: 0x0000000124808200
Event: 0.877 Thread 0x0000000120813c00 Thread added: 0x0000000103dd6600
Event: 1.240 Thread 0x0000000103dd6600 Thread exited: 0x0000000103dd6600
Event: 1.240 Thread 0x0000000124808200 Thread exited: 0x0000000124808200
Event: 1.310 Thread 0x0000000120813c00 Thread added: 0x00000001209ae400


Dynamic libraries:
0x0000000102f3c000 	/Users/aliehsaeedi/Library/Java/JavaVirtualMachines/corretto-17.0.13/Contents/Home/lib/libjli.dylib
0x00000001ba215000 	/System/Library/Frameworks/Cocoa.framework/Versions/A/Cocoa
0x00000001a19c7000 	/System/Library/Frameworks/AppKit.framework/Versions/C/AppKit
0x00000001a4cb7000 	/System/Library/Frameworks/CoreData.framework/Versions/A/CoreData
0x000000019f057000 	/System/Library/Frameworks/Foundation.framework/Versions/C/Foundation
0x00000001abc55000 	/usr/lib/libSystem.B.dylib
0x00000001a2e58000 	/System/Library/PrivateFrameworks/UIFoundation.framework/Versions/A/UIFoundation
0x000000024ba0e000 	/System/Library/PrivateFrameworks/CollectionViewCore.framework/Versions/A/CollectionViewCore
0x00000001a97da000 	/System/Library/PrivateFrameworks/XCTTargetBootstrap.framework/Versions/A/XCTTargetBootstrap
0x00000001ae44f000 	/System/Library/PrivateFrameworks/InternationalSupport.framework/Versions/A/InternationalSupport
0x00000001ae7a6000 	/System/Library/PrivateFrameworks/UserActivity.framework/Versions/A/UserActivity
0x000000027a396000 	/System/Library/PrivateFrameworks/UIIntelligenceSupport.framework/Versions/A/UIIntelligenceSupport
0x0000000204519000 	/System/Library/Frameworks/SwiftUICore.framework/Versions/A/SwiftUICore
0x000000027f41c000 	/System/Library/PrivateFrameworks/WritingTools.framework/Versions/A/WritingTools
0x000000027e460000 	/System/Library/PrivateFrameworks/WindowManagement.framework/Versions/A/WindowManagement
0x000000019ecba000 	/System/Library/Frameworks/SystemConfiguration.framework/Versions/A/SystemConfiguration
0x00000001ad884000 	/usr/lib/libspindump.dylib
0x00000001a300a000 	/System/Library/Frameworks/UniformTypeIdentifiers.framework/Versions/A/UniformTypeIdentifiers
0x00000001ab041000 	/usr/lib/libbsm.0.dylib
0x00000001a725b000 	/usr/lib/libapp_launch_measurement.dylib
0x00000001a6603000 	/System/Library/PrivateFrameworks/CoreAnalytics.framework/Versions/A/CoreAnalytics
0x00000001a725f000 	/System/Library/PrivateFrameworks/CoreAutoLayout.framework/Versions/A/CoreAutoLayout
0x00000001a8df4000 	/System/Library/Frameworks/Metal.framework/Versions/A/Metal
0x00000001aa01d000 	/usr/lib/liblangid.dylib
0x00000001a97e0000 	/System/Library/PrivateFrameworks/CoreSVG.framework/Versions/A/CoreSVG
0x00000001a3a2f000 	/System/Library/PrivateFrameworks/SkyLight.framework/Versions/A/SkyLight
0x00000001a3f56000 	/System/Library/Frameworks/CoreGraphics.framework/Versions/A/CoreGraphics
0x00000001b3926000 	/System/Library/Frameworks/Accelerate.framework/Versions/A/Accelerate
0x00000001ad6c7000 	/System/Library/PrivateFrameworks/IconServices.framework/Versions/A/IconServices
0x00000001a8dd1000 	/System/Library/Frameworks/IOSurface.framework/Versions/A/IOSurface
0x00000001a6634000 	/usr/lib/libDiagnosticMessagesClient.dylib
0x00000001abb9f000 	/usr/lib/libz.1.dylib
0x00000001b783b000 	/System/Library/Frameworks/ApplicationServices.framework/Versions/A/ApplicationServices
0x00000001a97c5000 	/System/Library/PrivateFrameworks/DFRFoundation.framework/Versions/A/DFRFoundation
0x00000001a122c000 	/usr/lib/libicucore.A.dylib
0x00000001af82f000 	/System/Library/Frameworks/AudioToolbox.framework/Versions/A/AudioToolbox
0x00000001ae757000 	/System/Library/PrivateFrameworks/DataDetectorsCore.framework/Versions/A/DataDetectorsCore
0x00000001ca2c5000 	/System/Library/PrivateFrameworks/TextInput.framework/Versions/A/TextInput
0x00000001a397a000 	/usr/lib/libMobileGestalt.dylib
0x00000001a94be000 	/System/Library/Frameworks/Carbon.framework/Versions/A/Frameworks/HIToolbox.framework/Versions/A/HIToolbox
0x00000001a6b3c000 	/System/Library/Frameworks/QuartzCore.framework/Versions/A/QuartzCore
0x00000001a0e27000 	/System/Library/Frameworks/Security.framework/Versions/A/Security
0x00000001b3283000 	/System/Library/Frameworks/Carbon.framework/Versions/A/Frameworks/SpeechRecognition.framework/Versions/A/SpeechRecognition
0x00000001a6f62000 	/System/Library/PrivateFrameworks/CoreUI.framework/Versions/A/CoreUI
0x00000001a06f4000 	/System/Library/Frameworks/CoreAudio.framework/Versions/A/CoreAudio
0x00000001a6722000 	/System/Library/Frameworks/DiskArbitration.framework/Versions/A/DiskArbitration
0x00000001adced000 	/System/Library/PrivateFrameworks/MultitouchSupport.framework/Versions/A/MultitouchSupport
0x00000001a3978000 	/usr/lib/libenergytrace.dylib
0x00000001be869000 	/System/Library/PrivateFrameworks/RenderBox.framework/Versions/A/RenderBox
0x00000001a1877000 	/System/Library/Frameworks/IOKit.framework/Versions/A/IOKit
0x00000001b367a000 	/System/Library/Frameworks/CoreServices.framework/Versions/A/CoreServices
0x00000001a71ec000 	/System/Library/PrivateFrameworks/PerformanceAnalysis.framework/Versions/A/PerformanceAnalysis
0x00000001fdeda000 	/System/Library/Frameworks/OpenGL.framework/Versions/A/OpenGL
0x00000001a72a9000 	/usr/lib/libxml2.2.dylib
0x00000001aaf25000 	/System/Library/PrivateFrameworks/MobileKeyBag.framework/Versions/A/MobileKeyBag
0x000000019d5fc000 	/usr/lib/libobjc.A.dylib
0x000000019d90a000 	/usr/lib/libc++.1.dylib
0x00000001b35fb000 	/System/Library/Frameworks/Accessibility.framework/Versions/A/Accessibility
0x00000001a4687000 	/System/Library/Frameworks/ColorSync.framework/Versions/A/ColorSync
0x000000019da66000 	/System/Library/Frameworks/CoreFoundation.framework/Versions/A/CoreFoundation
0x00000001a9b9f000 	/System/Library/Frameworks/CoreImage.framework/Versions/A/CoreImage
0x00000001a04d5000 	/System/Library/Frameworks/CoreText.framework/Versions/A/CoreText
0x00000001ff426000 	/System/Library/Frameworks/CoreTransferable.framework/Versions/A/CoreTransferable
0x00000001ff9ab000 	/System/Library/Frameworks/DataDetection.framework/Versions/A/DataDetection
0x00000001ff9ae000 	/System/Library/Frameworks/DeveloperToolsSupport.framework/Versions/A/DeveloperToolsSupport
0x00000001a981b000 	/System/Library/Frameworks/ImageIO.framework/Versions/A/ImageIO
0x00000002050dc000 	/System/Library/Frameworks/Symbols.framework/Versions/A/Symbols
0x00000001f1686000 	/System/Library/PrivateFrameworks/FeatureFlags.framework/Versions/A/FeatureFlags
0x00000001abc5a000 	/System/Library/PrivateFrameworks/SoftLinking.framework/Versions/A/SoftLinking
0x00000001dcf3f000 	/usr/lib/swift/libswiftAccelerate.dylib
0x00000001af1c4000 	/usr/lib/swift/libswiftCore.dylib
0x00000001c6968000 	/usr/lib/swift/libswiftCoreFoundation.dylib
0x00000001c69c2000 	/usr/lib/swift/libswiftCoreImage.dylib
0x00000001c3cd1000 	/usr/lib/swift/libswiftDarwin.dylib
0x0000000286039000 	/usr/lib/swift/libswiftDataDetection.dylib
0x00000001b5173000 	/usr/lib/swift/libswiftDispatch.dylib
0x00000001c69c3000 	/usr/lib/swift/libswiftIOKit.dylib
0x00000001d3533000 	/usr/lib/swift/libswiftMetal.dylib
0x00000001e24d8000 	/usr/lib/swift/libswiftOSLog.dylib
0x00000001b7df5000 	/usr/lib/swift/libswiftObjectiveC.dylib
0x0000000286066000 	/usr/lib/swift/libswiftObservation.dylib
0x00000001d88d5000 	/usr/lib/swift/libswiftQuartzCore.dylib
0x00000001dcf30000 	/usr/lib/swift/libswiftUniformTypeIdentifiers.dylib
0x00000001c697a000 	/usr/lib/swift/libswiftXPC.dylib
0x000000028614c000 	/usr/lib/swift/libswift_Builtin_float.dylib
0x000000028614f000 	/usr/lib/swift/libswift_Concurrency.dylib
0x00000002862ae000 	/usr/lib/swift/libswift_StringProcessing.dylib
0x0000000286341000 	/usr/lib/swift/libswift_errno.dylib
0x0000000286343000 	/usr/lib/swift/libswift_math.dylib
0x0000000286346000 	/usr/lib/swift/libswift_signal.dylib
0x0000000286347000 	/usr/lib/swift/libswift_stdio.dylib
0x0000000286348000 	/usr/lib/swift/libswift_time.dylib
0x00000001b7df9000 	/usr/lib/swift/libswiftos.dylib
0x00000001ca21c000 	/usr/lib/swift/libswiftsimd.dylib
0x0000000286349000 	/usr/lib/swift/libswiftsys_time.dylib
0x000000028634a000 	/usr/lib/swift/libswiftunistd.dylib
0x00000001abe83000 	/usr/lib/libcompression.dylib
0x00000001ae3af000 	/System/Library/PrivateFrameworks/TextureIO.framework/Versions/A/TextureIO
0x00000001ad366000 	/usr/lib/libate.dylib
0x00000001abc4f000 	/usr/lib/system/libcache.dylib
0x00000001abc0a000 	/usr/lib/system/libcommonCrypto.dylib
0x00000001abc35000 	/usr/lib/system/libcompiler_rt.dylib
0x00000001abc2a000 	/usr/lib/system/libcopyfile.dylib
0x000000019d757000 	/usr/lib/system/libcorecrypto.dylib
0x000000019d83e000 	/usr/lib/system/libdispatch.dylib
0x000000019d9fe000 	/usr/lib/system/libdyld.dylib
0x00000001abc45000 	/usr/lib/system/libkeymgr.dylib
0x00000001abbed000 	/usr/lib/system/libmacho.dylib
0x00000001ab01a000 	/usr/lib/system/libquarantine.dylib
0x00000001abc42000 	/usr/lib/system/libremovefile.dylib
0x00000001a39f4000 	/usr/lib/system/libsystem_asl.dylib
0x000000019d6ec000 	/usr/lib/system/libsystem_blocks.dylib
0x000000019d888000 	/usr/lib/system/libsystem_c.dylib
0x00000001abc39000 	/usr/lib/system/libsystem_collections.dylib
0x00000001aa00a000 	/usr/lib/system/libsystem_configuration.dylib
0x00000001a8da0000 	/usr/lib/system/libsystem_containermanager.dylib
0x00000001ab730000 	/usr/lib/system/libsystem_coreservices.dylib
0x00000001a14f8000 	/usr/lib/system/libsystem_darwin.dylib
0x0000000286481000 	/usr/lib/system/libsystem_darwindirectory.dylib
0x00000001abc46000 	/usr/lib/system/libsystem_dnssd.dylib
0x0000000286485000 	/usr/lib/system/libsystem_eligibility.dylib
0x000000019d885000 	/usr/lib/system/libsystem_featureflags.dylib
0x000000019da36000 	/usr/lib/system/libsystem_info.dylib
0x00000001abbae000 	/usr/lib/system/libsystem_m.dylib
0x000000019d7f6000 	/usr/lib/system/libsystem_malloc.dylib
0x00000001a395d000 	/usr/lib/system/libsystem_networkextension.dylib
0x00000001a195a000 	/usr/lib/system/libsystem_notify.dylib
0x00000001aa00f000 	/usr/lib/system/libsystem_sandbox.dylib
0x000000028648d000 	/usr/lib/system/libsystem_sanitizers.dylib
0x00000001abc3e000 	/usr/lib/system/libsystem_secinit.dylib
0x000000019d9b5000 	/usr/lib/system/libsystem_kernel.dylib
0x000000019da2e000 	/usr/lib/system/libsystem_platform.dylib
0x000000019d9f1000 	/usr/lib/system/libsystem_pthread.dylib
0x00000001a5551000 	/usr/lib/system/libsystem_symptoms.dylib
0x000000019d73b000 	/usr/lib/system/libsystem_trace.dylib
0x00000001abc18000 	/usr/lib/system/libunwind.dylib
0x000000019d6f0000 	/usr/lib/system/libxpc.dylib
0x000000019d997000 	/usr/lib/libc++abi.dylib
0x0000000285056000 	/usr/lib/libRosetta.dylib
0x00000001a17f6000 	/System/Library/PrivateFrameworks/CoreServicesInternal.framework/Versions/A/CoreServicesInternal
0x00000001abc22000 	/usr/lib/liboah.dylib
0x00000001abc57000 	/usr/lib/libfakelink.dylib
0x00000001b72ee000 	/System/Library/PrivateFrameworks/DiskImages.framework/Versions/A/DiskImages
0x00000001c37fa000 	/System/Library/Frameworks/NetFS.framework/Versions/A/NetFS
0x00000001a3593000 	/System/Library/Frameworks/CFNetwork.framework/Versions/A/CFNetwork
0x00000001a7223000 	/System/Library/Frameworks/CoreServices.framework/Versions/A/Frameworks/FSEvents.framework/Versions/A/FSEvents
0x00000001a1503000 	/System/Library/Frameworks/CoreServices.framework/Versions/A/Frameworks/CarbonCore.framework/Versions/A/CarbonCore
0x00000001a6697000 	/System/Library/Frameworks/CoreServices.framework/Versions/A/Frameworks/Metadata.framework/Versions/A/Metadata
0x00000001ab737000 	/System/Library/Frameworks/CoreServices.framework/Versions/A/Frameworks/OSServices.framework/Versions/A/OSServices
0x00000001abda4000 	/System/Library/Frameworks/CoreServices.framework/Versions/A/Frameworks/SearchKit.framework/Versions/A/SearchKit
0x00000001a54cc000 	/System/Library/Frameworks/CoreServices.framework/Versions/A/Frameworks/AE.framework/Versions/A/AE
0x000000019dfa5000 	/System/Library/Frameworks/CoreServices.framework/Versions/A/Frameworks/LaunchServices.framework/Versions/A/LaunchServices
0x00000001ad1bb000 	/System/Library/Frameworks/CoreServices.framework/Versions/A/Frameworks/DictionaryServices.framework/Versions/A/DictionaryServices
0x00000001a7231000 	/System/Library/Frameworks/CoreServices.framework/Versions/A/Frameworks/SharedFileList.framework/Versions/A/SharedFileList
0x00000001abe3a000 	/usr/lib/libapple_nghttp2.dylib
0x00000001a512d000 	/usr/lib/libsqlite3.dylib
0x00000001afe72000 	/System/Library/Frameworks/GSS.framework/Versions/A/GSS
0x00000001a5463000 	/System/Library/PrivateFrameworks/RunningBoardServices.framework/Versions/A/RunningBoardServices
0x00000001a555a000 	/System/Library/Frameworks/Network.framework/Versions/A/Network
0x00000001abbf1000 	/usr/lib/system/libkxld.dylib
0x0000000247899000 	/System/Library/PrivateFrameworks/AppleKeyStore.framework/Versions/A/AppleKeyStore
0x0000000284eae000 	/usr/lib/libCoreEntitlements.dylib
0x0000000262887000 	/System/Library/PrivateFrameworks/MessageSecurity.framework/Versions/A/MessageSecurity
0x00000001a5112000 	/System/Library/PrivateFrameworks/ProtocolBuffer.framework/Versions/A/ProtocolBuffer
0x00000001ab717000 	/System/Library/PrivateFrameworks/AppleFSCompression.framework/Versions/A/AppleFSCompression
0x00000001ab029000 	/usr/lib/libcoretls.dylib
0x00000001ad231000 	/usr/lib/libcoretls_cfhelpers.dylib
0x00000001abe7d000 	/usr/lib/libpam.2.dylib
0x00000001ad2a5000 	/usr/lib/libxar.1.dylib
0x00000001abcac000 	/usr/lib/libarchive.2.dylib
0x00000001b1575000 	/System/Library/Frameworks/Combine.framework/Versions/A/Combine
0x000000024ba32000 	/System/Library/PrivateFrameworks/CollectionsInternal.framework/Versions/A/CollectionsInternal
0x000000026b8e2000 	/System/Library/PrivateFrameworks/ReflectionInternal.framework/Versions/A/ReflectionInternal
0x000000026c5b9000 	/System/Library/PrivateFrameworks/RuntimeInternal.framework/Versions/A/RuntimeInternal
0x00000002860dd000 	/usr/lib/swift/libswiftSystem.dylib
0x00000001aa018000 	/System/Library/PrivateFrameworks/AppleSystemInfo.framework/Versions/A/AppleSystemInfo
0x00000001c6853000 	/System/Library/PrivateFrameworks/LoggingSupport.framework/Versions/A/LoggingSupport
0x00000001b4634000 	/System/Library/PrivateFrameworks/PowerLog.framework/Versions/A/PowerLog
0x00000002043de000 	/System/Library/Frameworks/SwiftData.framework/Versions/A/SwiftData
0x00000001a7434000 	/System/Library/PrivateFrameworks/UserManagement.framework/Versions/A/UserManagement
0x00000001a34c1000 	/usr/lib/libboringssl.dylib
0x00000001a5540000 	/usr/lib/libdns_services.dylib
0x00000001c5a02000 	/usr/lib/libquic.dylib
0x00000001af153000 	/usr/lib/libusrtcp.dylib
0x00000001ea34d000 	/System/Library/PrivateFrameworks/InternalSwiftProtobuf.framework/Versions/A/InternalSwiftProtobuf
0x000000028603a000 	/usr/lib/swift/libswiftDistributed.dylib
0x00000002860d3000 	/usr/lib/swift/libswiftSynchronization.dylib
0x00000001a3592000 	/usr/lib/libnetwork.dylib
0x00000001d7509000 	/System/Library/PrivateFrameworks/OSAnalytics.framework/Versions/A/OSAnalytics
0x00000001abe15000 	/System/Library/PrivateFrameworks/AppleSauce.framework/Versions/A/AppleSauce
0x00000001b5909000 	/System/Library/PrivateFrameworks/CoreSymbolication.framework/Versions/A/CoreSymbolication
0x00000001e6016000 	/System/Library/PrivateFrameworks/Symbolication.framework/Versions/A/Symbolication
0x00000001b58e5000 	/System/Library/PrivateFrameworks/DebugSymbols.framework/Versions/A/DebugSymbols
0x0000000284d79000 	/usr/lib/libAppleArchive.dylib
0x00000001ab723000 	/usr/lib/libbz2.1.0.dylib
0x00000001ad212000 	/usr/lib/liblzma.5.dylib
0x00000001aad15000 	/System/Library/PrivateFrameworks/IOMobileFramebuffer.framework/Versions/A/IOMobileFramebuffer
0x00000001c68dc000 	/System/Library/PrivateFrameworks/MallocStackLogging.framework/Versions/A/MallocStackLogging
0x00000001ad400000 	/System/Library/PrivateFrameworks/CrashReporterSupport.framework/Versions/A/CrashReporterSupport
0x000000019eab1000 	/System/Library/PrivateFrameworks/Lexicon.framework/Versions/A/Lexicon
0x000000025abc6000 	/System/Library/PrivateFrameworks/IO80211.framework/Versions/A/IO80211
0x00000001b540b000 	/System/Library/PrivateFrameworks/FrontBoardServices.framework/Versions/A/FrontBoardServices
0x00000001aaf51000 	/System/Library/Frameworks/SecurityFoundation.framework/Versions/A/SecurityFoundation
0x00000001ab0b3000 	/usr/lib/libgermantok.dylib
0x00000001aa13c000 	/System/Library/PrivateFrameworks/LinguisticData.framework/Versions/A/LinguisticData
0x00000001a537e000 	/System/Library/PrivateFrameworks/BaseBoard.framework/Versions/A/BaseBoard
0x00000001b54d8000 	/System/Library/PrivateFrameworks/BoardServices.framework/Versions/A/BoardServices
0x00000001aaf42000 	/System/Library/PrivateFrameworks/AssertionServices.framework/Versions/A/AssertionServices
0x00000001b7128000 	/System/Library/PrivateFrameworks/BackBoardServices.framework/Versions/A/BackBoardServices
0x00000001a91eb000 	/System/Library/PrivateFrameworks/FontServices.framework/libFontParser.dylib
0x00000001a3a0c000 	/System/Library/PrivateFrameworks/TCC.framework/Versions/A/TCC
0x00000001bab23000 	/System/Library/PrivateFrameworks/IOSurfaceAccelerator.framework/Versions/A/IOSurfaceAccelerator
0x00000001adceb000 	/System/Library/PrivateFrameworks/WatchdogClient.framework/Versions/A/WatchdogClient
0x000000019fffc000 	/System/Library/Frameworks/CoreDisplay.framework/Versions/A/CoreDisplay
0x00000001a908f000 	/System/Library/Frameworks/CoreMedia.framework/Versions/A/CoreMedia
0x00000001a8dea000 	/System/Library/PrivateFrameworks/IOAccelerator.framework/Versions/A/IOAccelerator
0x00000001a7393000 	/System/Library/Frameworks/CoreVideo.framework/Versions/A/CoreVideo
0x00000001abe7b000 	/System/Library/Frameworks/MetalPerformanceShaders.framework/Versions/A/MetalPerformanceShaders
0x000000026ac20000 	/System/Library/PrivateFrameworks/ProDisplayLibrary.framework/Versions/A/ProDisplayLibrary
0x00000001add33000 	/System/Library/Frameworks/VideoToolbox.framework/Versions/A/VideoToolbox
0x00000001aa016000 	/System/Library/PrivateFrameworks/AggregateDictionary.framework/Versions/A/AggregateDictionary
0x00000001ad233000 	/System/Library/PrivateFrameworks/APFS.framework/Versions/A/APFS
0x00000001ad2b4000 	/usr/lib/libutil.dylib
0x0000000275b45000 	/System/Library/PrivateFrameworks/SwiftASN1Internal.framework/Versions/A/SwiftASN1Internal
0x00000001a672c000 	/System/Library/Frameworks/Accelerate.framework/Versions/A/Frameworks/vImage.framework/Versions/A/vImage
0x00000001b3655000 	/System/Library/Frameworks/Accelerate.framework/Versions/A/Frameworks/vecLib.framework/Versions/A/vecLib
0x00000001ad2ec000 	/System/Library/Frameworks/Accelerate.framework/Versions/A/Frameworks/vecLib.framework/Versions/A/libvMisc.dylib
0x000000019e41d000 	/System/Library/Frameworks/Accelerate.framework/Versions/A/Frameworks/vecLib.framework/Versions/A/libBLAS.dylib
0x00000001afa7f000 	/System/Library/Frameworks/ApplicationServices.framework/Versions/A/Frameworks/ATS.framework/Versions/A/ATS
0x00000001a483d000 	/System/Library/Frameworks/ApplicationServices.framework/Versions/A/Frameworks/HIServices.framework/Versions/A/HIServices
0x00000001ae338000 	/System/Library/Frameworks/ApplicationServices.framework/Versions/A/Frameworks/PrintCore.framework/Versions/A/PrintCore
0x00000001afe3c000 	/System/Library/Frameworks/ApplicationServices.framework/Versions/A/Frameworks/QD.framework/Versions/A/QD
0x00000001afe33000 	/System/Library/Frameworks/ApplicationServices.framework/Versions/A/Frameworks/ColorSyncLegacy.framework/Versions/A/ColorSyncLegacy
0x00000001afa51000 	/System/Library/Frameworks/ApplicationServices.framework/Versions/A/Frameworks/SpeechSynthesis.framework/Versions/A/SpeechSynthesis
0x00000001aace2000 	/System/Library/PrivateFrameworks/CoreEmoji.framework/Versions/A/CoreEmoji
0x0000000251c8b000 	/System/Library/PrivateFrameworks/FontServices.framework/Versions/A/FontServices
0x00000001ad839000 	/System/Library/PrivateFrameworks/OTSVG.framework/Versions/A/OTSVG
0x00000001a6f10000 	/System/Library/Frameworks/ApplicationServices.framework/Versions/A/Frameworks/ATS.framework/Versions/A/Resources/libFontRegistry.dylib
0x000000028543b000 	/usr/lib/libhvf.dylib
0x0000000266b24000 	/System/Library/PrivateFrameworks/ParsingInternal.framework/Versions/A/ParsingInternal
0x0000000286083000 	/usr/lib/swift/libswiftRegexBuilder.dylib
0x000000028620b000 	/usr/lib/swift/libswift_RegexParser.dylib
0x00000001adbb4000 	/System/Library/PrivateFrameworks/AppleJPEG.framework/Versions/A/AppleJPEG
0x00000001ad655000 	/usr/lib/libexpat.1.dylib
0x00000001ae20e000 	/System/Library/Frameworks/ImageIO.framework/Versions/A/Resources/libPng.dylib
0x00000001ae239000 	/System/Library/Frameworks/ImageIO.framework/Versions/A/Resources/libTIFF.dylib
0x00000001ae323000 	/System/Library/Frameworks/ImageIO.framework/Versions/A/Resources/libGIF.dylib
0x00000001adbfa000 	/System/Library/Frameworks/ImageIO.framework/Versions/A/Resources/libJP2.dylib
0x00000001ae2ca000 	/System/Library/Frameworks/ImageIO.framework/Versions/A/Resources/libJPEG.dylib
0x00000001ae2c1000 	/System/Library/Frameworks/ImageIO.framework/Versions/A/Resources/libRadiance.dylib
0x000000025695a000 	/System/Library/PrivateFrameworks/GPUCompiler.framework/Versions/32023/Libraries/libllvm-flatbuffers.dylib
0x0000000251d56000 	/System/Library/PrivateFrameworks/FramePacing.framework/Versions/A/FramePacing
0x00000001fdecc000 	/System/Library/Frameworks/OpenGL.framework/Versions/A/Libraries/libCoreFSCache.dylib
0x00000002528cb000 	/System/Library/PrivateFrameworks/GPUCompiler.framework/Versions/32023/Libraries/libGPUCompilerUtils.dylib
0x0000000251c8c000 	/System/Library/PrivateFrameworks/FontServices.framework/libXTFontStaticRegistryData.dylib
0x00000001b8f38000 	/System/Library/PrivateFrameworks/ASEProcessing.framework/Versions/A/ASEProcessing
0x0000000269d8d000 	/System/Library/PrivateFrameworks/PhotosensitivityProcessing.framework/Versions/A/PhotosensitivityProcessing
0x00000001ad82d000 	/System/Library/PrivateFrameworks/GraphVisualizer.framework/Versions/A/GraphVisualizer
0x00000001fdf2a000 	/System/Library/Frameworks/OpenGL.framework/Versions/A/Libraries/libGLU.dylib
0x00000001fdeee000 	/System/Library/Frameworks/OpenGL.framework/Versions/A/Libraries/libGFXShared.dylib
0x00000001fe0b6000 	/System/Library/Frameworks/OpenGL.framework/Versions/A/Libraries/libGL.dylib
0x00000001fdef7000 	/System/Library/Frameworks/OpenGL.framework/Versions/A/Libraries/libGLImage.dylib
0x00000001fdeeb000 	/System/Library/Frameworks/OpenGL.framework/Versions/A/Libraries/libCVMSPluginSupport.dylib
0x00000001fded4000 	/System/Library/Frameworks/OpenGL.framework/Versions/A/Libraries/libCoreVMClient.dylib
0x00000001a9f5a000 	/System/Library/Frameworks/MetalPerformanceShaders.framework/Versions/A/Frameworks/MPSCore.framework/Versions/A/MPSCore
0x00000001ab682000 	/System/Library/Frameworks/MetalPerformanceShaders.framework/Versions/A/Frameworks/MPSImage.framework/Versions/A/MPSImage
0x00000001ab0cb000 	/System/Library/Frameworks/MetalPerformanceShaders.framework/Versions/A/Frameworks/MPSNeuralNetwork.framework/Versions/A/MPSNeuralNetwork
0x00000001ab502000 	/System/Library/Frameworks/MetalPerformanceShaders.framework/Versions/A/Frameworks/MPSMatrix.framework/Versions/A/MPSMatrix
0x00000001ab317000 	/System/Library/Frameworks/MetalPerformanceShaders.framework/Versions/A/Frameworks/MPSRayIntersector.framework/Versions/A/MPSRayIntersector
0x00000001ab534000 	/System/Library/Frameworks/MetalPerformanceShaders.framework/Versions/A/Frameworks/MPSNDArray.framework/Versions/A/MPSNDArray
0x00000002017cc000 	/System/Library/Frameworks/MetalPerformanceShaders.framework/Versions/A/Frameworks/MPSFunctions.framework/Versions/A/MPSFunctions
0x00000002017ae000 	/System/Library/Frameworks/MetalPerformanceShaders.framework/Versions/A/Frameworks/MPSBenchmarkLoop.framework/Versions/A/MPSBenchmarkLoop
0x000000019e298000 	/System/Library/PrivateFrameworks/MetalTools.framework/Versions/A/MetalTools
0x00000001cb5c5000 	/System/Library/PrivateFrameworks/IOAccelMemoryInfo.framework/Versions/A/IOAccelMemoryInfo
0x00000001d8cca000 	/System/Library/PrivateFrameworks/kperf.framework/Versions/A/kperf
0x00000001c6943000 	/System/Library/PrivateFrameworks/GPURawCounter.framework/Versions/A/GPURawCounter
0x00000001ae2f5000 	/System/Library/Frameworks/ApplicationServices.framework/Versions/A/Frameworks/ATSUI.framework/Versions/A/ATSUI
0x00000001afdc7000 	/usr/lib/libcups.2.dylib
0x00000001afe61000 	/System/Library/Frameworks/Kerberos.framework/Versions/A/Kerberos
0x00000001afac7000 	/usr/lib/libresolv.9.dylib
0x00000001abc91000 	/usr/lib/libiconv.2.dylib
0x00000001ad88b000 	/System/Library/PrivateFrameworks/Heimdal.framework/Versions/A/Heimdal
0x00000001b7d4c000 	/System/Library/Frameworks/Kerberos.framework/Versions/A/Libraries/libHeimdalProxy.dylib
0x00000001ad670000 	/usr/lib/libheimdal-asn1.dylib
0x00000001a71f6000 	/System/Library/Frameworks/OpenDirectory.framework/Versions/A/OpenDirectory
0x00000001afec4000 	/System/Library/PrivateFrameworks/CommonAuth.framework/Versions/A/CommonAuth
0x00000001a7204000 	/System/Library/Frameworks/OpenDirectory.framework/Versions/A/Frameworks/CFOpenDirectory.framework/Versions/A/CFOpenDirectory
0x00000001abbec000 	/usr/lib/libcharset.1.dylib
0x00000001fe452000 	/System/Library/Frameworks/AVFAudio.framework/Versions/A/AVFAudio
0x00000001c022f000 	/System/Library/PrivateFrameworks/AXCoreUtilities.framework/Versions/A/AXCoreUtilities
0x000000025e4ff000 	/System/Library/PrivateFrameworks/IsolatedCoreAudioClient.framework/Versions/A/IsolatedCoreAudioClient
0x00000001afa38000 	/usr/lib/libAudioStatistics.dylib
0x00000001a9067000 	/System/Library/PrivateFrameworks/caulk.framework/Versions/A/caulk
0x00000001a011d000 	/System/Library/PrivateFrameworks/AudioToolboxCore.framework/Versions/A/AudioToolboxCore
0x00000001ba042000 	/System/Library/Frameworks/CoreMIDI.framework/Versions/A/CoreMIDI
0x00000001af9da000 	/System/Library/PrivateFrameworks/AudioSession.framework/Versions/A/AudioSession
0x00000001b12dd000 	/System/Library/Frameworks/IOBluetooth.framework/Versions/A/IOBluetooth
0x00000001ad75a000 	/System/Library/PrivateFrameworks/MediaExperience.framework/Versions/A/MediaExperience
0x0000000278609000 	/System/Library/PrivateFrameworks/Tightbeam.framework/Versions/A/Tightbeam
0x000000024c4f0000 	/System/Library/PrivateFrameworks/CoreAudioOrchestration.framework/Versions/A/CoreAudioOrchestration
0x00000001dd602000 	/System/Library/PrivateFrameworks/AFKUser.framework/Versions/A/AFKUser
0x00000001c6947000 	/usr/lib/swift/libswiftCoreAudio.dylib
0x00000001ad87a000 	/System/Library/PrivateFrameworks/AppServerSupport.framework/Versions/A/AppServerSupport
0x00000001afe45000 	/System/Library/PrivateFrameworks/perfdata.framework/Versions/A/perfdata
0x00000001c5afb000 	/System/Library/PrivateFrameworks/SystemPolicy.framework/Versions/A/SystemPolicy
0x00000001afce6000 	/usr/lib/libSMC.dylib
0x00000001ae1d8000 	/usr/lib/libAudioToolboxUtility.dylib
0x00000001afe53000 	/usr/lib/libperfcheck.dylib
0x0000000248417000 	/System/Library/PrivateFrameworks/AudioAnalytics.framework/Versions/A/AudioAnalytics
0x00000001ea114000 	/System/Library/Frameworks/OSLog.framework/Versions/A/OSLog
0x00000001c690e000 	/usr/lib/libmis.dylib
0x00000001af7e8000 	/System/Library/PrivateFrameworks/AudioSession.framework/libSessionUtility.dylib
0x00000001ae329000 	/System/Library/PrivateFrameworks/CMCaptureCore.framework/Versions/A/CMCaptureCore
0x00000001ffafb000 	/System/Library/Frameworks/ExtensionFoundation.framework/Versions/A/ExtensionFoundation
0x00000001b5a16000 	/System/Library/PrivateFrameworks/CoreTime.framework/Versions/A/CoreTime
0x00000001ad554000 	/System/Library/PrivateFrameworks/PlugInKit.framework/Versions/A/PlugInKit
0x00000001b453d000 	/System/Library/Frameworks/CoreBluetooth.framework/Versions/A/CoreBluetooth
0x00000001b7d4d000 	/System/Library/Frameworks/AudioUnit.framework/Versions/A/AudioUnit
0x00000001aada6000 	/System/Library/PrivateFrameworks/CoreUtils.framework/Versions/A/CoreUtils
0x000000024f4a3000 	/System/Library/PrivateFrameworks/CoreUtilsExtras.framework/Versions/A/CoreUtilsExtras
0x00000001b3976000 	/System/Library/Frameworks/MediaAccessibility.framework/Versions/A/MediaAccessibility
0x00000001cef65000 	/System/Library/PrivateFrameworks/AttributeGraph.framework/Versions/A/AttributeGraph
0x0000000284cf7000 	/usr/lib/libAXSafeCategoryBundle.dylib
0x00000001c02eb000 	/usr/lib/libAccessibility.dylib
0x00000001aabf0000 	/System/Library/Frameworks/Accelerate.framework/Versions/A/Frameworks/vecLib.framework/Versions/A/libvDSP.dylib
0x00000001abf59000 	/System/Library/Frameworks/Accelerate.framework/Versions/A/Frameworks/vecLib.framework/Versions/A/libLAPACK.dylib
0x00000001ab0b6000 	/System/Library/Frameworks/Accelerate.framework/Versions/A/Frameworks/vecLib.framework/Versions/A/libLinearAlgebra.dylib
0x00000001abe54000 	/System/Library/Frameworks/Accelerate.framework/Versions/A/Frameworks/vecLib.framework/Versions/A/libSparseBLAS.dylib
0x00000001abf54000 	/System/Library/Frameworks/Accelerate.framework/Versions/A/Frameworks/vecLib.framework/Versions/A/libQuadrature.dylib
0x00000001aa143000 	/System/Library/Frameworks/Accelerate.framework/Versions/A/Frameworks/vecLib.framework/Versions/A/libBNNS.dylib
0x000000019ebbe000 	/System/Library/Frameworks/Accelerate.framework/Versions/A/Frameworks/vecLib.framework/Versions/A/libSparse.dylib
0x000000025fc76000 	/System/Library/PrivateFrameworks/MIL.framework/Versions/A/MIL
0x00000001ae2bc000 	/System/Library/PrivateFrameworks/GPUWrangler.framework/Versions/A/GPUWrangler
0x00000001ae29c000 	/System/Library/PrivateFrameworks/IOPresentment.framework/Versions/A/IOPresentment
0x00000001ae2c4000 	/System/Library/PrivateFrameworks/DSExternalDisplay.framework/Versions/A/DSExternalDisplay
0x00000001ea51b000 	/System/Library/PrivateFrameworks/HIDDisplay.framework/Versions/A/HIDDisplay
0x00000001bf509000 	/System/Library/PrivateFrameworks/HID.framework/Versions/A/HID
0x000000027be4b000 	/System/Library/PrivateFrameworks/VideoToolboxParavirtualizationSupport.framework/Versions/A/VideoToolboxParavirtualizationSupport
0x00000001ad60c000 	/System/Library/PrivateFrameworks/AppleVA.framework/Versions/A/AppleVA
0x00000001b5585000 	/System/Library/PrivateFrameworks/GraphicsServices.framework/Versions/A/GraphicsServices
0x00000001b0037000 	/System/Library/PrivateFrameworks/CorePhoneNumbers.framework/Versions/A/CorePhoneNumbers
0x00000001b4725000 	/System/Library/PrivateFrameworks/MediaKit.framework/Versions/A/MediaKit
0x00000001b4670000 	/System/Library/Frameworks/DiscRecording.framework/Versions/A/DiscRecording
0x00000001afe26000 	/System/Library/PrivateFrameworks/NetAuth.framework/Versions/A/NetAuth
0x00000001a73f4000 	/System/Library/PrivateFrameworks/login.framework/Versions/A/Frameworks/loginsupport.framework/Versions/A/loginsupport
0x00000001ad67a000 	/System/Library/PrivateFrameworks/IconFoundation.framework/Versions/A/IconFoundation
0x00000001ad3f7000 	/usr/lib/libIOReport.dylib
0x0000000248027000 	/System/Library/PrivateFrameworks/AppleMobileFileIntegrity.framework/Versions/A/AppleMobileFileIntegrity
0x00000002850b9000 	/usr/lib/libTLE.dylib
0x00000001faf28000 	/System/Library/PrivateFrameworks/ConfigProfileHelper.framework/Versions/A/ConfigProfileHelper
0x00000001ab053000 	/usr/lib/libmecab.dylib
0x000000019ed4e000 	/usr/lib/libCRFSuite.dylib
0x00000001aa01f000 	/System/Library/PrivateFrameworks/CoreNLP.framework/Versions/A/CoreNLP
0x00000001abe0c000 	/usr/lib/libThaiTokenizer.dylib
0x00000001ab01d000 	/usr/lib/libCheckFix.dylib
0x00000001a6636000 	/System/Library/PrivateFrameworks/MetadataUtilities.framework/Versions/A/MetadataUtilities
0x000000025b4aa000 	/System/Library/PrivateFrameworks/InstalledContentLibrary.framework/Versions/A/InstalledContentLibrary
0x00000001a1836000 	/System/Library/PrivateFrameworks/CoreServicesStore.framework/Versions/A/CoreServicesStore
0x00000001d8dd4000 	/System/Library/PrivateFrameworks/MobileSystemServices.framework/Versions/A/MobileSystemServices
0x00000001ad2b8000 	/usr/lib/libxslt.1.dylib
0x00000001aafe0000 	/System/Library/PrivateFrameworks/BackgroundTaskManagement.framework/Versions/A/BackgroundTaskManagement
0x00000001b74ac000 	/usr/lib/libcurl.4.dylib
0x00000002852ed000 	/usr/lib/libcrypto.46.dylib
0x0000000285e17000 	/usr/lib/libssl.48.dylib
0x00000001b7184000 	/System/Library/Frameworks/LDAP.framework/Versions/A/LDAP
0x00000001b71c0000 	/System/Library/PrivateFrameworks/TrustEvaluationAgent.framework/Versions/A/TrustEvaluationAgent
0x00000001afae4000 	/usr/lib/libsasl2.2.dylib
0x00000001c3cd0000 	/usr/lib/swift/libswiftCoreGraphics.dylib
0x00000001b3fa5000 	/usr/lib/swift/libswiftFoundation.dylib
0x00000001fa9b2000 	/usr/lib/swift/libswiftSwiftOnoneSupport.dylib
0x00000001e67c7000 	/System/Library/PrivateFrameworks/CoreMaterial.framework/Versions/A/CoreMaterial
0x000000026c6b0000 	/System/Library/PrivateFrameworks/SFSymbols.framework/Versions/A/SFSymbols
0x00000001b3270000 	/System/Library/PrivateFrameworks/SpeechRecognitionCore.framework/Versions/A/SpeechRecognitionCore
0x000000010445c000 	/Users/aliehsaeedi/Library/Java/JavaVirtualMachines/corretto-17.0.13/Contents/Home/lib/server/libjvm.dylib
0x0000000102fb0000 	/Users/aliehsaeedi/Library/Java/JavaVirtualMachines/corretto-17.0.13/Contents/Home/lib/libjimage.dylib
0x000000010300c000 	/Users/aliehsaeedi/Library/Java/JavaVirtualMachines/corretto-17.0.13/Contents/Home/lib/libjdwp.dylib
0x0000000103054000 	/Users/aliehsaeedi/Library/Java/JavaVirtualMachines/corretto-17.0.13/Contents/Home/lib/libjava.dylib
0x0000000102fdc000 	/Users/aliehsaeedi/Library/Java/JavaVirtualMachines/corretto-17.0.13/Contents/Home/lib/libinstrument.dylib
0x00000001030f0000 	/Users/aliehsaeedi/Library/Java/JavaVirtualMachines/corretto-17.0.13/Contents/Home/lib/libzip.dylib
0x0000000284ce9000 	/usr/lib/i18n/libiconv_std.dylib
0x0000000284cdf000 	/usr/lib/i18n/libUTF8.dylib
0x0000000284cee000 	/usr/lib/i18n/libmapper_none.dylib
0x00000001030dc000 	/Users/aliehsaeedi/Library/Java/JavaVirtualMachines/corretto-17.0.13/Contents/Home/lib/libdt_socket.dylib
0x000000010335c000 	/Users/aliehsaeedi/Library/Java/JavaVirtualMachines/corretto-17.0.13/Contents/Home/lib/libnio.dylib
0x0000000103420000 	/Users/aliehsaeedi/Library/Java/JavaVirtualMachines/corretto-17.0.13/Contents/Home/lib/libnet.dylib
0x000000010337c000 	/Users/aliehsaeedi/Library/Java/JavaVirtualMachines/corretto-17.0.13/Contents/Home/lib/libverify.dylib
0x000000010333c000 	/Users/aliehsaeedi/Library/Java/JavaVirtualMachines/corretto-17.0.13/Contents/Home/lib/libmanagement.dylib
0x0000000103398000 	/Users/aliehsaeedi/Library/Java/JavaVirtualMachines/corretto-17.0.13/Contents/Home/lib/libmanagement_ext.dylib
0x000000014a908000 	/private/var/folders/d_/n8z51h9d50j_xycm188cfhcc0000gp/T/librocksdbjni2096419112503733867.jnilib


VM Arguments:
jvm_args: -agentlib:jdwp=transport=dt_socket,address=127.0.0.1:63327,suspend=y,server=n -ea -Didea.test.cyclic.buffer.size=1048576 -javaagent:/Users/aliehsaeedi/Library/Caches/JetBrains/IntelliJIdea2024.2/captureAgent/debugger-agent.jar=file:/private/var/folders/d_/n8z51h9d50j_xycm188cfhcc0000gp/T/capture.props -Dkotlinx.coroutines.debug.enable.creation.stack.trace=false -Ddebugger.agent.enable.coroutines=true -Dfile.encoding=UTF-8 
java_command: com.intellij.rt.junit.JUnitStarter -ideVersion5 -junit5 org.apache.kafka.streams.state.internals.RocksDBTimestampedStoreWithHeadersTest,shouldMigrateFromTimestampedToHeadersAwareColumnFamily
java_class_path (initial): /Applications/IntelliJ IDEA.app/Contents/lib/idea_rt.jar:/Applications/IntelliJ IDEA.app/Contents/plugins/junit/lib/junit5-rt.jar:/Applications/IntelliJ IDEA.app/Contents/plugins/junit/lib/junit-rt.jar:/Users/aliehsaeedi/IdeaProjects/MyAK/streams/build/classes/java/test:/Users/aliehsaeedi/IdeaProjects/MyAK/streams/build/resources/test:/Users/aliehsaeedi/IdeaProjects/MyAK/clients/build/classes/java/test:/Users/aliehsaeedi/IdeaProjects/MyAK/clients/build/resources/test:/Users/aliehsaeedi/IdeaProjects/MyAK/streams/test-utils/build/classes/java/main:/Users/aliehsaeedi/IdeaProjects/MyAK/clients/build/classes/java/main:/Users/aliehsaeedi/IdeaProjects/MyAK/clients/build/resources/main:/Users/aliehsaeedi/IdeaProjects/MyAK/clients/build/libs/kafka-clients-4.3.0-SNAPSHOT.jar:/Users/aliehsaeedi/.gradle/caches/modules-2/files-2.1/org.rocksdb/rocksdbjni/10.1.3/46a1e0a0f175508717976971fc6a9e189f5dc0b1/rocksdbjni-10.1.3.jar:/Users/aliehsaeedi/.gradle/caches/modules-2/files-2.1/com.fasterxml.jackson.dataformat/jackson-dataformat-yaml/2.20.1/e6da043059c9ec631a3429ded461d5d92f240c3f/jackson-dataformat-yaml-2.20.1.jar:/Users/aliehsaeedi/.gradle/caches/modules-2/files-2.1/com.fasterxml.jackson.core/jackson-databind/2.20.1/9586a7fe0e1775de0e54237fa6a2c8455c93ac06/jackson-databind-2.20.1.jar:/Users/aliehsaeedi/.gradle/caches/modules-2/files-2.1/com.fasterxml.jackson.core/jackson-annotations/2.20/6a5e7291ea3f2b590a7ce400adb7b3aea4d7e12c/jackson-annotations-2.20.jar:/Users/aliehsaeedi/.gradle/caches/modules-2/files-2.1/biz.aQute.bnd/biz.aQute.bndlib/7.1.0/8cb7c6b6ff0e1daaac0da7a74e4f6e70a34334eb/biz.aQute.bndlib-7.1.0.jar:/Users/aliehsaeedi/.gradle/caches/modules-2/files-2.1/org.apache.logging.log4j/log4j-slf4j-impl/2.25.3/4a173925524d8f6c3f39ae8954ee348e8244afd7/log4j-slf4j-impl-2.25.3.jar:/Users/aliehsaeedi/.gradle/caches/modules-2/files-2.1/org.slf4j/slf4j-api/1.7.36/6c62681a2f655b49963a5983b8b0950a6120ae14/slf4j-api-1.7.36.jar:/Users/aliehsaeedi/.gradle/cac
Launcher Type: SUN_STANDARD

[Global flags]
     intx CICompilerCount                          = 4                                         {product} {ergonomic}
     uint ConcGCThreads                            = 3                                         {product} {ergonomic}
     uint G1ConcRefinementThreads                  = 10                                        {product} {ergonomic}
   size_t G1HeapRegionSize                         = 8388608                                   {product} {ergonomic}
    uintx GCDrainStackTargetSize                   = 64                                        {product} {ergonomic}
   size_t InitialHeapSize                          = 603979776                                 {product} {ergonomic}
   size_t MarkStackSize                            = 4194304                                   {product} {ergonomic}
   size_t MaxHeapSize                              = 9663676416                                {product} {ergonomic}
   size_t MaxNewSize                               = 5796528128                                {product} {ergonomic}
   size_t MinHeapDeltaBytes                        = 8388608                                   {product} {ergonomic}
   size_t MinHeapSize                              = 8388608                                   {product} {ergonomic}
    uintx NonNMethodCodeHeapSize                   = 5839564                                {pd product} {ergonomic}
    uintx NonProfiledCodeHeapSize                  = 122909338                              {pd product} {ergonomic}
    uintx ProfiledCodeHeapSize                     = 122909338                              {pd product} {ergonomic}
    uintx ReservedCodeCacheSize                    = 251658240                              {pd product} {ergonomic}
     bool SegmentedCodeCache                       = true                                      {product} {ergonomic}
   size_t SoftMaxHeapSize                          = 9663676416                             {manageable} {ergonomic}
     bool UseCompressedClassPointers               = true                           {product lp64_product} {ergonomic}
     bool UseCompressedOops                        = true                           {product lp64_product} {ergonomic}
     bool UseG1GC                                  = true                                      {product} {ergonomic}
     bool UseNUMA                                  = false                                     {product} {ergonomic}
     bool UseNUMAInterleaving                      = false                                     {product} {ergonomic}

Logging:
Log output configuration:
 #0: stdout all=warning uptime,level,tags
 #1: stderr all=off uptime,level,tags

Environment Variables:
PATH=/Users/aliehsaeedi/bin:/Users/aliehsaeedi/bin:/Users/aliehsaeedi/.pyenv/shims:/Users/aliehsaeedi/.pyenv/bin:/Users/aliehsaeedi/.pyenv/bin:/opt/homebrew/share/google-cloud-sdk/bin:/opt/homebrew/bin:/opt/homebrew/sbin:/usr/local/libexec/airlock-agent:/usr/local/bin:/System/Cryptexes/App/usr/bin:/usr/bin:/bin:/usr/sbin:/sbin:/var/run/com.apple.security.cryptexd/codex.system/bootstrap/usr/local/bin:/var/run/com.apple.security.cryptexd/codex.system/bootstrap/usr/bin:/var/run/com.apple.security.cryptexd/codex.system/bootstrap/usr/appleinternal/bin:/Users/aliehsaeedi/Library/Application Support/JetBrains/Toolbox/scripts:/Users/aliehsaeedi/.local/bin:/Users/aliehsaeedi/.cc-dotfiles/bin/access-ga:/Users/aliehsaeedi/.cc-dotfiles/bin/shoreline-ga:/Users/aliehsaeedi/.cc-dotfiles/bin/cloud-ga:/Users/aliehsaeedi/.cc-dotfiles/bin/connect-ga:/Users/aliehsaeedi/.cc-dotfiles/bin/k8saas-ga:/Users/aliehsaeedi/.cc-dotfiles/bin/devprod-ga:/Users/aliehsaeedi/.cc-dotfiles/bin/traffic-ga:/Users/aliehsaeedi/.cc-dotfiles/bin/ksql-ga:/Users/aliehsaeedi/.cc-dotfiles/bin/orchestrator-ga:/Users/aliehsaeedi/.cc-dotfiles/bin/kafka-ga:/Users/aliehsaeedi/git/go/src/github.com/confluentinc/halyard/bin:/Users/aliehsaeedi/.local/bin
SHELL=/bin/zsh
LC_CTYPE=en_US.UTF-8
TMPDIR=/var/folders/d_/n8z51h9d50j_xycm188cfhcc0000gp/T/

Active Locale:
LC_ALL=C/en_US.UTF-8/C/C/C/C
LC_COLLATE=C
LC_CTYPE=en_US.UTF-8
LC_MESSAGES=C
LC_MONETARY=C
LC_NUMERIC=C
LC_TIME=C

Signal Handlers:
   SIGSEGV: crash_handler in libjvm.dylib, mask=11100110000111110111111111111111, flags=SA_RESTART|SA_SIGINFO, unblocked
    SIGBUS: crash_handler in libjvm.dylib, mask=11100110000111110111111111111111, flags=SA_RESTART|SA_SIGINFO, unblocked
    SIGFPE: crash_handler in libjvm.dylib, mask=11100110000111110111111111111111, flags=SA_RESTART|SA_SIGINFO, unblocked
   SIGPIPE: javaSignalHandler in libjvm.dylib, mask=11100110000111110111111111111111, flags=SA_RESTART|SA_SIGINFO, blocked
   SIGXFSZ: javaSignalHandler in libjvm.dylib, mask=11100110000111110111111111111111, flags=SA_RESTART|SA_SIGINFO, blocked
    SIGILL: crash_handler in libjvm.dylib, mask=11100110000111110111111111111111, flags=SA_RESTART|SA_SIGINFO, unblocked
   SIGUSR2: SR_handler in libjvm.dylib, mask=00000000000000000000000000000000, flags=SA_RESTART|SA_SIGINFO, blocked
    SIGHUP: UserHandler in libjvm.dylib, mask=11100110000111110111111111111111, flags=SA_RESTART|SA_SIGINFO, blocked
    SIGINT: UserHandler in libjvm.dylib, mask=11100110000111110111111111111111, flags=SA_RESTART|SA_SIGINFO, blocked
   SIGTERM: UserHandler in libjvm.dylib, mask=11100110000111110111111111111111, flags=SA_RESTART|SA_SIGINFO, blocked
   SIGQUIT: UserHandler in libjvm.dylib, mask=11100110000111110111111111111111, flags=SA_RESTART|SA_SIGINFO, blocked
   SIGTRAP: crash_handler in libjvm.dylib, mask=11100110000111110111111111111111, flags=SA_RESTART|SA_SIGINFO, unblocked


Periodic native trim disabled


---------------  S Y S T E M  ---------------

OS:
uname: Darwin 24.6.0 Darwin Kernel Version 24.6.0: Wed Nov  5 21:33:32 PST 2025; root:xnu-11417.140.69.705.2~1/RELEASE_ARM64_T6030 arm64
OS uptime: 0 days 10:00 hours
rlimit (soft/hard): STACK 8176k/65520k , CORE 0k/infinity , NPROC 6000/9000 , NOFILE 2147483647/infinity , AS infinity/infinity , CPU infinity/infinity , DATA infinity/infinity , FSIZE infinity/infinity , MEMLOCK infinity/infinity , RSS infinity/infinity
load average: 2.56 2.65 2.57

CPU: total 12 (initial active 12) 0x61:0x0:0x5f4dea93:0, fp, simd, crc, lse
machdep.cpu.brand_string:Apple M3 Pro
hw.cachelinesize:128
hw.l1icachesize:131072
hw.l1dcachesize:65536
hw.l2cachesize:4194304

Memory: 16k page, physical 37748736k(583392k free), swap 0k(0k free)

vm_info: OpenJDK 64-Bit Server VM (17.0.13+11-LTS) for bsd-aarch64 JRE (17.0.13+11-LTS), built on Oct 10 2024 19:36:04 by "ec2user" with clang Apple LLVM 14.0.0 (clang-1400.0.29.202)

END.
